Id,department,in_degree,out_degree,degree,eccentricity,closeness,harmonic_closeness,betweenness,hub,authority,pagerank,eigenvector,clustering_directed,clustering_undirected,wcc,scc,louvain_community,greedy_modularity_community,label_propagation_community
0,1,31,40,71,4,0.3400990768435882,0.365405046480741,0.0015379486160766534,0.0011712444143464516,0.0008473428006545664,0.0013833339484708236,0.017773260921802845,0.25264657980456023,0.2764227642276423,0,0,11,1,0
1,1,50,0,50,0,0.3529061520044625,0.3832171314741009,0.0,-0.0,0.001727572552572286,0.0016651031667359573,0.03268171743854738,0.21836734693877552,0.2653061224489796,0,1,11,1,0
2,21,76,83,159,4,0.36746337038272747,0.4042994687914981,0.0058099630876901585,0.0031146159380969693,0.002765051934752257,0.0023046976509853165,0.05434567094225615,0.2909163665466186,0.2978027115474521,0,0,26,0,0
3,21,61,55,116,5,0.35939806086147913,0.39251328021248083,0.001525985390833924,0.00247625542582466,0.0027174261363827486,0.0018832435421298143,0.05474926443021367,0.3831345311792239,0.38491048593350385,0,0,26,0,0
4,21,73,88,161,4,0.3703009253663779,0.40579349269588066,0.005195588745164642,0.0038742724737052254,0.003167411704956179,0.002681994154263807,0.06358231397200803,0.3036759541091079,0.31869137497140243,0,0,26,0,0
5,25,123,155,278,4,0.4076233015720966,0.4493691899070369,0.026984804243671952,0.005051048306085937,0.0038874899985860837,0.005122296407362038,0.08008739451120657,0.1021123092149815,0.10700197238658778,0,0,26,0,0
6,25,92,108,200,4,0.3900962101622563,0.4268758300132782,0.01263418606426239,0.0034548056712813357,0.002486753282230803,0.0032206718723993416,0.054349286196972386,0.14720133245848685,0.15518331226295828,0,0,26,1,0
7,14,48,66,114,5,0.33992687477936356,0.37118193891101997,0.0029559480682336075,0.0014728361487970649,0.0010408834437531465,0.0021610488930019194,0.02176404480594465,0.2698139753009223,0.28778467908902694,0,0,1,3,0
8,14,33,27,60,5,0.33975484700872627,0.36595285524568116,0.0007501980829180883,0.0007077933321900372,0.0009368752322568158,0.001331537001712512,0.018658423538201734,0.4220630372492837,0.4470588235294118,0,0,1,3,0
9,14,26,32,58,5,0.285076678424307,0.30717131474103554,0.00047756563499033267,0.0003901423121774208,0.00028661621224573564,0.0013169968804611055,0.006166702338895826,0.36650336803429273,0.42532005689900426,0,0,1,3,0
10,9,41,34,75,4,0.36016930133543085,0.3864541832669296,0.0011768217706920802,0.0016543757410605643,0.0018399525999527678,0.0014766438453714722,0.03378143870617844,0.2693847834000728,0.3154486586493987,0,0,11,0,0
11,14,61,71,132,4,0.36016930133543085,0.3930112881806085,0.005079904996539893,0.0020624474369709133,0.0015306313650376732,0.002517404471288188,0.03363196073801985,0.19340940847694457,0.22917437985931136,0,0,1,3,0
12,14,45,49,94,4,0.3554026350922409,0.38354913678618574,0.004528243989941226,0.0014565884591997151,0.0016818442134978284,0.001781588769673062,0.03138341480303462,0.28444495730440805,0.3025974025974026,0,0,1,3,0
13,26,60,171,231,4,0.37009679034688153,0.4008964143426274,0.010797965523745076,0.005386229481712644,0.002376033357175426,0.002399173812171656,0.049517883902496146,0.10448098974049487,0.11089951120421507,0,0,0,1,0
14,4,54,72,126,4,0.363091172357622,0.3932602921646721,0.003357467680142029,0.0022833624133738934,0.001623683026226652,0.0018709152829615612,0.0347362875576477,0.20365401814232784,0.21578421578421578,0,0,27,1,0
15,17,44,36,80,4,0.3496643633798141,0.37848605577688993,0.0021769619098603366,0.0014287025309210706,0.0015363915456577406,0.0017224535471892927,0.030862929823515545,0.3311501597444089,0.3526530612244898,0,0,14,2,0
16,34,68,47,115,4,0.37568862769403644,0.4079515272244332,0.0011329826695979635,0.0027730937207881695,0.003084841511731089,0.0022448522183067194,0.06632329457187702,0.2687288916180534,0.28470936690114773,0,0,3,0,0
17,1,60,105,165,4,0.3617217552204973,0.39417330677290535,0.0048064130837952735,0.00460515271252688,0.0026107138513508953,0.002098815511575529,0.04791940624972312,0.24287516698827372,0.28593272171253825,0,0,11,1,0
18,1,45,41,86,4,0.35978326778630393,0.38753320053120566,0.0022782725089710693,0.0018848621351929694,0.0019965847856854473,0.0014421905302900314,0.036486452755396095,0.26428374275462324,0.30118798043326345,0,0,11,1,0
19,14,61,57,118,4,0.36806775092612015,0.3995683930942868,0.0041991844238619454,0.0021053318569887445,0.0023264819438657907,0.0023207725771326832,0.04554523184305218,0.24930707512764405,0.28322981366459626,0,0,1,3,0
20,9,63,53,116,4,0.37132498765997957,0.4028054448871158,0.0035606981505280203,0.002425947734194514,0.002609764279569756,0.0024263371479036327,0.05042341193008915,0.2505282221551464,0.28482003129890454,0,0,11,0,0
21,9,110,128,238,4,0.4022501963386717,0.4413180610889756,0.012649398528524305,0.006196725403644127,0.004707078830949331,0.004158133914486845,0.09488045885920338,0.2062382121632682,0.24803921568627452,0,0,11,0,0
22,9,12,13,25,5,0.31284043694745717,0.33250332005311956,8.844709187471804e-05,0.0005117319204423915,0.00041224231440440545,0.0005789446601189125,0.008844612072991006,0.3888888888888889,0.38461538461538464,0,0,11,0,0
23,11,67,63,130,4,0.36948573345583,0.4028884462151368,0.0029569832741310497,0.002891669183898088,0.0032255796046714177,0.0023058354217513764,0.06190809464228886,0.3158147348212143,0.3427458617332035,0,0,0,2,0
24,11,25,36,61,4,0.3289346289511235,0.35275564409030336,0.0011640216612631407,0.0011515792426648906,0.0008817882825532473,0.001107085977295511,0.020165570639453213,0.37050359712230213,0.38549075391180654,0,0,0,2,0
25,11,32,18,50,4,0.34113596427298937,0.3671148738379786,0.00023433930227302857,0.0005801029625396582,0.0011176339020158392,0.0013314393807785777,0.023032089274596584,0.3758278145695364,0.48295454545454547,0,0,0,2,0
26,11,29,22,51,5,0.3020043084522011,0.3269754316069047,0.00011886437984594752,0.0005999120378921421,0.0007387986060144435,0.0011319267767963205,0.01634771056623637,0.47533810660302306,0.5208333333333334,0,0,0,2,0
27,11,50,44,94,4,0.3464167067539954,0.37765604249667706,0.0018199660739655176,0.001361413273508233,0.0016763596961273095,0.0018553250286021832,0.033969784716382394,0.3397879207007838,0.36885245901639346,0,0,0,2,0
28,11,95,77,172,4,0.3932955932567329,0.43002988047808566,0.00548144894212504,0.004058301982525663,0.004780607615052036,0.0032595977102715507,0.09620995093489883,0.30347748855639817,0.34475537787930705,0,0,0,0,0
29,11,47,45,92,4,0.35824737336672524,0.38711819389109975,0.001276849715384717,0.0016948390975862495,0.0018633082847540185,0.0016921890845881015,0.03737255315184882,0.33481927710843373,0.3935064935064935,0,0,0,2,0
30,11,54,56,110,4,0.3646689721288664,0.3948373173970757,0.0021719117330587004,0.0025730107723925684,0.0025611953728449793,0.0019506072650453806,0.05234765564661186,0.3666610653671652,0.4027972027972028,0,0,0,2,0
31,11,38,42,80,4,0.340962710862998,0.3687749003984038,0.0004385564337422742,0.001983206987056791,0.0017771388537874252,0.0012808169870008818,0.03458657599779288,0.38235294117647056,0.4122340425531915,0,0,0,2,0
32,11,31,22,53,4,0.315634968354134,0.3419654714475412,0.00012094758871778954,0.0007641048087660849,0.0009744487892747884,0.0011554812418968904,0.021102946825323182,0.5117820324005891,0.5473484848484849,0,0,0,2,0
33,11,23,18,41,4,0.31313226571326636,0.33623837981407534,0.00014181231590066725,0.0006330469117958058,0.0007729654518059408,0.0008661895766522496,0.015713105596391816,0.5830235439900867,0.5793650793650794,0,0,0,2,0
34,11,22,25,47,4,0.3068352731669301,0.3294156706507295,0.00014547199730437162,0.0008347201890068253,0.0005909106873157423,0.000985769752882389,0.014479524237072347,0.5790216368767639,0.6379310344827587,0,0,0,2,0
35,11,52,43,95,4,0.36506556698708165,0.3943393094289484,0.001657960205154744,0.0019737635977426483,0.0023127921340784932,0.0019059292436120982,0.04775146563123199,0.36548452676756266,0.41228070175438597,0,0,0,2,0
36,11,42,19,61,4,0.3569141827162377,0.3842961487383775,0.0002270503168466949,0.0010603114847182362,0.0020821296439037305,0.0014934522163660602,0.04063490683681697,0.4318432671081678,0.46511627906976744,0,0,0,2,0
37,11,21,31,52,4,0.3113894145126359,0.33408034528552305,0.00024025422986940248,0.0008778162579837954,0.0005972252743572611,0.0008631488488853968,0.01269076861668857,0.42857142857142855,0.43025210084033616,0,0,0,2,0
38,11,28,40,68,5,0.32370085713078256,0.3489375830013257,0.0015391850402530763,0.0012457802855648026,0.0008888504196128169,0.0010364384939716116,0.01884151833113528,0.3762749445676275,0.39595959595959596,0,0,0,2,0
39,11,32,15,47,5,0.31817799890485454,0.3451195219123487,0.00012253526247655623,0.000644919475622004,0.0010638060837809822,0.001095867511456248,0.020923601245993094,0.4288389513108614,0.48128342245989303,0,0,0,2,0
40,11,47,52,99,4,0.33821439682077736,0.3694389110225737,0.0014083297964599228,0.0012379257499532056,0.0013008841101175889,0.001822561660925716,0.027428384868743164,0.29625779625779625,0.3605565638233515,0,0,0,2,0
41,5,65,73,138,4,0.3790827654936438,0.4096115537848583,0.0030300947187469228,0.003430977957735488,0.0032856795273252717,0.002058824116958258,0.06273177345583011,0.2696724797958316,0.30771195097037796,0,0,27,1,0
42,34,49,66,115,4,0.3698928802695554,0.3969953519256284,0.0010905842032282414,0.0037183321116944995,0.00256121068106728,0.0015639550871753409,0.05157167512567791,0.3012436665131276,0.3314307458143075,0,0,3,1,0
43,14,10,7,17,5,0.2760508131945901,0.29146746347941616,1.7068123045355023e-05,0.0001331322989454357,0.00011818590826448974,0.0005949272213875093,0.0029308941533627425,0.5648854961832062,0.5909090909090909,0,0,1,3,0
44,14,91,82,173,4,0.38784262142648357,0.4248007968127469,0.011807492994911283,0.003115697342411699,0.0038916958761394398,0.003446450090410701,0.07598362396107179,0.22449186305624957,0.25,0,0,1,3,0
45,17,37,37,74,5,0.34044400491340926,0.3680278884462126,0.0015682358791597197,0.0013173994172567742,0.0015591954656774712,0.0013495008454810645,0.030163124044515977,0.3668163112607557,0.3710144927536232,0,0,14,0,0
46,17,67,48,115,4,0.36968919476279904,0.4029714475431584,0.0021715630433751945,0.002464998929501074,0.00319929528120918,0.0021471041695903153,0.06322391390614676,0.34810320995238825,0.3907444668008048,0,0,14,0,0
47,10,46,36,82,4,0.3557793204500493,0.38454515272244094,0.0008368947350686399,0.001445555211542166,0.0016927195224014108,0.0015259619623557738,0.03292099369920731,0.3524939172749392,0.41241496598639454,0,0,0,2,0
48,10,45,50,95,4,0.33022901017670586,0.3612217795484707,0.0019177338040683807,0.0018208986003270934,0.0012807374005222236,0.0018230895126897097,0.02640215305926647,0.29026428732776144,0.3283208020050125,0,0,0,2,0
49,36,12,9,21,4,0.29164012931765554,0.3089641434262946,0.00021904789775917027,0.0002832814885918861,0.00030360052914746267,0.000849283215286332,0.0062160384523906615,0.4158415841584158,0.47435897435897434,0,0,3,0,0
50,37,14,11,25,4,0.2991780649239051,0.31834329349269497,0.00015202052683278437,0.0002948206344369015,0.0004252378368599819,0.0010552654345538561,0.008111367985105752,0.42931034482758623,0.5047619047619047,0,0,3,0,0
51,5,61,47,108,4,0.37153048018220425,0.4024734395750307,0.0029949453517681495,0.0019636032830726803,0.0022399148007833324,0.002320017630385735,0.0462497327047622,0.2490848875719017,0.276797829036635,0,0,27,1,0
52,7,17,23,40,4,0.3190853506127581,0.3402556440903037,0.0016672599912973944,0.0005838242421144659,0.00048014045373987466,0.0007646811344125391,0.010356420468617815,0.18455497382198952,0.2210144927536232,0,0,2,1,0
53,4,27,31,58,4,0.3478526309270689,0.3709329349269563,0.0005893712412100187,0.0011470579864890848,0.0011888785507805423,0.0009274954653587886,0.022850427690835902,0.2941896024464832,0.30256410256410254,0,0,27,1,0
54,22,41,47,88,4,0.33787396964732913,0.366782868525894,0.00044871013772699935,0.0018832981812522596,0.001620455410957388,0.0013121796581328097,0.033161714511339035,0.5007917656373714,0.5255102040816326,0,0,26,0,0
55,22,34,35,69,5,0.33992687477936356,0.3659528552456816,0.0011731330431654122,0.001458941683916138,0.001397218791096532,0.001082257789087205,0.027619949227877895,0.5371009490940466,0.5426829268292683,0,0,26,0,0
56,21,38,40,78,4,0.3289346289511235,0.3572377158034507,0.0003466715107247475,0.0013956440687110476,0.0014288344968524564,0.0012425912313849016,0.028154569044702947,0.5304611242006059,0.5516908212560386,0,0,26,0,0
57,21,53,59,112,4,0.34481539686144996,0.37707503320052865,0.0018797339394578151,0.00213701252719387,0.0018986427116687644,0.0018355359885424386,0.03862016889856305,0.42162425028367645,0.4153846153846154,0,0,26,0,0
58,21,102,114,216,4,0.39032301028444366,0.43036188579017054,0.007339069355930423,0.005377361003127334,0.004537161962240444,0.0031031834512092477,0.08867271901263214,0.2781909373919059,0.2942564909520063,0,0,26,0,0
59,21,45,43,88,4,0.3330136794093468,0.3632138114209804,0.0008965673808674853,0.0015689240858872283,0.0014593694636345364,0.0014493492507981899,0.029990689224697713,0.5106831970456344,0.52,0,0,26,0,0
60,7,38,51,89,4,0.32511165989793855,0.35341965471447306,0.0011060656048689336,0.0012565788072825726,0.0008695586160449472,0.0016293478102693297,0.01858129218542543,0.3525773195876289,0.4020319303338171,0,0,2,1,0
61,7,54,62,116,5,0.35805630810092964,0.38927622841965176,0.0047432704964176136,0.0015101492444843957,0.001259214885968176,0.002599317410643795,0.026821765515570216,0.23939302430922543,0.27408354646206307,0,0,2,1,0
62,36,178,189,367,4,0.4367960817756949,0.48539176626825903,0.02451110558180135,0.00824636999501318,0.006652575361369396,0.005896687012296233,0.1398989291234652,0.1372298829990449,0.15203369751217585,0,0,3,0,0
63,21,103,113,216,4,0.3876186938159602,0.42903386454183057,0.007536633652473935,0.005416222855514585,0.004759203610868243,0.003121370189867752,0.09530873417573123,0.2759545120422018,0.2932160469145675,0,0,26,0,0
64,25,135,112,247,4,0.4214410406084389,0.4619023904382458,0.01866532308007618,0.00401619179108084,0.004564222817398806,0.0046769373203895525,0.09403864417645683,0.1226321694937628,0.13159395494724835,0,0,27,1,0
65,4,39,83,122,4,0.3609438589727113,0.38628818061088704,0.005845099692772579,0.002221667183505887,0.0014685677463854964,0.00136328283013421,0.029391865860725605,0.1752857920522591,0.17288049029622063,0,0,27,1,0
66,8,19,25,44,4,0.32370085713078256,0.34553452855245453,0.0005916782414360202,0.0007957202234348571,0.0006938656977556918,0.000867147381597968,0.01378600792622721,0.2719017094017094,0.28520499108734404,0,0,3,0,0
67,15,8,7,15,5,0.31984543958515627,0.337981407702521,3.7766232070793684e-05,0.00037813541686804874,0.00042626024562782513,0.0004025664050097305,0.007050771323415903,0.29292929292929293,0.4722222222222222,0,0,11,0,0
68,15,38,39,77,4,0.3539038364202652,0.37981407702522973,0.0005683141988119504,0.0022684347514743235,0.0022308417680294767,0.001354603545733509,0.042839825853554336,0.3994818652849741,0.4115942028985507,0,0,11,0,0
69,15,40,59,99,4,0.3478526309270689,0.3753320053120823,0.003353745525349837,0.002308272243640604,0.0016326523956330255,0.0017119438225709134,0.032746539804567584,0.25685500623182383,0.28820729772607084,0,0,11,0,0
70,37,16,12,28,4,0.3206091583998295,0.3417164674634771,5.8446594683476524e-05,0.0005505993440658321,0.0007928854673153323,0.000668605046547339,0.014588082471904688,0.48641304347826086,0.5751633986928104,0,0,3,0,0
71,37,14,13,27,4,0.30474606340864413,0.32418658698539043,5.3018889195176935e-05,0.000424822602320014,0.0004614740553091162,0.0007841525606167037,0.008869547433962429,0.5294117647058824,0.6083333333333333,0,0,3,0,0
72,9,6,6,12,5,0.2803154812898718,0.2940903054448874,0.0009614711172471997,0.0002902803706403398,0.00018641710748554003,0.000524183494439385,0.0036746053132588733,0.45161290322580644,0.42857142857142855,0,0,11,0,0
73,1,24,28,52,4,0.3143050457346644,0.3381806108897724,0.0006033621933388052,0.0007357704650840346,0.0005262064804124205,0.0010975366004963051,0.010415266086832244,0.33077513430544897,0.3694581280788177,0,0,11,1,0
74,1,75,81,156,4,0.3738060009405585,0.4087815405046455,0.005409821342376096,0.002747640358055167,0.0026515390778972894,0.0027538557966648495,0.05194571477239282,0.1955093555093555,0.22808302808302808,0,0,11,1,0
75,10,13,17,30,4,0.29419613395672356,0.313180610889774,0.00010505794552865026,0.0005016377866720234,0.00037374766641011715,0.0006101866158728611,0.007633883695693086,0.27058823529411763,0.3368421052631579,0,0,0,2,0
76,10,21,14,35,5,0.3119682052459308,0.3351427622841949,0.00011386590504653264,0.00040082617250454744,0.0006642424093727356,0.0008071444446796728,0.013575283460178037,0.6194158075601375,0.6493506493506493,0,0,0,2,0
77,3,18,17,35,5,0.32464002789615237,0.3463645418326672,0.00016139857923529863,0.000861486021193047,0.0012489314714530658,0.0006734259199052765,0.021392017541895063,0.36153846153846153,0.43333333333333335,0,0,3,0,0
78,3,23,0,23,0,0.339209693484128,0.3619687915006613,0.0,-0.0,0.0013949619431525163,0.0009168836577166485,0.02547251173809527,0.4051383399209486,0.4901185770750988,0,16,3,1,0
79,3,34,34,68,4,0.35805630810092964,0.3822211155378461,0.0012212034582221535,0.0015838962188852947,0.0017243842860191847,0.0014996078421510971,0.034579649841431324,0.28907637655417406,0.3240418118466899,0,0,3,1,0
80,29,60,57,117,4,0.3676646099064858,0.39890438247011706,0.002856882474940475,0.0030204077017322623,0.002873922814246507,0.0024055157855513588,0.059030964348742165,0.28498293515358364,0.336231884057971,0,0,11,0,0
81,15,91,88,179,4,0.3977224986310682,0.43168990703851085,0.005359051800026723,0.004876673413433658,0.004790997617584514,0.0031889266818223958,0.09506659758030796,0.2902351383723129,0.30925470925470927,0,0,11,0,0
82,36,120,226,346,4,0.41365100288924406,0.4521082337317382,0.018229609890582157,0.009679300185690234,0.0054047906774954855,0.003860127740634471,0.11210321843353047,0.1596860835991271,0.1660831921701487,0,0,3,1,0
83,36,85,118,203,4,0.3928353292505811,0.4262118193891081,0.005692098145988224,0.005810979993900863,0.004337919580068059,0.00261912936394122,0.08269727441189435,0.23667987670629678,0.2537795850276301,0,0,3,0,0
84,37,47,129,176,4,0.35920576655390213,0.3876162018592272,0.008106048468921415,0.004184986430954817,0.002048199793547977,0.0017714449232379141,0.038688159058973305,0.13729321349485477,0.13559928443649374,0,0,3,0,0
85,1,34,27,61,4,0.3383848677869169,0.36479083665338374,0.0017659736966245355,0.0008914220557694851,0.0010438749631295405,0.0012629321032673153,0.019161911600491868,0.2320044296788483,0.26576576576576577,0,0,11,1,0
86,36,153,201,354,4,0.423034390478414,0.4688745019920304,0.037432912122184775,0.0070305107470325446,0.004752864301304134,0.0057105356594250945,0.09944303261496097,0.10422180517459859,0.12058570198105081,0,0,11,0,0
87,34,108,124,232,4,0.40886454183266935,0.44480411686586824,0.008463876328105911,0.006108368523925639,0.005405838503773995,0.0034359216337301484,0.10904955306993343,0.23512228006441707,0.2731859167024474,0,0,3,0,0
88,20,29,19,48,4,0.3383848677869169,0.36324701195218906,0.0016327844012371392,0.0007893617534234774,0.0013688517221659567,0.0011526588418239864,0.027088852418348252,0.38253825382538253,0.4236559139784946,0,0,26,0,0
89,20,56,52,108,4,0.3648671617876321,0.3954183266932246,0.002624023116818721,0.002289308492952668,0.002375814515379341,0.0019205449649584145,0.04819779679757833,0.29778707091827844,0.29454390451832907,0,0,26,0,0
90,8,23,21,44,4,0.34183074220429893,0.36412682602921337,0.0004911276775215776,0.0009187054573425167,0.0010272208318197593,0.0009319052819871291,0.019550668481612476,0.3729817007534984,0.4131054131054131,0,0,3,0,0
91,15,26,28,54,4,0.3402714534664182,0.3637948207171286,0.001328449871956741,0.0011615464364400324,0.001048587825961658,0.0013359679158805602,0.021739103320803862,0.3865576102418208,0.43103448275862066,0,0,3,0,0
92,9,37,38,75,4,0.3557793204500493,0.3813911022576334,0.002632512592866353,0.001182401999995601,0.0011897208421490421,0.0014325026187301227,0.023562734668480897,0.1712253829321663,0.18234610917537747,0,0,11,0,0
93,4,50,75,125,4,0.3609438589727113,0.3900232403718432,0.003211465639917769,0.002984597202716747,0.0019369780997933672,0.001822029229701829,0.03878271953504623,0.21926070038910506,0.2523809523809524,0,0,0,1,0
94,5,36,33,69,4,0.34044400491340926,0.36728087649402114,0.000621612883604179,0.0009459460890258657,0.0009870765795982422,0.0013476971871077808,0.01964077783155193,0.34346701164294957,0.38443670150987225,0,0,27,1,0
95,4,36,39,75,4,0.3458812868053803,0.3722609561752959,0.0015074878770997301,0.0013463989435867024,0.0011684296737270456,0.0014082038598864839,0.023615114168696653,0.35943190094683175,0.40193236714975844,0,0,27,1,0
96,20,96,106,202,4,0.38297522971434284,0.42305776892430075,0.010283812073512854,0.00392203111020533,0.0035460717522924805,0.0034122918487794794,0.07287817172469889,0.1859326309541475,0.19947848761408082,0,0,0,0,0
97,16,20,23,43,5,0.3147471062771885,0.33640438247011784,0.000356772036829967,0.0005809424884540725,0.0005249417187871622,0.0009510299949228839,0.010228294132817069,0.4739524348810872,0.5573122529644269,0,0,3,2,0
98,16,22,16,38,5,0.32030323363036406,0.3429614873837961,0.0005133713663417438,0.0007342824441339061,0.0007475811912742505,0.0012484209426521344,0.013836525113885235,0.5043604651162791,0.525691699604743,0,0,3,2,0
99,16,22,18,40,5,0.33334437819724083,0.3556606905710469,0.0002462304466059289,0.0007189310041947376,0.0011480603914448939,0.0009147683771739523,0.022030907944161227,0.5058670143415906,0.5014245014245015,0,0,3,2,0
100,16,35,37,72,4,0.34893741044139454,0.37466799468791234,0.002414155846381679,0.001303863554488921,0.001157185275815532,0.001542686129643278,0.02293156326663935,0.2671422909235038,0.3117408906882591,0,0,3,2,0
101,16,24,20,44,4,0.3169761934321261,0.34042164674634584,0.0005142058577960186,0.0006722535287770862,0.0006039619524073824,0.0009440316688643837,0.01192684000919506,0.29440258342303555,0.3162393162393162,0,0,3,2,0
102,38,15,20,35,5,0.2973231079226054,0.31638446215139404,0.0011164858357921555,0.0006111251423807628,0.00043593676599257123,0.0006741939284154138,0.00834049351988283,0.3657487091222031,0.40476190476190477,0,0,26,0,0
103,7,42,32,74,5,0.34875614425415224,0.37682602921646446,0.0006953926471673316,0.0008830789793519496,0.0011258901302116618,0.0016135501758277773,0.023891201770566885,0.3940978707508405,0.403265306122449,0,0,2,1,0
104,7,31,15,46,5,0.32925727203984456,0.354913678618855,7.513857329397418e-05,0.0003658569195892271,0.0008846228813277973,0.0011698870464541288,0.017420276618016994,0.6039215686274509,0.6623655913978495,0,0,2,1,0
105,34,114,118,232,4,0.412634036686689,0.4494521912350583,0.0066995603457778,0.006329858504424611,0.0051611819171821696,0.003753098008625826,0.10628589146968424,0.2311292496630223,0.2608780108780109,0,0,3,0,0
106,38,127,101,228,4,0.4086156894030694,0.4513612217795467,0.009330466439953384,0.004952211138431937,0.005464257684707925,0.004429711640065,0.10863302221120125,0.2232842186894145,0.25107913669064746,0,0,3,0,0
107,36,168,203,371,4,0.43313263076725356,0.4799136786188566,0.02185778938072534,0.008807936105538861,0.006851184807963296,0.005568370919471588,0.14349082291655316,0.1503657842092198,0.1700389594068116,0,0,3,0,0
108,8,36,36,72,4,0.34130939384303155,0.3681938911022548,0.0025003384511946974,0.0011727101247416194,0.0012627354726304526,0.0019764533566253195,0.023874860239389718,0.2635643564356436,0.31585365853658537,0,0,3,0,0
109,27,4,4,8,4,0.2896270826959634,0.30345285524568405,5.064052295943839e-06,0.00024112926895860856,0.00017328492264368745,0.00033648920906590124,0.003699004674869832,0.14,0.3,0,0,3,0,0
110,8,8,5,13,5,0.2958817001715483,0.3119189907038508,1.0724044787477325e-05,0.0002097337099378981,0.0003611346708158035,0.0004234543042496346,0.006185507421119644,0.6554054054054054,0.75,0,0,3,0,0
111,8,8,1,9,5,0.2777639957340683,0.29243027888446266,3.116691047783552e-07,2.1866765047997342e-05,0.00022405256507850203,0.00046427172117991287,0.00395233345262482,0.7,0.8214285714285714,0,0,3,0,0
112,8,16,7,23,5,0.3095230879157414,0.32976427622841825,7.86165586787017e-05,0.00020074510557648118,0.0004141627439685404,0.0008040256117218792,0.00806243256381035,0.3413654618473896,0.34502923976608185,0,0,3,0,0
113,10,73,71,144,4,0.37674274842269534,0.41060756972111306,0.004611977181231955,0.002988489512499111,0.0029243662162461493,0.002593977954471662,0.05883963626177363,0.2667285337501221,0.2971988795518207,0,0,0,2,0
114,10,108,126,234,4,0.40009271614376823,0.43916002656042313,0.008372892397783223,0.006393888127497193,0.00541650643500408,0.0033765283058067672,0.10921472096311832,0.2611808444068171,0.27913669064748203,0,0,0,0,0
115,13,100,111,211,4,0.39678225631751957,0.43426294820716943,0.006634177887690185,0.005457175773164857,0.005115685758630123,0.0029844634166986063,0.10037166424253563,0.26548271644090066,0.2915455426356589,0,0,0,0,0
116,13,67,68,135,4,0.3717362002708987,0.40479747675962563,0.002251915306219945,0.002838743504792073,0.0027730901204219456,0.002287597779140996,0.05885859990020603,0.2997441886330775,0.3216049382716049,0,0,0,2,0
117,6,14,12,26,4,0.33736461190414224,0.35698871181938685,0.00017238783002176665,0.0007532709400143693,0.0007847885980330856,0.0005533609021783502,0.013592007656350038,0.24921135646687698,0.27450980392156865,0,0,11,0,0
118,26,23,28,51,4,0.33417400581843854,0.35715471447542924,0.00046598734764607974,0.0011980605443698336,0.0009493086686392334,0.0008524800271531111,0.017377537405487923,0.2021531100478469,0.23218390804597702,0,0,3,0,0
119,10,13,1,14,5,0.28863094483630397,0.3082669322709163,2.5935514349450867e-05,7.101014735194107e-05,0.0003186295590823015,0.0006815906807203476,0.006820611144432304,0.3516483516483517,0.43956043956043955,0,0,0,2,0
120,1,13,13,26,4,0.3125491516244149,0.3324037184594939,0.00010499339997901257,0.00045920367133906793,0.00038009010186002424,0.0005661562517737327,0.007201440952374517,0.2626582278481013,0.3088235294117647,0,0,11,1,0
121,36,156,221,377,4,0.42761501763646054,0.4727755644090292,0.024532102889508717,0.009572435479072562,0.0064099006898701,0.005231772010708559,0.13592343520192787,0.15377274462399795,0.17289894014031945,0,0,3,0,0
122,0,20,21,41,5,0.29497169494254966,0.31757968127489977,0.00025773114562024094,0.0004778010476976236,0.00038376049097375213,0.0009008122807927477,0.008430103941305134,0.2916666666666667,0.3333333333333333,0,0,2,1,0
123,13,29,28,57,4,0.3457031810964177,0.36985391766268,0.00047702572359066477,0.00110028829541297,0.001340509064188958,0.0010336696452152379,0.026736615766955008,0.3312142403051494,0.36541889483065954,0,0,0,1,0
124,16,32,34,66,5,0.3308800284323524,0.3568227091633441,0.0018052396892097704,0.000990401173398244,0.00099332908652633,0.0014538434485890845,0.0192117741223913,0.29915134370579916,0.29732868757259,0,0,3,2,0
125,16,19,23,42,5,0.32511165989793855,0.34686254980079473,0.0006231561220168515,0.0008341569385897769,0.0007073274591872989,0.000993808533305072,0.013007518395117297,0.45685579196217496,0.47863247863247865,0,0,3,2,0
126,22,27,24,51,4,0.31504250478143736,0.3393094289508617,0.00021736275728692254,0.000986232419244952,0.0010700810002356514,0.0008539972256829425,0.020079935142696195,0.4996022275258552,0.4981060606060606,0,0,26,0,0
127,6,16,20,36,4,0.3350077732980255,0.35532868525896144,0.00035029008519971204,0.0010618768676636766,0.000964599226691634,0.0006071487415018333,0.017033349530622112,0.3062700964630225,0.3412698412698413,0,0,11,0,0
128,5,131,109,240,4,0.41725020366018833,0.45808432934926807,0.010041832893355892,0.005324842342020252,0.0059442019404150545,0.00449259375775236,0.12007934599336953,0.23037363560033586,0.26204351204351206,0,0,27,1,0
129,4,138,135,273,4,0.4190733943128858,0.4615703851261606,0.015569466534401019,0.006259644361668193,0.005658603685576838,0.004950162328803084,0.11526755688389448,0.19265472620687793,0.2200751476113795,0,0,27,1,0
130,0,35,0,35,0,0.3404107394398128,0.3669488711819361,0.0,-0.0,0.0012721002856164556,0.001215644760559775,0.023361354191742664,0.28403361344537814,0.34285714285714286,0,7,2,1,0
131,28,45,49,94,4,0.35465165223943107,0.38313413014607994,0.000888294453015763,0.002342693843230886,0.0025575464386385915,0.0013069695646641638,0.04779335051479758,0.37335640138408305,0.3895946763460375,0,0,26,0,0
132,28,51,57,108,4,0.3660608384347018,0.39450531208499096,0.0014773713147120191,0.0033006656338234346,0.0028853672055773856,0.0016421437095343388,0.05882453806358793,0.3775955330657826,0.40491803278688526,0,0,26,0,0
133,4,72,92,164,4,0.38363175867956745,0.4155876494023883,0.004686569600485977,0.0041986599172677665,0.0032769778827537294,0.0025058997852370965,0.06864026885761444,0.2375638713555756,0.23378256963162625,0,0,0,1,0
134,2,20,20,40,5,0.3297424251911803,0.3515936254980055,0.0016555986210412045,0.0005556382743732185,0.0006072333154480672,0.0010279972647481523,0.012490224679155643,0.23787680209698558,0.28063241106719367,0,0,4,4,0
135,13,34,22,56,4,0.33635048982427007,0.3629648074369163,0.00023718802853324564,0.0008201396472839558,0.0012463237711669713,0.0011821883990607153,0.025216040706385785,0.4631578947368421,0.5333333333333333,0,0,0,2,0
136,13,26,16,42,4,0.32909587141629565,0.3538346613545794,3.867254275355198e-05,0.0006888892775151527,0.0010910300564554555,0.0009764014272083297,0.023428616737183456,0.5851063829787234,0.6723646723646723,0,0,0,2,0
137,21,76,66,142,5,0.3719421483042898,0.4078685258964119,0.004349609894768019,0.0032678828442421854,0.0035369313912101143,0.0028463609251652795,0.07111061684677111,0.3334505627009646,0.3535116074052307,0,0,26,0,0
138,21,29,30,59,4,0.3328485759490546,0.35815073041168455,0.000506167761018862,0.001322599783623496,0.0011747210170273508,0.0012527686982481382,0.023175115167188162,0.5685866983372921,0.5987903225806451,0,0,26,0,0
139,17,35,29,64,5,0.34183074220429893,0.3682768924302763,0.0010417321062292759,0.0007299304746061685,0.0010428160314321859,0.0014235018819106554,0.021855393171759125,0.37537688442211053,0.37980085348506404,0,0,14,2,0
140,17,32,30,62,5,0.33736461190414224,0.3628818061088952,0.001214777638773387,0.0007369553784542235,0.0009440233490908823,0.0012641430274439205,0.019615201087670262,0.4073875802997859,0.3940620782726046,0,0,14,2,0
141,14,67,66,133,5,0.37359798424554425,0.40595949535192305,0.006957165636134488,0.0019668365598914583,0.001814050261065617,0.0030246419530559647,0.03698583136318076,0.2412330964932386,0.2595679012345679,0,0,1,3,0
142,36,98,119,217,4,0.4022501963386717,0.4371679946879132,0.0060944930361539595,0.005992283313495088,0.004397531253632558,0.0029557997582958556,0.08444477579956995,0.21125524445586094,0.2430403503284329,0,0,3,0,0
143,8,44,40,84,4,0.3576747883267145,0.38529216467463206,0.0008686834816309569,0.0018283561387671314,0.0020100932960576876,0.0015728420260995505,0.039548412896177124,0.27542741234424806,0.3120748299319728,0,0,3,1,0
144,40,10,9,19,5,0.3057174761790724,0.32304116865869725,1.625584507715688e-05,0.0004851919334401176,0.0006039538974974542,0.00043081501605547127,0.01020615266646225,0.4212121212121212,0.5641025641025641,0,0,3,0,0
145,35,46,60,106,4,0.3723547297222646,0.3978253652058411,0.0027956385322191277,0.0033157824556348707,0.002836624024029244,0.0015266310493389696,0.052505093634617445,0.3454232995658466,0.3989769820971867,0,0,3,0,0
146,15,13,26,39,4,0.3075380566602121,0.3265106241699853,0.00041663640245042917,0.0010125299014624933,0.00038688167525699165,0.000593065857445469,0.006338042785029339,0.2,0.26455026455026454,0,0,11,1,0
147,23,37,45,82,4,0.35672453649800373,0.38222111553784593,0.0003442855851650925,0.0027742034990369474,0.0024251274183142574,0.001061110522445978,0.04306729552913953,0.3704773487382183,0.41551020408163264,0,0,3,0,0
148,0,13,16,29,5,0.32168451254875086,0.3412184594953495,0.00012667413591639458,0.00046759142846772436,0.0005028623099114827,0.0006009298103405508,0.010055796290517125,0.3493670886075949,0.33986928104575165,0,0,2,1,0
149,0,23,25,48,5,0.33334437819724083,0.3561586985391738,0.0005089888069840383,0.0007046408386074003,0.0006322690142956213,0.0009275651259279123,0.013259653330824458,0.2788808664259928,0.32275132275132273,0,0,2,1,0
150,7,31,22,53,4,0.3375342270936365,0.36271580345285215,0.0003649346177388417,0.000555448852858302,0.0009754452583374286,0.0011563968315691812,0.018571961472625177,0.3964757709251101,0.46996996996997,0,0,2,1,0
151,10,41,30,71,4,0.34044400491340926,0.36927290836653137,0.000611706908855775,0.0011992893188471796,0.0016024215977491637,0.0014787586770060755,0.03260408511149694,0.39422294548413345,0.4619450317124736,0,0,0,2,0
152,37,60,48,108,4,0.3723547297222646,0.40280544488711567,0.0015392882338493854,0.0027775124920212677,0.003272742312409178,0.0021241671344779723,0.06288881949676749,0.3201777313120753,0.37041773231031544,0,0,3,0,0
153,27,23,46,69,4,0.34481539686144996,0.36694887118193625,0.00034250584272191975,0.0031337618746728594,0.0019442378000163198,0.0007155989678313201,0.03335422565310753,0.5371404036066981,0.555052790346908,0,0,3,0,0
154,35,37,35,72,4,0.36626054429309496,0.39018924302788627,0.00045643190642312024,0.0020865937161148856,0.0022157761032350755,0.0012537984494691815,0.0419374055434744,0.4120662460567823,0.48868778280542985,0,0,3,0,0
155,35,53,63,116,4,0.37568862769403644,0.4032204515272221,0.003095836321766398,0.0024562052080632423,0.002304041641087514,0.0020048420353697264,0.04924728817271501,0.16586248492159228,0.19080919080919082,0,0,11,0,0
156,0,20,17,37,5,0.32542684328126176,0.34744355909694324,0.000723823529261229,0.0002925159807046437,0.0005819985022161771,0.000947378187080166,0.010861682239798423,0.3389570552147239,0.3715415019762846,0,0,2,1,0
157,0,53,69,122,5,0.34839417627879765,0.3803950863213783,0.0032847542255966854,0.001533688462068104,0.0011206211849049538,0.0020040598735519342,0.025466348090193217,0.24972737186477645,0.26144907723855093,0,0,2,1,0
158,19,42,39,81,5,0.3480329588850405,0.376162018592295,0.0012944505153234325,0.0016201528433079273,0.0019676564903437326,0.001471472840688503,0.03797592407181771,0.3583905177791641,0.3829787234042553,0,0,26,0,0
159,19,33,32,65,4,0.34911886515301255,0.37433598937582735,0.0010220908381439145,0.0013777401301664017,0.0014808249972377181,0.0011772769665616021,0.030642238879230614,0.3946855192588981,0.4523809523809524,0,0,26,0,0
160,36,211,333,544,4,0.4496688397114823,0.5037350597609551,0.07212078608028884,0.010678655182608049,0.007148241326019844,0.007494967842797525,0.14898280987275192,0.08564241984582738,0.09351196494775868,0,0,2,1,0
161,14,34,25,59,5,0.3464167067539954,0.372260956175296,0.0010350344342538642,0.0008797707419734808,0.0015782062124305681,0.0014429074403026257,0.030328098663566925,0.35026580035440047,0.3621951219512195,0,0,1,3,0
162,37,51,42,93,4,0.36968919476279904,0.39757636122177703,0.0015939788501122304,0.001584932987629582,0.002348467856298973,0.0016504680293516756,0.04507304425659382,0.18569075076488586,0.20833333333333334,0,0,3,0,0
163,24,37,42,79,4,0.3599761810666183,0.38487715803452593,0.001551383209383984,0.0026685886851962617,0.002395175078025957,0.0012072886947561826,0.04325111216172064,0.36869679109364767,0.3717948717948718,0,0,3,0,0
164,17,38,40,78,4,0.33958299326719427,0.3676128818061064,0.0018309470230704345,0.0013753369687138073,0.0013165693427523932,0.0013691822618045056,0.02671158941508423,0.3167283742847526,0.33816425120772947,0,0,14,2,0
165,13,91,100,191,4,0.38297522971434284,0.42139774236387556,0.0060241679661148535,0.004384697597068619,0.003991854928215023,0.003137465290219696,0.08259244269643838,0.26041724309667424,0.28190391983495433,0,0,0,2,0
166,36,126,124,250,4,0.41544280797601674,0.45526228419654563,0.013955522976033403,0.005346421681344915,0.0053871199342672045,0.0040816715494155255,0.10770306556333586,0.17088566827697263,0.17438423645320197,0,0,3,1,0
167,4,48,64,112,4,0.34183074220429893,0.3726759628154024,0.0015178444939590741,0.0018249920765813607,0.0014030530090039643,0.0015802109448732316,0.029039071660298676,0.24222294232015554,0.2791922739244952,0,0,27,1,0
168,4,62,60,122,4,0.37359798424554425,0.4043824701195195,0.0027391547905693966,0.002359408685078527,0.0024567327349144627,0.0021441831836572904,0.048897941924594526,0.25102263430597216,0.27855855855855854,0,0,27,1,0
169,13,95,104,199,4,0.39237614125613274,0.42953187250995817,0.003954321040834162,0.005550669992210482,0.004968217603945003,0.0029230041399492296,0.10099330056644866,0.2908914827463173,0.31108163866784555,0,0,0,0,0
170,13,86,81,167,4,0.38232094401437533,0.41907370517928055,0.005886270316764655,0.0035863504661987245,0.003806162281832381,0.002938488938237473,0.07767346632990102,0.22918781725888324,0.26535087719298245,0,0,0,0,0
171,10,38,27,65,4,0.3421791935215306,0.36985391766268017,0.00046125902317142186,0.0011581992298569264,0.0014530116356460386,0.001284717048531211,0.027796881087493445,0.3999028182701652,0.4440753045404208,0,0,0,2,0
172,4,69,73,142,4,0.3795113497395382,0.4113545816733045,0.002951437703362476,0.0033016724460502404,0.0030914976305862767,0.0022961182089396167,0.06156800064531759,0.2586605080831409,0.282896379525593,0,0,27,1,0
173,38,62,66,128,4,0.3765314513119703,0.40654050464807195,0.0037353414433309797,0.003192590231818434,0.00314863284725468,0.0020419185647884276,0.05920666439763641,0.2678505135503032,0.31790123456790126,0,0,3,0,0
174,32,64,58,122,5,0.363091172357622,0.39674634794156444,0.0028694059868402642,0.002617409447395949,0.0029205039662659805,0.0018989458182955173,0.057488700596108916,0.2996589358799454,0.3356136820925553,0,0,26,0,0
175,32,8,9,17,5,0.28160888325891065,0.2971115537848614,6.179446108475464e-06,0.0003863380559016929,0.00037591750876360213,0.00040835858851622674,0.00792941331703792,0.6730769230769231,0.5636363636363636,0,0,26,0,0
176,4,24,30,54,4,0.3226120027338986,0.34643094289508425,0.0006176946118510481,0.0007383139786089944,0.0006211520879132784,0.000964466413413697,0.012895763022505977,0.2347517730496454,0.2537878787878788,0,0,27,1,0
177,1,40,43,83,4,0.3390684735804258,0.3676958831341273,0.0027501278403015217,0.0012432731340893642,0.0009195139247317712,0.0016270037296615514,0.017902498839810835,0.20314353499406881,0.2187028657616893,0,0,11,1,0
178,0,28,28,56,5,0.3189337661231558,0.3444389110225741,0.0006238418956981457,0.00048826638427455624,0.0005727675707877978,0.0011097461209320153,0.011917833462737577,0.29347826086956524,0.31016042780748665,0,0,2,1,0
179,0,48,38,86,4,0.35094384615224417,0.38122509960159107,0.0020201756823980815,0.0011350458436652953,0.0016598527774580203,0.0019655658859943506,0.03219849092712452,0.3123964660408614,0.33962264150943394,0,0,2,1,0
180,0,67,69,136,4,0.36968919476279904,0.4030544488711792,0.005699309329917922,0.002879354660848896,0.00271560683481375,0.002309550429632929,0.04922729900523443,0.21638356164383563,0.26450617283950617,0,0,2,1,0
181,7,44,53,97,4,0.34481539686144996,0.374003984063742,0.0018330244188519077,0.0012971821873295536,0.0011674763459000816,0.0017168335142753745,0.025509030051055787,0.32102641836292767,0.3389830508474576,0,0,2,1,0
182,7,27,43,70,5,0.3035061381958603,0.3287848605577677,0.000654484872596629,0.0008537673760197661,0.00045161335457434516,0.00106418334714652,0.009404588687916987,0.41610878661087863,0.45555555555555555,0,0,2,1,0
183,4,142,158,300,4,0.4185508589085057,0.4628154050464794,0.0149555521023646,0.007202427414716655,0.006007286469094052,0.004727000403349377,0.12583492888210382,0.18173788600433802,0.20275197798417613,0,0,27,1,0
184,15,71,60,131,4,0.38319382288198806,0.4145086321381122,0.004186860503498457,0.0029081972419102617,0.0035525544639757284,0.002374446509502003,0.06860410207248943,0.27316237296147483,0.32334332334332333,0,0,11,0,0
185,16,10,22,32,5,0.271803877606981,0.2859395750332012,0.00017492361154991537,0.00038103298597388165,0.0001372844428718417,0.0006110328566361501,0.0028499607902174083,0.4783950617283951,0.5238095238095238,0,0,3,2,0
186,40,19,19,38,4,0.33104318426491275,0.3528386454183241,0.000131986741600373,0.0010460640328565896,0.0009872603231611283,0.0007617096984825859,0.018624154905115178,0.33069164265129686,0.37438423645320196,0,0,3,0,0
187,15,39,49,88,5,0.35939806086147913,0.38504316069056854,0.00048515954880063816,0.0029481863582246637,0.002489665059128174,0.0013520774677907876,0.04904668891462597,0.3816552451238798,0.4206848357791754,0,0,3,0,0
188,15,26,34,60,4,0.34930050868326906,0.3720949535192537,0.0002268099996090058,0.0016072578397091169,0.0016190655327627513,0.000907147640374796,0.03104758738364455,0.3512278697886922,0.4146341463414634,0,0,11,0,0
189,15,60,37,97,5,0.36368124468539714,0.3956673306772882,0.0034988612053195745,0.0017129303641588713,0.0021790424460854437,0.0022313266368618515,0.04121258124974458,0.23764299589898555,0.23731951129211404,0,0,11,0,0
190,15,29,26,55,4,0.3496643633798141,0.37325697211155107,0.00024030320079754383,0.0015352368569582554,0.0017074407212381401,0.000985890888963101,0.031077115284922796,0.33060109289617484,0.4028520499108734,0,0,11,0,0
191,0,46,55,101,5,0.3586301162869888,0.38670318725099323,0.00719235536785082,0.0018243508833466937,0.0016541452289934924,0.002156800862337638,0.031987273824438035,0.21072070273507687,0.23502824858757063,0,0,2,1,0
192,21,18,17,35,5,0.2973231079226054,0.3182436918990701,8.957198438327708e-05,0.000532409656381468,0.0004989088361622082,0.000849517362089945,0.010472386030586282,0.5516351118760757,0.5904761904761905,0,0,26,0,0
193,21,24,23,47,5,0.31742580505401563,0.3406374501992015,0.00012170211025751089,0.000935513719932193,0.0008941860369550637,0.0008441144938046363,0.01757291851685359,0.7136792452830188,0.7415384615384616,0,0,26,0,0
194,21,41,33,74,5,0.3400990768435882,0.36860889774236155,0.00043934444475074284,0.0010946257871083988,0.0015585822316596218,0.0014593153266697768,0.030761990135799618,0.4706102583302134,0.48520084566596194,0,0,26,0,0
195,21,28,32,60,5,0.3270119715972933,0.3514276228419634,0.00026798600679732546,0.0012411792220301688,0.0011033719790642744,0.0011135530857858057,0.022946600713428168,0.5650429799426934,0.5966386554621849,0,0,26,0,0
196,5,22,27,49,4,0.3321897959867605,0.35458167330677043,0.0001377969101254966,0.0009640298347032363,0.0008767161097941782,0.000792745054030254,0.01786072632340628,0.5125,0.5473484848484849,0,0,27,1,0
197,4,32,23,55,4,0.34930050868326906,0.37383798140769947,0.0003970909084146813,0.0008666890917076153,0.0011696745492004355,0.0011003969336087233,0.02249944011982713,0.3822525597269625,0.42521008403361343,0,0,27,1,0
198,4,18,34,52,4,0.3300666556977596,0.3510126162018569,0.0012763841842419413,0.0013915376656595557,0.0008074635872745506,0.0008681956675957353,0.016544983840976007,0.33129770992366414,0.4031746031746032,0,0,27,1,0
199,4,37,44,81,4,0.3471331839137762,0.3737549800796784,0.0011577825395283508,0.0016391627332358494,0.0013925230578703091,0.0013320918580243773,0.028205739684155177,0.3151496259351621,0.34778911564625853,0,0,27,1,0
200,4,33,21,54,4,0.33551003382770767,0.36188579017264,0.0004912071735503063,0.0005197238360542801,0.0008848193421833575,0.001206344012057253,0.018188762555913066,0.369950389794472,0.43493761140819964,0,0,27,1,0
201,4,42,50,92,4,0.3621119620761829,0.388280212483397,0.0010110827197589108,0.0023655309338281062,0.002033743974921064,0.001449358838369128,0.039693850025697634,0.36225596529284165,0.39461279461279464,0,0,27,1,0
202,4,6,1,7,6,0.2801984881841582,0.2938745019920325,8.028487390003961e-06,5.637921486615434e-06,0.00020961092876161115,0.00034751682495777036,0.004139673686553654,0.47619047619047616,0.47619047619047616,0,0,27,1,0
203,4,39,0,39,0,0.35051668326693225,0.3774900398406349,0.0,-0.0,0.0018489452895720552,0.0013741012096057624,0.036072454196444705,0.38124156545209176,0.4426450742240216,0,4,27,1,0
204,5,27,19,46,4,0.32637607082607833,0.35087981407702296,0.0001904171644811297,0.0006585150078006252,0.0007629629848924089,0.0009524562818895023,0.015300644991955822,0.4189453125,0.4722689075630252,0,0,27,1,0
205,5,27,14,41,5,0.3385555106854478,0.3626328021248314,0.00021189627942112477,0.000492549226874343,0.0008361234092809784,0.0010384173897882388,0.016488389516661685,0.4246913580246914,0.46881720430107526,0,0,27,1,0
206,4,43,54,97,4,0.35297348984713095,0.3811420982735696,0.002414421253889522,0.00155420517605707,0.0014179685275354955,0.0015282086127236644,0.02837012495354721,0.2655911650064963,0.304500292226768,0,0,27,1,0
207,4,28,13,41,4,0.34287823171054294,0.3669488711819363,0.00015876634634256624,0.0008210455779973844,0.001159087924082145,0.0009891235359162495,0.02221190979194555,0.4962825278810409,0.5052910052910053,0,0,27,1,0
208,22,51,8,59,5,0.35204802186116574,0.3828021248339953,8.347779177374637e-05,0.00043196643509208507,0.0022531030705167463,0.0015530351242110723,0.04623205974342811,0.41456253669994125,0.4172549019607843,0,0,26,0,0
209,19,59,78,137,4,0.37050528570046526,0.40114541832669093,0.0040328133974957886,0.003610950031731699,0.0028701207226550372,0.001814782612244886,0.05576633698890205,0.2618225005398402,0.27358213341169557,0,0,26,0,0
210,19,76,63,139,4,0.3838511021665198,0.41691567065072827,0.0023072101470443715,0.003813421006317802,0.004201737662482987,0.0022574047786022003,0.08183844502826455,0.36582424496644295,0.4067699368904188,0,0,26,0,0
211,22,117,144,261,4,0.40321656317672255,0.44438911022576194,0.013691702622698783,0.00631481358669264,0.005275411742769367,0.003829327315736897,0.10692816894202034,0.213077673634724,0.2177588009759498,0,0,26,0,0
212,34,100,107,207,4,0.405163293717105,0.43974103585657204,0.004272577953534522,0.005906753630175481,0.00516183485443262,0.003076058854262043,0.10469716589497606,0.27396034474638536,0.3288705312633528,0,0,3,0,0
213,14,35,44,79,5,0.3143050457346644,0.3419156706507283,0.0014072510053734074,0.0006211317604862215,0.0005126028980664494,0.0016624154328643364,0.011017021474960705,0.31053149606299213,0.357487922705314,0,0,1,3,0
214,0,49,35,84,5,0.3623073813757383,0.39077025232403456,0.001024102505437951,0.001271088413195643,0.001960654055575645,0.0016826484457242155,0.03887046443573735,0.2852591949029829,0.32862745098039214,0,0,2,1,0
215,1,74,72,146,4,0.3795113497395382,0.4130146082337296,0.006396607037113914,0.002787771279083993,0.0028746561875919365,0.0027638814972616517,0.057162384842384555,0.19626745179979105,0.2229712858926342,0,0,11,1,0
216,17,25,23,48,5,0.3340077500941508,0.35748671978751395,0.00029156095842995477,0.0008371697625002955,0.000926266744565222,0.0009531464882358871,0.018243068064150623,0.5076784101174345,0.5185185185185185,0,0,14,2,0
217,37,15,19,34,4,0.30543929831175753,0.3254316069057093,0.0011672133677824066,0.0007518541538760876,0.0004337466299309996,0.0011066743338519792,0.008732793340612301,0.34754990925589835,0.358695652173913,0,0,3,0,0
218,1,42,53,95,4,0.3565350917096352,0.3835491367861859,0.00154824179217912,0.001572811871264148,0.001698941938309777,0.0014090622302160962,0.03336056019338663,0.25,0.26433566433566436,0,0,11,1,0
219,1,18,2,20,5,0.32370085713078256,0.3457337317397057,1.0972767828299832e-05,4.4919257609195675e-05,0.0007748451626099259,0.0006686272341382644,0.014355732543090615,0.32978723404255317,0.41830065359477125,0,0,11,1,0
220,1,13,9,22,5,0.31533845828522455,0.335889774236386,3.2954787602975565e-05,0.0005092201996870059,0.0005407993933215844,0.0005788049343642633,0.011417605603216507,0.3488888888888889,0.35833333333333334,0,0,11,1,0
221,1,54,43,97,4,0.36055616417252584,0.3909362549800767,0.0013314032478821216,0.0017743172655244816,0.0024008224993747624,0.001843484564362302,0.04604088247602154,0.28614718614718615,0.33060109289617484,0,0,11,1,0
222,1,55,46,101,4,0.36447099765974106,0.39442231075696943,0.0013711166540562006,0.0017967798891785174,0.0024667334237463458,0.0018182628517488084,0.047012871579283105,0.29209005778043434,0.3159420289855073,0,0,11,1,0
223,1,40,46,86,4,0.3572940807287084,0.3833831341301433,0.0009695469518471047,0.002192545548535889,0.0016935651005306096,0.0014563445318323265,0.0341178357960473,0.32841379310344826,0.3422077922077922,0,0,11,1,0
224,1,9,8,17,5,0.3157834325913655,0.3334993359893738,2.498683240928511e-05,0.0004734694478207078,0.0004022874044026346,0.0004322919406000918,0.00756359501058838,0.29545454545454547,0.3974358974358974,0,0,11,1,0
225,1,24,19,43,4,0.3315336186119719,0.35491367861885537,0.00013571541771792133,0.0008238145269614855,0.0009370909268181271,0.0009070093806078476,0.0178078846355653,0.3716216216216216,0.4576719576719577,0,0,11,1,0
226,1,46,47,93,4,0.3623073813757383,0.3897742363877794,0.0012574477232949284,0.0026715028167726574,0.0023046568402773633,0.0014449206237862502,0.042762217087075775,0.2858992467043315,0.32462877624167946,0,0,11,1,0
227,1,18,0,18,0,0.3164043403255806,0.3380644090305426,0.0,-0.0,0.0007762066692180239,0.0006030704822871907,0.012993171954033843,0.24836601307189543,0.3333333333333333,0,46,11,1,0
228,1,22,1,23,5,0.33787396964732913,0.3603917662682575,3.2409837295730465e-05,4.1406545393277554e-05,0.0010515600774745996,0.0007256378441973726,0.018623146728781625,0.3194444444444444,0.38961038961038963,0,0,11,1,0
229,10,26,26,52,4,0.3414829998419344,0.3650398406374475,0.0013908013241226188,0.001163976806346747,0.00122010802004385,0.0011827085024687625,0.024716976479531017,0.28812260536398465,0.3225806451612903,0,0,0,2,0
230,23,16,18,34,4,0.3390684735804258,0.3593127490039817,0.0022613115682909154,0.0012879630461473668,0.0012105533574627136,0.0008677840578448672,0.0220864651961909,0.5063868613138686,0.5666666666666667,0,0,3,0,0
231,0,48,57,105,5,0.34078963334479345,0.371596945551126,0.005999390087326362,0.0014786992618579953,0.0011397617726089364,0.0018148776001388665,0.02379570739777774,0.19346501753738232,0.21205711263881544,0,0,2,1,0
232,4,76,78,154,4,0.374222730038597,0.4096945551128796,0.007572667470009263,0.0019266281341819153,0.0019393207157173602,0.0026687626671131038,0.03911828948795835,0.1481734380334585,0.17288049029622063,0,0,27,1,0
233,19,44,53,97,4,0.3588217945960679,0.38637118193890857,0.0010652556154416499,0.002559813296020845,0.0026756211068868947,0.0013286778011630026,0.049484320052684876,0.36513086740211986,0.3740079365079365,0,0,3,0,0
234,19,33,42,75,4,0.3465955486263516,0.3722609561752961,0.0013250947376629973,0.0018239232185221998,0.001443539176291202,0.0012053733272609172,0.029940377743226984,0.3448526736995271,0.35714285714285715,0,0,26,0,0
235,19,18,20,38,4,0.31110082376702647,0.3322045152722431,0.00014511700447306775,0.0006683215209181835,0.0006621172741021829,0.0006912180989201777,0.013299011998531209,0.47677793904209,0.47101449275362317,0,0,26,0,0
236,19,47,34,81,4,0.3603626289260564,0.3886122177954823,0.0007171535674739081,0.001725346433136752,0.002623636456289772,0.001502970141004806,0.04971344188335787,0.3956061078217513,0.4514285714285714,0,0,26,0,0
237,19,22,25,47,5,0.3308800284323524,0.35341965471447306,0.00034308715194858387,0.0009815307336475633,0.000945314531368617,0.0008337063778993985,0.018240860193204325,0.41815616180620885,0.47044334975369456,0,0,26,0,0
238,19,35,38,73,5,0.34930050868326906,0.3749169986719761,0.0024227792447434953,0.001156002627756791,0.0010195533021036326,0.0013385767760557242,0.02108995761814799,0.22652040030792917,0.25249169435215946,0,0,26,0,0
239,19,11,0,11,0,0.29311499646015243,0.31065737051792836,0.0,-0.0,0.000434571391237884,0.0004652832461720561,0.008338475847508015,0.43636363636363634,0.4727272727272727,0,92,26,0,0
240,19,19,16,35,5,0.32030323363036406,0.3421314741035835,0.00011686422319281498,0.0006775506962233234,0.0007120981221121962,0.0007370320490326899,0.01446263355502604,0.528448275862069,0.5736842105263158,0,0,26,0,0
241,19,19,16,35,5,0.3037808043842729,0.3258466135458161,0.00022540059447777143,0.0004424511665109826,0.0004913045894374391,0.0007625036503259581,0.010927100830253745,0.5215146299483648,0.5428571428571428,0,0,26,0,0
242,19,27,22,49,4,0.3361820619375278,0.3602257636122152,0.0015785698234048867,0.0009909991935003817,0.0011675947509166347,0.0010658868999436964,0.021868098689803366,0.4257981018119068,0.4274193548387097,0,0,26,0,0
243,19,45,41,86,4,0.3434043875648302,0.37317397078353054,0.0018367273530450247,0.0016389520352821688,0.0018890750428616813,0.0014874885306614093,0.037227249357207594,0.30497237569060776,0.3341176470588235,0,0,26,0,0
244,19,26,19,45,4,0.32781034066857573,0.35209163346613337,0.00034621635525870217,0.0006894280740669301,0.0009628478231633541,0.0008796238705204023,0.019211737507320067,0.40113285272914523,0.4553846153846154,0,0,26,0,0
245,10,46,36,82,4,0.35149506685300685,0.38081009296148466,0.0008517399684983994,0.001724662624041185,0.002111441331062541,0.0016123414834331687,0.04152554491693451,0.4209726443768997,0.42901960784313725,0,0,0,2,0
246,14,11,14,25,5,0.28113717658678516,0.2977755644090307,6.1030292554848894e-05,0.0002799805647776804,0.00018883112273897698,0.0006076306299893537,0.00429718413648241,0.4349315068493151,0.4485294117647059,0,0,1,3,0
247,14,15,10,25,5,0.2785707791241673,0.29677954847277577,3.078876930446792e-05,0.0001800104197278076,0.00018869951368712836,0.0007746505579785926,0.004086488958824561,0.535958904109589,0.625,0,0,1,3,0
248,1,20,16,36,4,0.3119682052459308,0.33374833997343795,0.00019013497681331245,0.00044119428395218854,0.000557979174598108,0.0008458998827040209,0.011063240202895659,0.37661290322580643,0.3630769230769231,0,0,11,1,0
249,14,111,159,270,4,0.4123805759761935,0.4483731739707822,0.00914498584009736,0.008046359087094121,0.005686773962427408,0.003302790885591529,0.11540510770267602,0.2377868603463036,0.2548375319459657,0,0,3,0,0
250,7,29,23,52,4,0.3331789467440412,0.3582337317397051,0.0007894187617263084,0.0007332743294469144,0.0007959649774294733,0.0011701003689187418,0.015933813602356725,0.45141545524100996,0.5113636363636364,0,0,2,1,0
251,13,30,32,62,4,0.33992687477936356,0.36503984063744743,0.00031553759724388457,0.0013017267826615883,0.0012069489587960822,0.0011548294459553126,0.02590396222659467,0.471313672922252,0.5380952380952381,0,0,0,2,0
252,20,81,112,193,4,0.37464038933551513,0.4117695883134106,0.0044750142636507785,0.004813468515649541,0.003923592531129539,0.002388016048748224,0.07597797881764479,0.2785574943101767,0.2767412049565589,0,0,26,0,0
253,31,23,35,58,4,0.3360138026472688,0.3589807436918966,0.000360443568414927,0.0018263149375367508,0.0015799390989482175,0.0007501673585994384,0.028239078197452704,0.33384239462431275,0.38443670150987225,0,0,3,0,0
254,40,28,82,110,4,0.3458812868053803,0.36993691899070147,0.0008097640220568549,0.004680914396852794,0.0015241669318893476,0.0009499186710876428,0.02924578754988612,0.2812971342383107,0.32008431195423065,0,0,3,0,0
255,6,44,45,89,4,0.3609438589727113,0.3881972111553761,0.0010987813048742372,0.0029156740734690165,0.002856760260083581,0.0013353750327242562,0.052093458257262804,0.3839331619537275,0.3937532002048131,0,0,3,0,0
256,4,117,51,168,4,0.4061437251598567,0.4461321381142082,0.0028389605329264783,0.003238702870960195,0.005727528219141798,0.003664681090347518,0.11673839292003729,0.28726674769428756,0.2967129108861392,0,0,3,0,0
257,0,16,14,30,5,0.3083856581025462,0.3285856573705163,5.871431550661135e-05,0.0004818012081410186,0.0004885302483286621,0.0006093567333931753,0.009732017630927646,0.4091981132075472,0.4502923976608187,0,0,27,1,0
258,8,31,50,81,4,0.34113596427298937,0.36645086321380876,0.0035598473195984593,0.002145904909598459,0.0014751188613667783,0.001258172836419033,0.028666205353929747,0.25326492537313433,0.2387218045112782,0,0,3,0,0
259,9,24,24,48,5,0.3271713341565512,0.3509296148738357,0.0004984679826735977,0.000752873009584442,0.0007347599386131132,0.0009994906786095412,0.01444778204675629,0.2678088367899008,0.270935960591133,0,0,11,0,0
260,9,18,17,35,5,0.30214022398255763,0.32322377158034427,0.00020063663568526115,0.00040858387113664314,0.00043259118547317183,0.0008719101238850991,0.009322850927644956,0.28141135972461273,0.319047619047619,0,0,11,0,0
261,10,42,30,72,4,0.35409049456183705,0.3817231075697185,0.0007528633113371609,0.0013172829056969334,0.0019084223947757888,0.0014015263688095243,0.03733399222295522,0.4214060031595577,0.4601063829787234,0,0,0,2,0
262,0,21,22,43,5,0.3340077500941508,0.35624169986719534,0.0010344447488796875,0.0006400008407338187,0.0006428424160338267,0.0010006506718739916,0.012762509619117535,0.2979683972911964,0.32,0,0,2,1,0
263,10,46,55,101,4,0.3588217945960679,0.38695219123505703,0.002136184347014273,0.0024664720318061,0.00227949921917171,0.0014973250482814763,0.04379170505658378,0.3581121532628218,0.36488630354309887,0,0,0,2,0
264,14,26,34,60,5,0.3308800284323524,0.3552456839309403,0.0007179594548536073,0.0006578088364398065,0.0005994341475196448,0.0011130170949136295,0.011960677851786145,0.41609392898052694,0.4587301587301587,0,0,1,3,0
265,14,30,35,65,5,0.31009495505276813,0.33577357237715644,0.0006355457433112841,0.0005169857123426984,0.0004324132026021927,0.001514600183257182,0.009507399403687835,0.3803606237816764,0.4219219219219219,0,0,1,3,0
266,14,22,28,50,5,0.3115339107606696,0.33444555112881647,0.00044701812199197786,0.0004552149158196513,0.000403626521220533,0.0009634145403610916,0.0074917289280928565,0.3706467661691542,0.3913978494623656,0,0,1,3,0
267,14,17,9,26,5,0.2758239842601656,0.29427290836653425,5.306197874242764e-05,0.00014910671904618344,0.0001735213566797027,0.00084861961380316,0.00410917441423306,0.5394321766561514,0.5490196078431373,0,0,1,3,0
268,39,29,30,59,5,0.34446155858863164,0.36852589641433964,0.0005571992009700953,0.0011839026327552526,0.0010911544699545152,0.0011412404027055741,0.022128520114005668,0.30136175251628183,0.32882882882882886,0,0,11,1,0
269,17,68,63,131,4,0.3703009253663779,0.4039674634794132,0.00582816700998113,0.002723637625896192,0.0031060714344459174,0.0025000870625262,0.058263534490997436,0.2742145050791401,0.32339656729900634,0,0,14,0,0
270,4,12,7,19,5,0.32605904695932153,0.34553452855245437,1.1571625981046802e-05,0.00045594656800404364,0.0006806876853753815,0.0005635488689790618,0.013337576370164576,0.5748502994011976,0.5714285714285714,0,0,27,1,0
271,28,57,58,115,4,0.35748433316786105,0.3896082337317374,0.003117955409572284,0.002578509574237409,0.002170488922341394,0.0019824035966548937,0.04464773393473242,0.3101567301782422,0.3217734855136084,0,0,26,0,0
272,17,40,37,77,4,0.3423536857160852,0.37035192563080777,0.0017103062248061823,0.0010525234631606928,0.0011970718392159763,0.0014441115987907944,0.023989108080462285,0.2361878453038674,0.25809435707678074,0,0,14,2,0
273,17,23,24,47,5,0.3033689912739463,0.32642762284196464,0.0002651590502154701,0.0006193582191087136,0.0006023446849378128,0.0008702108252503558,0.011889032583471399,0.4905926622765757,0.5024630541871922,0,0,14,2,0
274,17,23,8,31,5,0.32183872372446937,0.34545152722443345,0.00010973073407495807,0.00028684954097866057,0.000673834230198346,0.000958150777682456,0.01420952115403875,0.5109409190371991,0.4743083003952569,0,0,14,2,0
275,4,24,31,55,4,0.33434042713607726,0.35756972111553503,0.0016181209583192321,0.0009481626412999488,0.0008194618791210761,0.0012755116675107901,0.01685903860768408,0.34938524590163933,0.35650623885918004,0,0,27,1,0
276,4,8,1,9,5,0.29851292916373634,0.3153220451527219,2.34675924556431e-06,3.603411294815556e-05,0.0002058093403111461,0.0004183686348784646,0.004525714465472894,0.20833333333333334,0.25,0,0,27,1,0
277,0,15,15,30,5,0.3068352731669301,0.32722443559096825,5.342815178796865e-05,0.00045263666947344876,0.00047536596808686344,0.0005875697022401302,0.008114587736668934,0.44366197183098594,0.4857142857142857,0,0,2,1,0
278,0,39,39,78,4,0.35843864265309294,0.3841301460823351,0.0009279530492202084,0.0016909396239530505,0.001992985860258883,0.001316366144217273,0.036909052318803356,0.3093319906008728,0.350104821802935,0,0,2,1,0
279,23,8,6,14,4,0.3266937117709212,0.3446215139442208,1.0663431409194066e-05,0.000538674258136092,0.0007688601782509755,0.00039880951732058743,0.013473324028271515,0.5411764705882353,0.5714285714285714,0,0,3,0,0
280,4,103,94,197,4,0.3979582558916675,0.4360059760956155,0.006986627134036534,0.004408299782365307,0.004843574980901692,0.0033490609662643516,0.09655541978920254,0.25162514951375525,0.27408963585434176,0,0,27,1,0
281,21,44,56,100,4,0.3557793204500493,0.38404714475431384,0.0007369110501320869,0.00271988308785261,0.002422083803391179,0.0013152175790173866,0.04583529418369188,0.4376655123243023,0.4605493863237873,0,0,26,0,0
282,36,106,117,223,4,0.3993786898805729,0.43783200531208305,0.006737237258433714,0.005882680338016727,0.004805792155502152,0.0032581691743152406,0.09443867525180508,0.2253618194348725,0.24452554744525548,0,0,3,0,0
283,36,119,117,236,4,0.4086156894030694,0.44853917662682424,0.008272389985429519,0.005935180368680222,0.005611891646273402,0.0036336463043664764,0.1116335685142526,0.23896287182456394,0.2643371017471737,0,0,3,1,0
284,0,34,39,73,4,0.3480329588850405,0.37375498007967867,0.0009136982061696886,0.0013764684584366444,0.0011650465831639985,0.0012025162644706548,0.023569793506159016,0.2749326145552561,0.29965156794425085,0,0,2,1,0
285,22,67,75,142,4,0.3733901989372876,0.4061254980079658,0.004218128143154831,0.0031637888517369803,0.0032397203852539006,0.002184901097214864,0.062391401297840855,0.3051928485335476,0.31275060144346434,0,0,26,0,0
286,21,40,34,74,5,0.343756056164487,0.37159694555112655,0.0003366880453642993,0.001554700045071368,0.0018773200001942754,0.0012579396004355594,0.03673047716975821,0.5368775739423437,0.547568710359408,0,0,26,0,0
287,15,17,17,34,5,0.3240133096955806,0.3450365205843272,0.00018743751778490524,0.0008048116407837933,0.0007667249993200037,0.0007473014396344284,0.014499421295198628,0.4198542805100182,0.4675324675324675,0,0,11,0,0
288,37,27,31,58,4,0.3421791935215306,0.3662018592297449,0.0007728907608636526,0.001330779978730679,0.0013092995927770311,0.0009990892454128505,0.025355922741548093,0.28291488058787506,0.29871977240398295,0,0,3,0,0
289,0,8,0,8,0,0.2884663659976468,0.3047144754316067,0.0,-0.0,0.00020829833214557303,0.0004149855468226825,0.0045045087760430405,0.3392857142857143,0.35714285714285715,0,10,27,1,0
290,4,66,65,131,4,0.382103345298374,0.41235059760955967,0.007096726573449757,0.0033497133524141988,0.003317509857346337,0.002713570553650011,0.06592639797289944,0.2607206142941524,0.28858024691358025,0,0,27,1,0
291,4,21,23,44,4,0.33104318426491275,0.3530046480743668,0.00013149394548452674,0.0010102545572311839,0.0008408848838171402,0.0008210529031363903,0.017124200552384384,0.42895586652314316,0.4444444444444444,0,0,27,1,0
292,4,33,23,56,4,0.3442849116355093,0.36977091633465853,0.0004904120234575202,0.0008953951191740141,0.0013453162616246753,0.0011651425456696775,0.02619104816532805,0.35592105263157897,0.38412698412698415,0,0,27,1,0
293,14,15,16,31,5,0.2998461713663435,0.31967131474103483,6.039056589868814e-05,0.00040591691747765384,0.00038173686043545333,0.0007692219132009486,0.008937327821660795,0.5077092511013216,0.5263157894736842,0,0,1,3,0
294,4,21,17,38,5,0.3316974198069383,0.354083665338643,0.0001755500438702856,0.0006692353796546187,0.000716974375533466,0.0008338207533947853,0.01536495925882898,0.36700581395348836,0.42292490118577075,0,0,27,1,0
295,7,54,77,131,5,0.3578654465294473,0.38869521912350286,0.005008576588952545,0.002230511227639117,0.0018966803293355885,0.002086155730253053,0.03885471868346467,0.22812094012046769,0.22450778724654716,0,0,2,1,0
296,7,69,20,89,5,0.3709146838062117,0.40454847277556166,0.0007091488413869776,0.0008009921188675155,0.0030161682585520917,0.0022371487521174924,0.05749896420773128,0.2955361723961006,0.3235412474849095,0,0,2,1,0
297,1,19,13,32,5,0.312113239279053,0.3334163346613529,0.0010613094169794814,0.0002556619006358775,0.00045735096590316006,0.0009220125556436389,0.007907027246174364,0.39648033126293997,0.4678362573099415,0,0,11,1,0
298,15,9,14,23,5,0.3157834325913655,0.33358233731739545,0.00017736101095175617,0.000462059048684553,0.0004627377298252999,0.00044745715162361114,0.00914574229837271,0.3353658536585366,0.325,0,0,11,0,0
299,15,20,18,38,4,0.3119682052459308,0.3338313413014595,0.0004507470280606479,0.0005146018590470094,0.000489524420659671,0.0009616859917537309,0.0102484400305886,0.24781976744186046,0.31620553359683795,0,0,11,0,0
300,38,39,69,108,4,0.3569141827162377,0.3829681274900372,0.002190436131204822,0.0033026208903039634,0.0019245101691290354,0.0013192295170568308,0.03790577847641867,0.252350278551532,0.28285820066641987,0,0,3,0,0
301,26,115,86,201,4,0.4029745364281171,0.4435590969455492,0.011379787356608823,0.0029505811708635437,0.0034862405807507177,0.003910790139198041,0.0737988518298491,0.08865088875574197,0.10392441860465117,0,0,11,2,0
302,20,22,17,39,4,0.3432288229495108,0.36520584329349015,0.00011220301688963103,0.0009170242202345284,0.0011912392601099288,0.0008028137291274668,0.023012175402152564,0.4509668508287293,0.48917748917748916,0,0,26,0,0
303,20,82,86,168,4,0.3849515927117219,0.4197377158034507,0.0043237625784259565,0.004655286407974758,0.004353753634411554,0.002479363157018129,0.08579343295562271,0.3071413222548528,0.33584158415841586,0,0,26,0,0
304,20,27,21,48,4,0.33417400581843854,0.3587317397078332,0.0003605733541094319,0.0012098163751525968,0.0013474944563699315,0.0009498723067828768,0.025700414088052192,0.3854824165915239,0.3866995073891626,0,0,26,0,0
305,21,51,53,104,4,0.3402714534664182,0.3721779548472754,0.0009626911148761008,0.0019290091767605651,0.0018007327451402596,0.0015900232229832008,0.03653282816678964,0.4214984939759036,0.4067796610169492,0,0,26,0,0
306,9,31,39,70,4,0.35521459136996986,0.3785690571049109,0.004763463000669386,0.0019661518938395824,0.0014020108772844421,0.0017420382870036392,0.026036024070906705,0.26556623485165065,0.30407801418439717,0,0,11,0,0
307,1,11,19,30,5,0.2960121594749749,0.31417662682602887,0.00014920152379325477,0.0005238322910829705,0.00032028747654967157,0.000524445039044406,0.0056266017387525125,0.2716627634660422,0.2813852813852814,0,0,11,1,0
308,1,34,23,57,4,0.3607499074095879,0.38462815405046225,0.0004778292520138966,0.0014207974400268918,0.0019115535440983994,0.0010881128231293663,0.03656710805126254,0.32731305449936626,0.3508771929824561,0,0,2,1,0
309,1,28,40,68,5,0.3340077500941508,0.35798472775564133,0.0007518675472048436,0.0010517051371950266,0.0007381354462973976,0.0011286881437071756,0.015104215623744716,0.2859361135758651,0.3118393234672304,0,0,11,1,0
310,1,24,23,47,4,0.3423536857160852,0.3654548472775536,0.00022854154144915398,0.0012854772906075057,0.0012571285172714012,0.0008322597728661198,0.02292871548030734,0.3568075117370892,0.4236559139784946,0,0,11,1,0
311,1,31,23,54,5,0.3212227644446139,0.3471115537848583,0.00042212564250529693,0.0008724563496623962,0.0008517235725835345,0.001251988323917538,0.018359174357831992,0.3156404812455768,0.3396825396825397,0,0,11,1,0
312,1,21,20,41,4,0.3430534377563838,0.3646248339973411,0.0004849370363361875,0.0008562329034333186,0.0008860202469926121,0.0007918347341149698,0.016841731931398127,0.28589108910891087,0.3645320197044335,0,0,11,1,0
313,1,16,5,21,5,0.2938098808268022,0.3129316069057099,3.6634012966815794e-05,0.00012528192838016583,0.0004093807957253727,0.0006534637862056519,0.007918082162557481,0.6043689320388349,0.625,0,0,11,1,0
314,1,31,46,77,4,0.348575066297634,0.37300796812748716,0.0011007418087695842,0.0022736755417123744,0.0016027297986920582,0.0010944946335595114,0.031819387895941305,0.31614349775784756,0.3657142857142857,0,0,11,1,0
315,1,8,0,8,0,0.2791339825269639,0.2937915006640112,0.0,-0.0,0.00022555653902559393,0.00036067703819491967,0.0038923402536189065,0.25,0.39285714285714285,0,47,11,1,0
316,1,37,23,60,5,0.340962710862998,0.36819389110225487,0.0021559806773261596,0.0008127569085384648,0.001132808456240298,0.0013812078948969267,0.019742472403149778,0.2227920227920228,0.2313131313131313,0,0,11,1,0
317,1,19,18,37,4,0.3007865491439261,0.3219953519256299,6.779960649872744e-05,0.000515698870614629,0.0005206167944167266,0.0007060125964389132,0.00962901371781718,0.4433384379785605,0.4384057971014493,0,0,11,1,0
318,10,49,45,94,4,0.3625030117112544,0.3912682602921621,0.0009501111763758152,0.0021938114807706815,0.0024042765827020926,0.0015178512015641644,0.04497666754072797,0.35862546125461253,0.3904149620105202,0,0,0,2,0
319,19,10,0,10,0,0.3097064113541233,0.3277722443559081,0.0,-0.0,0.00046912092409656035,0.00046724373878973425,0.009152168547711117,0.8,0.8666666666666667,0,12,26,0,0
320,7,39,41,80,4,0.3446383869041289,0.37226095617529575,0.0016189559693179927,0.001045132937937687,0.001116039968858732,0.0014893319058109766,0.022799632004222997,0.3444693094629156,0.37145390070921985,0,0,2,1,0
321,7,36,52,88,4,0.34130939384303155,0.36852589641433964,0.0030189371250674674,0.0011352306871494247,0.0008825385956182307,0.001356174171992343,0.01825447344251425,0.33636363636363636,0.35622895622895623,0,0,2,1,0
322,17,19,23,42,5,0.2934246405984454,0.3138446215139438,0.0006591953522492115,0.00042945186276866133,0.00035872356658091974,0.0008499741873662439,0.0072401959057425015,0.5816568047337278,0.5784615384615385,0,0,14,2,0
323,16,30,31,61,5,0.33975484700872627,0.3643758300132776,0.0010109611208330223,0.0009201985223638854,0.0009870304517453207,0.001179442947201962,0.01885964401228373,0.31530782029950083,0.3511586452762923,0,0,3,2,0
324,14,14,11,25,5,0.3126947264505091,0.33242031872509825,0.00019413848359063033,0.00028869824042982123,0.00043603338275805903,0.0006251141335865151,0.008298660802969458,0.2857142857142857,0.3333333333333333,0,0,1,3,0
325,9,25,13,38,4,0.33975484700872627,0.36271580345285254,0.0011645734451102736,0.0004777351087888651,0.0010737173759927442,0.0009159710708485061,0.02016889002526618,0.33670520231213874,0.358974358974359,0,0,11,0,0
326,9,36,22,58,4,0.35710403068576757,0.3823041168658671,0.0011760895613260921,0.001098244490419679,0.002125817839789861,0.0011679028633590615,0.03785292209491109,0.3345565749235474,0.3730769230769231,0,0,11,0,0
327,9,28,27,55,4,0.3548391002585851,0.37749003984063484,0.003837989345056469,0.0012504721067484689,0.0014019280325042037,0.001644134583675392,0.02609491223846951,0.2891854893908282,0.33548387096774196,0,0,11,0,0
328,8,15,14,29,5,0.3118233059401965,0.3317563081009278,0.00010432161206706678,0.0004414382974052232,0.0004898223390092636,0.0006858178056551902,0.009841892493476292,0.4696969696969697,0.4327485380116959,0,0,3,0,0
329,8,84,76,160,4,0.3851724484734613,0.4204017264276206,0.004589471054345499,0.004014052833085585,0.004367937416403568,0.002795037646199238,0.08545518350648564,0.30195164348925413,0.3350877192982456,0,0,3,0,0
330,13,8,5,13,5,0.2807844323250703,0.2970119521912356,4.345067857013837e-05,0.00021250684673789212,0.00016949833097449076,0.00047132549684483175,0.003482020061683732,0.43243243243243246,0.3611111111111111,0,0,11,1,0
331,39,19,20,39,4,0.3172757928588105,0.3394256308100908,0.0003442024212356528,0.0006681096155061514,0.00042093389040934425,0.0008622745297710249,0.009695900488458723,0.19421487603305784,0.2318840579710145,0,0,11,1,0
332,14,18,23,41,5,0.281963703355415,0.3009462151394423,0.0003308610243875531,0.0002576523923343579,0.00021296362559130376,0.0008983360574543747,0.004501587048819459,0.4392812887236679,0.5052910052910053,0,0,1,3,0
333,10,93,124,217,4,0.38319382288198806,0.4223107569721093,0.011492938932395691,0.005951364989771104,0.004100608013174016,0.0038480515727949563,0.0801523063073669,0.2249057896539911,0.2560947824105719,0,0,0,0,0
334,17,17,14,31,5,0.2827951043341378,0.3009296148738381,4.510208760614508e-05,0.00025176119572898156,0.00021075036765164082,0.0008089606379439938,0.004957085497023491,0.7384105960264901,0.7602339181286549,0,0,14,2,0
335,17,22,19,41,5,0.2872723909667279,0.3085989375830014,0.0005661653973929393,0.0003040671035679882,0.0002838594482999576,0.0010450080279336706,0.00637360578178882,0.5330012453300125,0.5652173913043478,0,0,14,2,0
336,13,31,21,52,4,0.3390684735804258,0.36487383798140505,0.0003208423049137695,0.0008415278380189174,0.0012758694615247095,0.0010529629937207903,0.02419653313497411,0.39533995416348355,0.4235294117647059,0,0,0,2,0
337,13,36,29,65,4,0.3494823413270396,0.37558100929614613,0.00044823718666119235,0.0014735921750358952,0.0016528429168254997,0.0012972734752178298,0.03370389757430661,0.4210910862152947,0.45519203413940257,0,0,0,2,0
338,13,51,47,98,4,0.35748433316786105,0.38761620185922707,0.000940749783072954,0.0024010608736501553,0.002586047204586942,0.0016025262605092678,0.05141876499507863,0.3616412213740458,0.35081967213114756,0,0,0,2,0
339,13,39,48,87,4,0.33872632577661105,0.3671148738379788,0.0007982054197451325,0.0015023649842182297,0.0013690463230955473,0.0014016835693570935,0.029297653381926848,0.3403825431034483,0.38052026618269813,0,0,0,2,0
340,2,91,71,162,4,0.3919180255045202,0.42770584329349065,0.007198672654265056,0.0034847290901389343,0.0043410129165217005,0.0030280565286216147,0.08518626008164669,0.2381007393715342,0.2600732600732601,0,0,3,1,0
341,1,9,8,17,5,0.2859265663071734,0.3017264276228422,1.6526744164232942e-05,0.00020314421734691737,0.0002467288996349194,0.0004615962175034121,0.004697730323332565,0.6515151515151515,0.6538461538461539,0,0,11,1,0
342,0,43,65,108,4,0.3453475193874707,0.3745019920318698,0.002377022907218294,0.0018392688022552037,0.0012274587048249986,0.0016566752485227048,0.025249031027628547,0.22918843608498782,0.24843505477308295,0,0,2,1,0
343,0,19,14,33,4,0.3328485759490546,0.35449867197874935,0.00012002429426793172,0.0008333924356171493,0.0009532676712776009,0.0007630591736807638,0.018056092684921338,0.5097087378640777,0.5263157894736842,0,0,2,1,0
344,0,13,15,28,5,0.28375130079849664,0.3030710491367864,0.00010459476252533749,0.0002427382977655561,0.0002149625721939502,0.0006226556985038855,0.004469990238777873,0.4128065395095368,0.4411764705882353,0,0,2,1,0
345,0,22,19,41,5,0.32621748187038047,0.3490205843293468,0.0001159875725741589,0.0005103852342579002,0.0007927235841704565,0.0008967564294514361,0.013939810366369949,0.4515527950310559,0.4553846153846154,0,0,2,1,0
346,0,23,23,46,4,0.341656782539055,0.3639608233731716,0.00024460564296003694,0.000942167908204042,0.0010564439454529037,0.0008417090003114575,0.02019538519971923,0.3661417322834646,0.4188034188034188,0,0,2,1,0
347,0,23,12,35,5,0.3336757344379936,0.35632470119521653,0.0002678396660907912,0.00033299882470840794,0.000700249694591269,0.0009637679924648224,0.014478099966748984,0.3441780821917808,0.322463768115942,0,0,2,1,0
348,0,4,2,6,5,0.2648345474119302,0.27719123505976206,0.0,7.567090952012752e-05,9.878212934682788e-05,0.000319242392661102,0.001885220924753112,0.9615384615384616,1.0,0,0,2,1,0
349,0,17,17,34,5,0.32605904695932153,0.3467795484727733,0.00030614896943009833,0.00046745713413647906,0.0005166948707585698,0.0007599593034705885,0.009773598587659003,0.3970856102003643,0.36363636363636365,0,0,2,1,0
350,0,19,17,36,5,0.30488445853280793,0.32642762284196436,0.001011773508037797,0.00032260855879714506,0.0004066180482419766,0.0008409884399902467,0.0073590354201591894,0.37682333873581847,0.34782608695652173,0,0,2,1,0
351,0,42,47,89,5,0.35334504088907526,0.38089309428950596,0.0012127614342988876,0.002133894366476962,0.0015902665796347828,0.0015140642925607788,0.034083941931831785,0.28711088242860816,0.3271186440677966,0,0,2,1,0
352,0,20,18,38,5,0.3213765331207482,0.34362549800796593,0.00019484603756305026,0.0003845736997823573,0.0006348131068823188,0.0007781075103750936,0.01159240083320373,0.37771345875542695,0.39384615384615385,0,0,2,1,0
353,16,28,36,64,5,0.343756056164487,0.36728087649402125,0.002323461244437693,0.001400553406310899,0.0014176175268476993,0.0010876643223102168,0.02586108449750028,0.32012042147516306,0.3170731707317073,0,0,3,2,0
354,16,9,7,16,5,0.2915134944373613,0.3064409030544488,1.9647413153199237e-05,0.00016264530563799676,0.0001952104957462845,0.0004851116052104054,0.004239939279995422,0.7894736842105263,0.8444444444444444,0,0,3,2,0
355,27,40,42,82,4,0.36055616417252584,0.3863711819389086,0.0003161403220131113,0.0030996745584368,0.002983410252955898,0.001232753924847211,0.05705363459702907,0.537678517168034,0.581447963800905,0,0,3,0,0
356,8,46,29,75,4,0.3569141827162377,0.3851261620185897,0.0004679815769192812,0.001750259801048527,0.0025954608492894777,0.0015877703859707476,0.05038898411191196,0.4185158239359767,0.44727891156462585,0,0,3,0,0
357,8,41,39,80,5,0.35297348984713095,0.38006308100929365,0.0006117533416170089,0.0022827551044882206,0.0022330023676301242,0.0014604873847159782,0.04341816428768486,0.40688,0.4484848484848485,0,0,3,0,0
358,14,39,47,86,5,0.3230777563470852,0.35209163346613337,0.0012061325219920138,0.0006991378547532699,0.0006609109681634218,0.0016950425294149068,0.014800811113643743,0.29279403644395363,0.31059506531204645,0,0,1,3,0
359,14,19,31,50,5,0.28544029663658294,0.3048472775564408,0.00017827442246372494,0.0004277821760415389,0.0002450881685038616,0.0009504942482894018,0.005626697531109955,0.4490472245236123,0.46975806451612906,0,0,1,3,0
360,14,27,16,43,5,0.3268527642109265,0.3522908366533844,0.0005407681471182696,0.0004708452532576453,0.0007832115966577948,0.001231577866908556,0.015969016377436942,0.3350225225225225,0.34656084656084657,0,0,1,3,0
361,10,46,31,77,4,0.3449925887406182,0.3750830013280185,0.00036786064534445487,0.0012580540833518263,0.0017307570233287555,0.0015272896014480145,0.034324366477504975,0.43596824301001036,0.48847517730496454,0,0,0,2,0
362,14,61,48,109,4,0.38319382288198806,0.4114375830013261,0.0021092208629339636,0.002603165416466299,0.003001061071642498,0.0021891940571492716,0.05969793015083338,0.3123182207014542,0.35030728709394204,0,0,1,3,0
363,35,39,44,83,4,0.3565350917096352,0.3826361221779526,0.0005199721161035343,0.0026473514782177072,0.0022739981911625404,0.0012595475482468227,0.047349288251795026,0.3854012437074326,0.4166666666666667,0,0,3,0,0
364,37,9,2,11,5,0.30810260563985453,0.3256972111553772,3.3499859202661804e-06,0.0001381864039214557,0.0005131794648163832,0.0004522238754688432,0.01046573608981637,0.49056603773584906,0.5277777777777778,0,0,3,0,0
365,14,89,1,90,7,0.39607998683731155,0.43002988047808566,0.0005180235527697298,9.591642585784365e-07,0.004008147429525596,0.00306271036239731,0.08380512229408171,0.2390761548064919,0.28414481897627963,0,0,1,0,0
366,36,85,78,163,4,0.3912328541312605,0.4251328021248318,0.005015918803192663,0.003773500056614601,0.0037692154398407036,0.0026325934699826248,0.07187537664474151,0.20800365185636033,0.24141150112023899,0,0,3,0,0
367,10,70,64,134,4,0.3748495687823803,0.4082005312084969,0.0020213976077157257,0.003828672976099531,0.0039187222247731345,0.002197938408218941,0.07838236353135311,0.38034766903713735,0.41132189099668776,0,0,0,0,0
368,7,44,33,77,4,0.3559679627196411,0.3837981407702494,0.0017053441983209568,0.0009557224813519715,0.0014792374359869312,0.0016367114730083125,0.028048601732331233,0.31098825155494125,0.3838383838383838,0,0,2,1,0
369,20,6,6,12,4,0.3061356943407401,0.32262616201859107,5.369030708637246e-05,0.00022617308429051378,0.00036732599629040895,0.00037675782168060943,0.007078204775328143,0.75,0.7142857142857143,0,0,26,0,0
370,10,14,34,48,4,0.28556170892779376,0.3050132802124834,0.0010369004733503653,0.0009802500251672804,0.00025803648616144813,0.0007577471014952515,0.006302486406793706,0.35125448028673834,0.42698412698412697,0,0,0,2,0
371,16,75,63,138,4,0.38275688579774403,0.4157536520584307,0.002086638216106282,0.0037655030225058833,0.003931827335705379,0.0023548896430626355,0.07652933326063018,0.33507073715562175,0.37400820793433653,0,0,3,0,0
372,36,21,22,43,4,0.33872632577661105,0.36080677290836394,0.0002543481221474796,0.0013177321075853855,0.0012727845326303301,0.0008072391065128357,0.022943686024771304,0.38020247469066365,0.41625615763546797,0,0,3,0,0
373,36,22,38,60,4,0.3385555106854478,0.361055776892428,0.0006939319633544112,0.001573325567092151,0.001231072983579933,0.0007612043266129266,0.022745272963288543,0.22120866590649943,0.2135306553911205,0,0,26,0,0
374,14,8,17,25,5,0.27548443893690727,0.29003984063745075,5.384969583113603e-05,0.0003974462270363859,0.00014638242361942125,0.00048664752804157384,0.0035622395070250184,0.4847457627118644,0.5263157894736842,0,0,1,3,0
375,8,52,57,109,4,0.36746337038272747,0.39641434262947983,0.0036714395458638527,0.0026466557901606807,0.0023992732330837987,0.0020791667625278056,0.04828677899847445,0.26780212256076685,0.29134615384615387,0,0,3,0,0
376,7,35,43,78,5,0.34044400491340926,0.3668658698539145,0.0023276019836226958,0.0010677416274376692,0.0009970725794683191,0.0014153904969352238,0.02057895064226049,0.3999663752521856,0.4217687074829932,0,0,2,1,0
377,7,87,130,217,4,0.37568862769403644,0.41425962815404793,0.016220465196907407,0.003191553138543435,0.002391095050063803,0.0037612977865297066,0.050332432316210714,0.13891505394759376,0.14544869042507513,0,0,2,1,0
378,7,23,8,31,5,0.30966585686773207,0.33265272244355737,2.334583778225098e-05,0.0003997272153901295,0.0005749729066999472,0.0008892523293629898,0.011891850201970826,0.6419213973799127,0.7246376811594203,0,0,2,1,0
379,7,33,51,84,5,0.34358013187781117,0.368940903054446,0.002382395924835078,0.0012798168397449143,0.0009762199265037918,0.0017443562048800785,0.021043089032170885,0.36522872032426174,0.3951734539969834,0,0,2,1,0
380,7,32,31,63,5,0.3350077732980255,0.36072377158034236,0.0014090916660337617,0.0007284427819880642,0.0008464727068764745,0.0011792295246495928,0.017180029102997926,0.3805699481865285,0.4025641025641026,0,0,2,1,0
381,7,26,26,52,5,0.32183872372446937,0.34594953519256066,0.0012633440807273489,0.0005573825549602735,0.0006146217196772548,0.0009602249300017515,0.011836687831929253,0.4020657995409334,0.4128787878787879,0,0,2,1,0
382,7,5,0,5,0,0.27547770440954156,0.28989043824701266,0.0,-0.0,0.00015608579718839912,0.00032435260941261995,0.003069212755953501,1.0,1.0,0,134,2,1,0
383,7,5,0,5,0,0.27082174320825353,0.2852423638778231,0.0,-0.0,0.00013432347629550685,0.00032663840257323893,0.002614552593352026,1.0,1.0,0,133,2,1,0
384,7,16,0,16,0,0.30632318246359125,0.3259794156706492,0.0,-0.0,0.00047242018305611734,0.0006152505297716069,0.009272572416839334,0.5666666666666667,0.6166666666666667,0,80,2,1,0
385,7,20,14,34,5,0.3207623400330832,0.34262948207171073,7.188666051730266e-05,0.0004433050985827622,0.0006209540715354233,0.0008073433315084508,0.011833839895925059,0.6885245901639344,0.7922077922077922,0,0,2,1,0
386,7,8,0,8,0,0.2837234535718845,0.3002324037184598,0.0,-0.0,0.0002623024789738344,0.0003879214601378505,0.004566683367780137,0.625,0.6428571428571429,0,55,2,1,0
387,7,22,36,58,4,0.2998461713663435,0.3223937583001316,0.0005563698937296375,0.0009290218437673605,0.00038063251492375045,0.0009814133387870002,0.008616862698622645,0.3619951040391677,0.3967611336032389,0,0,2,1,0
388,7,22,17,39,5,0.32925727203984456,0.35192563081009043,0.00011581133190583639,0.0006338482143533412,0.0008185641824205066,0.0008306703614359341,0.016458513112391115,0.5198902606310014,0.6552706552706553,0,0,2,1,0
389,7,33,29,62,5,0.33770401292215446,0.36346281540504355,0.0006898264530038757,0.0006230387214271893,0.0009156804841281231,0.0012382121839618963,0.018493088430895383,0.39850427350427353,0.3864894795127353,0,0,2,1,0
390,7,28,43,71,4,0.32861261756693244,0.3535856573705152,0.0006138304332866863,0.0010489764060458771,0.0007465939196469514,0.0010152331438246013,0.014399011306382563,0.4180561203741358,0.4414141414141414,0,0,2,1,0
391,7,18,10,28,5,0.29316837453678735,0.3139276228419652,4.364902444286373e-05,0.00017783151857761424,0.000357322111633219,0.0006842449516624077,0.006956160338117658,0.6395663956639567,0.6783625730994152,0,0,2,1,0
392,7,18,8,26,5,0.315634968354134,0.3369853917662661,9.77483246575526e-05,0.0003406485848433022,0.00048713648738103087,0.0007384636150273397,0.009554105568716298,0.6065830721003135,0.7315789473684211,0,0,2,1,0
393,7,65,74,139,4,0.3690794819622007,0.40180942895086036,0.004676379681444727,0.0028416240867597683,0.0028976497926563164,0.0021988195266487267,0.05354205967802782,0.2778477029578351,0.3020174646190906,0,0,2,1,0
394,7,29,28,57,5,0.3247970864485937,0.34976759628153786,0.00028453034425689904,0.0006469526432315469,0.0007245926865156187,0.00110425808527244,0.014392561439025928,0.5754296626352642,0.6370967741935484,0,0,2,1,0
395,7,35,26,61,5,0.35131113432194827,0.37666002656042186,0.0005765992488997689,0.0009511431069059499,0.001522534326559197,0.0012495624583704098,0.029298399520165684,0.380873410724157,0.45,0,0,2,1,0
396,7,14,1,15,6,0.2885069091917675,0.306789508632138,2.1167363917891952e-07,1.69051810380866e-05,0.00029629168922963665,0.0005947696667364139,0.00620439831183557,0.8461538461538461,0.9120879120879121,0,0,2,1,0
397,7,33,28,61,5,0.33434042713607726,0.36064077025232133,0.0016206090539553047,0.0006365492773501112,0.0007130516415431966,0.001401605249015931,0.01546361314535338,0.3889196675900277,0.46984126984126984,0,0,2,1,0
398,7,4,0,4,0,0.2701694226706182,0.2839143426294832,0.0,-0.0,0.0001160452263803596,0.0002990881427694526,0.00220082809592298,1.0,1.0,0,135,2,1,0
399,4,18,8,26,4,0.3213765331207482,0.3426294820717109,1.960671393739149e-05,0.0004126527779533572,0.0007122010255159026,0.00069224160222603,0.014552955717333022,0.5078864353312302,0.49673202614379086,0,0,27,1,0
400,9,28,30,58,4,0.35353110989428277,0.37616201859229476,0.0005395928749887598,0.0014063855628856235,0.0013317987943242352,0.0010108233080543833,0.0256870345919375,0.34957107843137253,0.37237237237237236,0,0,11,0,0
401,4,31,40,71,5,0.34287823171054294,0.36769588313412727,0.002440991129826298,0.001371426392641096,0.0016226125443459696,0.0011400298746942535,0.030382762386149988,0.2639058059277304,0.2619047619047619,0,0,27,1,0
402,0,8,0,8,0,0.30688191147857274,0.3240703851261607,0.0,-0.0,0.00031372717700362283,0.0004268003457695143,0.006078171686435711,0.32142857142857145,0.32142857142857145,0,3,2,1,0
403,4,16,7,23,5,0.3072565572948481,0.3276228419654701,1.7460020602575807e-05,0.0003435682757801933,0.0005157334386319729,0.0005941586560003245,0.010378304011648605,0.4576612903225806,0.43137254901960786,0,0,27,1,0
404,16,60,76,136,4,0.3676646099064858,0.39907038512615955,0.005434935264782964,0.003426478790421411,0.0029623670747863868,0.002333255031300722,0.05443387233344729,0.2737782160859084,0.31285757302017464,0,0,3,0,0
405,38,82,109,191,4,0.3937569370611396,0.42604581673306585,0.008279057662938771,0.005712186369156344,0.003958341656345684,0.0029053528606350788,0.08348024758949774,0.25044257579110424,0.26825633383010433,0,0,3,0,0
406,14,24,17,41,5,0.31802727507780343,0.3416334661354561,0.00016301431637836752,0.00021796199347275157,0.00048509269891611607,0.0010620400910380527,0.008874375605926682,0.4547707558859975,0.4973544973544973,0,0,1,3,0
407,14,22,14,36,5,0.3020043084522011,0.32398738379813957,0.00019822295739623435,0.00029592284891486836,0.00041543796829270535,0.000970052286570224,0.00855783352118966,0.44041867954911434,0.4444444444444444,0,0,1,3,0
408,21,37,51,88,4,0.3336757344379936,0.3617529880478068,0.0015999039607818423,0.001980750721817115,0.0014654487616816319,0.0013295466854270832,0.030114101036520173,0.4326568265682657,0.4129979035639413,0,0,26,0,0
409,26,29,83,112,4,0.34410844576588573,0.3686088977423614,0.0025481175087657274,0.0025355026228503327,0.0009087446442962488,0.0011347187972956616,0.019293090993526045,0.11821266968325791,0.1285140562248996,0,0,0,2,0
410,27,9,8,17,5,0.3223022456501407,0.34047144754315833,8.14979399211451e-06,0.0005275636182901601,0.0007781951869145242,0.0004127473998841807,0.013943464576114638,0.6461538461538462,0.7272727272727273,0,0,3,0,0
411,28,73,94,167,4,0.3725613638675045,0.4072045152722417,0.008491741767996264,0.0034143343350627083,0.0028917388579542272,0.0023895690987458165,0.05883913137426488,0.2221336425568923,0.2083644510828977,0,0,26,0,0
412,21,59,63,122,4,0.34893741044139454,0.38280212483399517,0.003712469881395381,0.0023225347009472384,0.0020907970231079393,0.0019015011013397078,0.04347696369599089,0.3504162685956053,0.35030728709394204,0,0,26,0,0
413,4,23,24,47,4,0.32765035514360324,0.3507636122177931,0.00013622295672062064,0.0007339133476264572,0.0008367236643945599,0.0009288565824040046,0.01659327186610448,0.4693973634651601,0.544973544973545,0,0,27,1,0
414,1,2,10,12,5,0.23548073577314735,0.24619853917662737,0.0026081313524263265,3.1203561278028116e-05,3.2002502791216894e-05,0.00024309498650305583,0.0005225529089185184,0.046875,0.06666666666666667,0,0,2,5,0
415,1,3,3,6,5,0.2797314907038513,0.29219787516600293,0.0011919745454768082,8.360931491273683e-05,9.952902803690644e-05,0.000638811455059906,0.0016396659470422606,0.038461538461538464,0.16666666666666666,0,0,2,5,0
416,9,3,1,4,5,0.2666225487248781,0.276444223107571,3.972147303110589e-07,2.427715983705652e-05,8.791654884415281e-05,0.0002796891868458573,0.0015071502618491943,0.4,0.3333333333333333,0,0,11,3,0
417,10,52,54,106,4,0.3569141827162377,0.3873671978751631,0.002349717221926615,0.0021824644258169055,0.002004046481696892,0.001720579238576558,0.03982669844828319,0.3539478449837016,0.3865847414234511,0,0,0,2,0
418,15,29,20,49,5,0.336687852401827,0.361470783532534,0.0001623400886602416,0.0008987360469957806,0.0013044964338255229,0.001039629609171763,0.024173903878558906,0.4096802074330164,0.46436781609195404,0,0,11,0,0
419,4,71,90,161,4,0.3849515927117219,0.4159196547144733,0.004463648014560342,0.004251556970996719,0.0034176397069967325,0.002394806965736226,0.06994623188221995,0.22058823529411764,0.24304267161410018,0,0,3,1,0
420,26,109,106,215,4,0.40443107089713437,0.4423970783532519,0.009433998418109565,0.004838804107654691,0.004274453776396039,0.0035741536847302773,0.0876034052788782,0.1622470341939986,0.17327832434147888,0,0,3,0,0
421,14,47,15,62,5,0.3648671617876321,0.39218127490039567,0.0009560139576563255,0.00048449995185322243,0.0014475708612881183,0.00174620951542406,0.027929096863005654,0.2123469930814263,0.22775510204081634,0,0,1,3,0
422,35,31,38,69,4,0.35353110989428277,0.3776892430278861,0.0005918480582217177,0.001998427147991808,0.001762425411138203,0.0009869728993508163,0.0340021137887455,0.39190353143841516,0.4353535353535353,0,0,3,0,0
423,10,31,35,66,4,0.3439321607014565,0.36910690571048876,0.0005957484364296589,0.0012883949064785968,0.0012413473425622148,0.001045124915469482,0.0231825804088311,0.43319169027384324,0.48582995951417,0,0,0,2,0
424,34,89,112,201,4,0.395147485396847,0.4291998671978731,0.005503382823536634,0.005387978503055612,0.004200283528548957,0.002828611950635643,0.08606990045556179,0.21117268234236933,0.23039555863983344,0,0,3,0,0
425,4,16,31,47,5,0.3226120027338986,0.34312749003983845,0.0009881040439982673,0.0007142886045078587,0.0006351839026133702,0.0007264705094729805,0.013160583314872083,0.22778297474275022,0.23025210084033612,0,0,27,1,0
426,4,45,51,96,4,0.36447099765974106,0.39126826029216233,0.002120314649087093,0.0022562794363200985,0.002080854325938604,0.001781506313301481,0.04141711005876376,0.329500221141088,0.3278886872353297,0,0,27,1,0
427,12,46,46,92,4,0.35978326778630393,0.3879482071713121,0.0010280179606252887,0.002658964042505233,0.0027399221501934203,0.001509484750285923,0.050586870979428086,0.3615328994938539,0.39124579124579123,0,0,0,0,0
428,17,22,22,44,5,0.32091566811149286,0.3437084993359871,0.00015807940182606544,0.00041140452818970924,0.0006271649061540077,0.0008968893859812512,0.013117052500500303,0.6318622174381054,0.6125356125356125,0,0,14,2,0
429,17,29,29,58,5,0.3297424251911803,0.3548306772908341,0.0007311413772507333,0.0008186057525211869,0.0007953368980914368,0.0011721669736560578,0.016779670442259826,0.49661954517516904,0.5403225806451613,0,0,14,2,0
430,14,40,43,83,5,0.36686097141488694,0.3916002656042474,0.0025833604823783784,0.002101052380004034,0.00184186922072933,0.0014969263393590508,0.03588302650048453,0.31969157769869516,0.3378582202111614,0,0,1,3,0
431,37,22,10,32,4,0.33484068712680454,0.3573207171314715,0.00017544010858618018,0.00045874205800731097,0.0011318724494603282,0.0009041226054028914,0.02108692185884506,0.3593429158110883,0.4268774703557312,0,0,3,0,0
432,37,7,1,8,5,0.2895021896029509,0.30468127490039826,3.57123239047406e-07,7.5111817578894904e-06,0.0002586640648081324,0.00043112534793104886,0.004436086485254219,0.8703703703703703,0.9523809523809523,0,0,3,0,0
433,37,18,18,36,4,0.3090955698385097,0.33066069057104736,0.00017173011792567724,0.0005072203003974548,0.0006112236591867642,0.0008476557397578826,0.010873329735132425,0.34764991896272285,0.4268774703557312,0,0,3,0,0
434,34,150,156,306,4,0.42843368072064014,0.47136454183266824,0.014775207960301401,0.007552274173801818,0.006453026489173015,0.004654143743451346,0.13593209227456196,0.1845859653646169,0.20110490602293882,0,0,3,0,0
435,6,3,13,16,5,0.29971231146841204,0.3140770252324029,0.0017953547377280062,0.0003465591911140668,0.00020793300181332536,0.00025964769975177183,0.0035011156183286027,0.1864406779661017,0.1978021978021978,0,0,11,1,0
436,13,3,0,3,0,0.275816406505127,0.28831341301460905,0.0,-0.0,0.00013282298757574064,0.0002778251445558623,0.0029164280156777217,0.8333333333333334,1.0,0,57,0,2,0
437,13,25,31,56,5,0.3187823255884345,0.3433266932270898,0.0002738811130965147,0.000952015145067754,0.0008375062085308069,0.00101999436394961,0.019209753734756863,0.4061063690085358,0.4358974358974359,0,0,0,2,0
438,13,75,78,153,4,0.37568862769403644,0.4103585657370495,0.0037615430895825497,0.003017073322107192,0.002836054614810272,0.002707221082129083,0.06023705448365482,0.24993510426581292,0.2956940680517916,0,0,0,2,0
439,13,3,0,3,0,0.27901825533686153,0.2927788844621519,0.0,-0.0,0.00016599262635069161,0.00027675891639718296,0.0036438398607583134,1.0,1.0,0,42,0,0,0
440,4,62,63,125,4,0.375898979669229,0.40629150066400815,0.005164003857146973,0.0018563959938143668,0.0018279752727871181,0.0021423158266474117,0.037493912663655565,0.1861190538081622,0.2041773231031543,0,0,27,1,0
441,14,44,30,74,4,0.35521459136996986,0.38346613545816466,0.0013257390194125224,0.0014135260631236166,0.0020577333818607266,0.0015662184633347346,0.036672952716712115,0.31897837434750187,0.3367003367003367,0,0,1,3,0
442,10,21,9,30,5,0.3020043084522011,0.3255146082337304,4.302850712901176e-05,0.00034094083497840377,0.0007223846760392237,0.0007647394227553355,0.014289775801398197,0.548723897911833,0.5661538461538461,0,0,0,2,0
443,10,41,44,85,4,0.324954297042228,0.35519588313412803,0.0037283303749232563,0.001290923460447952,0.0013255694997727381,0.001377567145080028,0.025916601913287284,0.3401639344262295,0.3991291727140784,0,0,0,2,0
444,10,24,25,49,4,0.3241697622835553,0.3477755644090283,0.00013251444941674037,0.0008611627381736554,0.0008968541450251866,0.000839144322919294,0.016031534942376056,0.5630397236614854,0.589247311827957,0,0,0,2,0
445,3,24,20,44,4,0.3449925887406182,0.36769588313412743,0.0003216605392216491,0.0011035062067750842,0.0013223861181625267,0.0008832691966487446,0.024461065379254594,0.3394199785177229,0.3866995073891626,0,0,3,1,0
446,17,21,18,39,5,0.32106914284516647,0.34370849933598724,0.000138125540386329,0.00037142649578878715,0.0005518369232662844,0.0008791170800304852,0.011234168746707691,0.6801925722145805,0.66,0,0,14,2,0
447,17,27,25,52,5,0.31081276744872366,0.33519256308100764,0.0008347578813995535,0.0005465882861774268,0.00044892834725503616,0.0011310674898787807,0.00991592660022601,0.4102760736196319,0.4436781609195402,0,0,14,2,0
448,17,32,35,67,4,0.3331789467440412,0.3593127490039816,0.0010808312110341266,0.000939846590351318,0.000994255789151585,0.0012194189815609596,0.02000607287387853,0.38570774163994503,0.38866396761133604,0,0,14,2,0
449,1,1,0,1,0,0.18322679876735912,0.18845570100550008,0.0,-0.0,4.3968110019807664e-07,0.00021828719764844455,8.475149475092722e-06,0.0,0.0,0,74,2,5,0
450,4,52,67,119,4,0.3664604681709842,0.3953353253652033,0.003452093787995029,0.003073024456390589,0.0023348377710631684,0.0019927514744538335,0.046451065081259034,0.2791081158589045,0.31768388106416273,0,0,27,1,0
451,14,8,12,20,6,0.27787896427534897,0.29221447543160717,0.0009966921532530467,0.0001481890459666038,5.5388656288562644e-05,0.0031168513505297757,0.0025171059668573355,0.42349726775956287,0.48717948717948717,0,0,1,3,0
452,14,28,37,65,5,0.3206091583998295,0.34594953519256094,0.001395818462155621,0.000540957380515091,0.0005601812407974978,0.0013783319682396061,0.010972826368642543,0.3788321167883212,0.41410256410256413,0,0,1,3,0
453,6,19,25,44,5,0.3353424463982233,0.35698871181938635,0.0003009121563653194,0.001580198447624843,0.0016125293465057452,0.0005969309161439802,0.02723101699439329,0.4197002141327623,0.4274193548387097,0,0,3,0,0
454,27,7,7,14,5,0.3187823255884345,0.3362383798140748,3.824125385164179e-06,0.0006222526852653733,0.0005942088554697256,0.00036004263074843073,0.010061948272004973,0.6686046511627907,0.6944444444444444,0,0,3,0,0
455,22,50,52,102,4,0.33685678760122584,0.36885790172642524,0.0012665096446640056,0.0019028437352854087,0.0014271677388172286,0.001975937206649659,0.03206292345886401,0.3344746624926629,0.3532522474881015,0,0,0,2,0
456,21,1,2,3,5,0.26588339710465075,0.27481739707835445,0.0,0.0001475850793718215,8.048890205028007e-05,0.0002202983430797351,0.0013539437585864394,1.0,1.0,0,0,27,1,0
457,4,24,20,44,5,0.3361820619375278,0.35947875166002397,0.0002729122534284253,0.0006058977707295172,0.0008271828635229328,0.0009058764795630332,0.016441145793279592,0.3606027987082885,0.37037037037037035,0,0,27,1,0
458,4,40,38,78,5,0.36506556698708165,0.3901062416998647,0.0013976612860022886,0.0017014220472408694,0.0021570037314407806,0.0014506686098501738,0.039300722962958425,0.3240242261103634,0.37465309898242366,0,0,27,1,0
459,1,65,42,107,4,0.3676646099064858,0.40064741035856277,0.0032106267288045903,0.001559890286684521,0.0021429261287934055,0.0024781852990072516,0.04361569812446631,0.20090473656200106,0.23211567732115676,0,0,11,1,0
460,34,43,35,78,5,0.3569141827162377,0.3845451527224414,0.0008580231746451484,0.0015907612308138717,0.0018545829931768815,0.0014648693096850126,0.03808335069463119,0.2007054081289889,0.21945701357466063,0,0,11,0,0
461,17,15,23,38,4,0.28459329278899664,0.30270584329349276,0.00015500468419766075,0.00045097481010018635,0.0002969114209580963,0.0006892456259455076,0.0064951790663524125,0.5878084179970973,0.5688405797101449,0,0,14,2,0
462,30,24,18,42,5,0.3375342270936365,0.360723771580343,0.0035086170843107644,0.0009929745370495732,0.0013961503641535702,0.0010213112592164482,0.025656979739117045,0.32567726737338043,0.31494252873563217,0,0,3,0,0
463,30,1,1,2,6,0.23900162965085195,0.24686254980079791,0.0,2.417710806921842e-05,1.399174065513012e-05,0.00024586898402161614,0.0004161236306744853,0.0,0.0,0,0,3,0,0
464,4,42,34,76,4,0.3621119620761829,0.38844621513943983,0.001670696432738247,0.0017076488252765318,0.002084311272631934,0.0015231075112386006,0.0409930638819656,0.29298121233605107,0.33950046253469013,0,0,0,1,0
465,23,8,13,21,5,0.29614273387262596,0.31323041168658683,0.00013417779227941146,0.0003853960845350031,0.00019406033762967245,0.00047370789977634135,0.0037822945008645567,0.12990196078431374,0.20952380952380953,0,0,11,0,0
466,14,35,43,78,5,0.33975484700872627,0.36653386454183,0.003379337130025204,0.0008948875468207041,0.00077280650192161,0.0016827272919511188,0.015140177655413051,0.27133736559139787,0.30823529411764705,0,0,1,3,0
467,15,20,18,38,4,0.3356777888446215,0.3573207171314715,8.089730856339956e-05,0.0012228501729023402,0.0011774518306837025,0.000776078549318421,0.022441645571187354,0.45500725689404936,0.5144927536231884,0,0,11,0,0
468,1,21,0,21,0,0.33548954729437186,0.35790172642762,0.0,-0.0,0.0010266701254854362,0.0007806503736528388,0.018619521194410887,0.3,0.37142857142857144,0,2,2,1,0
469,22,17,11,28,4,0.3135710311486422,0.3346613545816719,0.00014208375910088235,0.0004166719470911223,0.0005740881185003148,0.0008303464328224013,0.012097326015846127,0.547683923705722,0.6176470588235294,0,0,3,0,0
470,12,20,18,38,4,0.3201504900759385,0.3427124833997323,0.0003091437167367909,0.0006583196193558315,0.0006331433279238731,0.0008621862863864019,0.013468290897391039,0.3570391872278665,0.35144927536231885,0,0,0,2,0
471,31,8,11,19,4,0.319388952278422,0.3369853917662661,6.906732838253904e-05,0.0006393885450994768,0.0005090530281722101,0.0003837693838573073,0.008840285666270842,0.31626506024096385,0.3516483516483517,0,0,3,0,0
472,6,7,0,7,0,0.2755905126423055,0.2895584329349277,0.0,-0.0,0.00017506255701935628,0.00036853674513116416,0.003477585061545108,0.21428571428571427,0.3333333333333333,0,45,3,0,0
473,15,74,90,164,4,0.3851724484734613,0.4171646746347922,0.005519343377471875,0.004320543832696787,0.0029328549202084137,0.0025674950530647465,0.0609827644790149,0.1812922614575507,0.19885773624091382,0,0,11,0,0
474,15,60,64,124,4,0.3690794819622007,0.40039840637449947,0.003071084422305576,0.0033232443564564294,0.0031661717911802695,0.0021475915454245704,0.05977201240427867,0.3005143761540491,0.3541139240506329,0,0,3,0,0
475,8,2,0,2,0,0.2624773915259399,0.2726261620185934,0.0,-0.0,8.382967870053185e-05,0.0002449214928699977,0.0013979339729359868,0.0,0.0,0,114,3,0,0
476,15,7,2,9,5,0.28339197032049096,0.2984063745019921,1.5112632792608494e-06,6.200058188770148e-05,0.0002833723306639236,0.00039426243590684056,0.005190039932725221,0.8,0.8928571428571429,0,0,3,0,0
477,8,10,6,16,5,0.2822007472422207,0.29787516600265634,3.7480305898891134e-06,0.00012131880008766813,0.0002751851432766975,0.00054961878377693,0.00578390116440623,0.8043478260869565,0.8545454545454545,0,0,3,0,0
478,8,26,34,60,4,0.33975484700872627,0.36346281540504366,0.0007780109693350768,0.0014217459876600608,0.0013013159041569689,0.001029158015877777,0.024429891049593293,0.36542857142857144,0.3769230769230769,0,0,3,0,0
479,1,4,0,4,0,0.2566712554815065,0.26850929614873953,0.0,-0.0,3.917255062633705e-05,0.000316881846911507,0.0007642399298200169,0.25,0.3333333333333333,0,76,2,1,0
480,15,33,33,66,5,0.3522327270142933,0.37666002656042236,0.00044710135652001977,0.0017069062394050557,0.0016467887887314013,0.0012415445799099237,0.031886828245775704,0.31158737635421574,0.3456659619450317,0,0,11,0,0
481,22,38,39,77,4,0.34130939384303155,0.36877490039840377,0.0008634786681036974,0.001761424715004349,0.0016177049886295551,0.0012840446514349652,0.031094985087037376,0.5414794331144142,0.5539112050739958,0,0,26,0,0
482,2,34,39,73,4,0.3446383869041289,0.37076693227091373,0.0013661131003379183,0.0011945775646800875,0.0010210286177044238,0.001462108982696289,0.021762177902403014,0.1651923076923077,0.20404040404040405,0,0,4,1,0
483,3,35,31,66,4,0.34481539686144996,0.37138114209827083,0.001112876764197112,0.001000249706262043,0.0011052956170013674,0.0012884636733354513,0.021964140129419073,0.2345737164390014,0.2653276955602537,0,0,27,1,0
484,4,18,16,34,5,0.3361820619375278,0.35740371845949276,0.00016653624689593938,0.0007113703934087111,0.0008392535500800316,0.0007319467187895684,0.015718653197922306,0.37751371115173676,0.43157894736842106,0,0,27,1,0
485,10,26,19,45,4,0.32276710465828995,0.347360557768922,0.0002976801706893376,0.0007837536992619287,0.0008307383026364641,0.0009343913908026258,0.01630504848300827,0.44141829393627957,0.4470899470899471,0,0,0,2,0
486,4,43,58,101,4,0.3578654465294473,0.3853751660026536,0.0013938397019847284,0.0028980924663040554,0.0018707847716952378,0.0015043727138306043,0.03855098865321471,0.25104560844453294,0.2762128325508607,0,0,27,1,0
487,14,11,12,23,5,0.28137283222516474,0.29739375830013315,0.000132656227308503,8.63967035584731e-05,0.00013411316463429675,0.000982107283979049,0.0024823340098037547,0.336734693877551,0.45714285714285713,0,0,1,3,0
488,14,7,10,17,5,0.2702719716945423,0.2837151394422318,2.1151820747701818e-05,0.00018497170349929406,0.00010392740480209957,0.00047382091463684647,0.00187730393217772,0.6576923076923077,0.6727272727272727,0,0,1,3,0
489,25,26,31,57,5,0.34516996282223295,0.3681108897742339,0.0005231515646048717,0.0019648495852705953,0.0015773491930169072,0.0009178037500255329,0.029413501005758014,0.3808767471410419,0.4336134453781513,0,0,3,0,0
490,6,33,23,56,5,0.3554026350922409,0.37956507304116627,0.0002945228437273146,0.0014560509383569212,0.002084615441921737,0.0010841560405892869,0.039375921475117676,0.38131147540983606,0.45121951219512196,0,0,3,0,0
491,6,6,18,24,5,0.28813544106834466,0.30499667994687907,0.00011039519568893137,0.0004767405689281594,0.0001804904975427733,0.0003572869886901114,0.003762025629341362,0.16605166051660517,0.15204678362573099,0,0,3,1,0
492,40,23,24,47,4,0.3388973133211727,0.3614707835325338,0.00024583743954339495,0.0014798280074062166,0.0014150415733706853,0.0008257283798987203,0.026389537862345703,0.38862781954887216,0.4413793103448276,0,0,3,0,0
493,4,73,69,142,4,0.37464038933551513,0.4088645418326667,0.00510597316946291,0.0030175161985322298,0.0036794504888646427,0.002592841792585694,0.06992092817906789,0.2782521346057258,0.30478796169630645,0,0,27,1,0
494,36,79,94,173,4,0.3842905424666532,0.418243691899068,0.00580464865536987,0.003953523594243498,0.0031053354620030516,0.002703652280070479,0.06328094709032565,0.15787165125851946,0.17978574755472754,0,0,0,1,0
495,23,48,66,114,4,0.36686097141488694,0.3943393094289483,0.00391334796381945,0.003297591874025453,0.003066284971196925,0.0016227523588443543,0.05859112683605362,0.3036690085870414,0.31535131535131533,0,0,11,1,0
496,14,19,17,36,5,0.3259007658685646,0.34777556440902807,0.00045916353621645547,0.00039384770599631855,0.0005382577677043349,0.001118331606231534,0.010470454488025884,0.39384116693679094,0.391304347826087,0,0,1,3,0
497,3,16,11,27,5,0.3105252440745805,0.3308764940239025,9.363128932237023e-05,0.0004313982801661508,0.0005063810719476137,0.0006666394793967174,0.010093775640301844,0.26099706744868034,0.3382352941176471,0,0,3,1,0
498,14,61,84,145,5,0.37276822747875793,0.40346945551128555,0.00834086116541412,0.0017143974649050408,0.0014516674959180562,0.0024136566503830293,0.029350324004384386,0.17522396686253733,0.2021887824897401,0,0,1,3,0
499,14,38,40,78,5,0.3115339107606696,0.340338645418325,0.001336173332971978,0.0005998995922176112,0.0004664786943987582,0.0017129101808086352,0.010383929859991377,0.30295897780766645,0.3401360544217687,0,0,1,3,0
500,14,18,13,31,5,0.2807844323250703,0.29951859229747696,2.7541968034201423e-05,0.00021365554873156275,0.00021275210534482385,0.0008551065256648562,0.004783289631991239,0.5494505494505495,0.6619047619047619,0,0,1,3,0
501,14,14,1,15,5,0.31504250478143736,0.33507636122177775,7.988890002701276e-05,0.00012378595277508743,0.00034476714121216626,0.000671648358384801,0.006890707379795528,0.4567307692307692,0.5494505494505495,0,0,1,3,0
502,14,17,17,34,5,0.2986457196126526,0.3188911022576353,0.0001417066021967103,0.0002918673102592555,0.0002461370651643297,0.0008285387037487116,0.005850579619316301,0.5127272727272727,0.5731225296442688,0,0,1,3,0
503,14,12,4,16,5,0.2831529218427849,0.3005146082337318,2.093983268641823e-05,0.00012930003234198838,0.0001693023008047956,0.000642199638913427,0.003886708401383079,0.5818965517241379,0.696969696969697,0,0,1,3,0
504,14,35,32,67,5,0.33787396964732913,0.36445883134129853,0.001156537158526921,0.0007742963513803663,0.0009003267520435977,0.001453205949675598,0.017112213606087858,0.36665141811527907,0.37282229965156793,0,0,1,3,0
505,14,13,0,13,0,0.305766484267383,0.3245351925630796,0.0,-0.0,0.00031667910667297465,0.0006755813891341266,0.005807613214296109,0.391025641025641,0.46153846153846156,0,5,1,3,0
506,14,50,50,100,4,0.36133238842262816,0.390272244355907,0.00491209847538562,0.0020345534370795944,0.0018031480564590803,0.0021257297418242425,0.03493312698960124,0.2612502545306455,0.2825136612021858,0,0,1,3,0
507,31,3,3,6,5,0.26031623795627884,0.27134794156706665,6.346617444872862e-06,8.111086447990051e-05,6.164254815218168e-05,0.0002758965690662173,0.0012681811071817805,0.07142857142857142,0.1,0,0,11,0,0
508,15,26,23,49,5,0.3289346289511235,0.3529216467463457,0.0002089900527334208,0.000788100685228413,0.0010925424287930112,0.0010325577367257636,0.02083809577311935,0.347114556416882,0.41889483065953653,0,0,11,0,0
509,15,46,39,85,4,0.3496643633798141,0.37906706507303845,0.0039839834976628545,0.0015038045389404245,0.0019276282389793884,0.002050695025725944,0.037126529853278585,0.2519785189372527,0.2931785195936139,0,0,11,0,0
510,14,18,12,30,4,0.30852737945277714,0.32968127490039695,0.00013535535971326415,0.0003460118737864748,0.00044790148760178697,0.0007672699430612796,0.00851797826651698,0.49058823529411766,0.5526315789473685,0,0,1,3,0
511,0,20,10,30,5,0.3350077732980255,0.3566567065073019,0.0003847235798457904,0.00033742626969539725,0.0005622923335251303,0.0007916185053464152,0.011703339465699725,0.2107728337236534,0.20346320346320346,0,0,2,1,0
512,23,3,4,7,4,0.29998015088884855,0.3145750332005303,1.4887116150928402e-06,0.0002696247958999938,0.00023825121939665043,0.0002725272502452254,0.004380768634345994,0.16666666666666666,0.3333333333333333,0,0,3,0,0
513,35,40,34,74,4,0.3569141827162377,0.38346613545816505,0.0010113561136702676,0.0015512916656294387,0.0017509419903638588,0.0013773044559802603,0.035189167473653284,0.20141738157403954,0.2348008385744235,0,0,3,0,0
514,8,10,2,12,5,0.2864144956012129,0.3021082337317398,9.112084099900677e-07,4.0025139560696465e-05,0.0003122450057092147,0.0004885217224550504,0.005584572452252175,0.71875,0.7555555555555555,0,0,3,0,0
515,4,38,26,64,4,0.3464167067539954,0.3736719787516571,0.0010573321785695053,0.0008724064635617794,0.001163950559503118,0.0014687870325100216,0.023540814473604246,0.3097744360902256,0.3289036544850498,0,0,27,1,0
516,1,11,13,24,4,0.3011913762625586,0.3194057104913673,0.0016031916952350242,0.0003782953781273237,0.0003846997157027219,0.0005453964077813979,0.007078342676491476,0.5207547169811321,0.5769230769230769,0,0,26,0,0
517,1,12,3,15,5,0.30132656090181464,0.3199037184594947,4.646229271438153e-05,8.409292567678207e-05,0.0003900301754721325,0.000581072861566502,0.007193144321754646,0.6470588235294118,0.6818181818181818,0,0,26,0,0
518,35,65,39,104,4,0.374222730038597,0.4057104913678596,0.0010228625264051474,0.0023146404853207096,0.0035329081888429642,0.002048957871756269,0.06823193819453946,0.34820589892917525,0.3790744466800805,0,0,3,0,0
519,23,6,15,21,4,0.3020043084522011,0.3179282868525888,0.00011851125556575763,0.0005747554476687092,0.00020838642639641884,0.0003706916589103649,0.003566599005949682,0.2,0.24285714285714285,0,0,11,1,0
520,21,47,47,94,4,0.348575066297634,0.3785690571049112,0.0015211499198440055,0.0019502336989639072,0.0019146153867989825,0.001479629493059143,0.03698430492634299,0.42136258660508086,0.43831640058055155,0,0,26,0,0
521,2,13,12,25,4,0.3186310288036275,0.33823041168658474,0.0011116895504400554,0.0003046022165747729,0.00042382929458229364,0.0007064847432420183,0.008683370408223848,0.2611683848797251,0.25833333333333336,0,0,4,4,0
522,4,3,3,6,5,0.263173491842118,0.2738877822045163,4.77098036099452e-06,7.921678000494073e-05,5.715415149350357e-05,0.0003409036500363563,0.001439681737442304,0.5,0.6666666666666666,0,0,27,1,0
523,4,16,13,29,5,0.3083856581025462,0.3286852589641421,0.0024483595010231945,0.0003603415156949036,0.00035866247995683837,0.0012986560245288534,0.009028074505585602,0.18181818181818182,0.21637426900584794,0,0,27,1,0
524,9,0,1,1,6,0.0,0.0,0.0,3.2281813401677806e-06,-0.0,0.00019763802593715103,2.410940405363465e-34,0.0,0.0,0,163,11,0,0
525,14,33,29,62,5,0.3207623400330832,0.3478585657370497,0.0005994504146285515,0.0004075212521518102,0.0005848215286526324,0.001480881392859239,0.012466473039377653,0.36217948717948717,0.39867109634551495,0,0,1,3,0
526,4,49,44,93,4,0.36269885342476665,0.39135126162018347,0.0019753335405170843,0.0015657816177124249,0.001870615598950754,0.001666358459121168,0.036044028718380965,0.28097032501177577,0.307103825136612,0,0,27,1,0
527,10,14,11,25,5,0.30557832393684253,0.3247841965471436,6.133391924543553e-05,0.00056062732458339,0.000532460769320745,0.0005682054714689019,0.010187096646810403,0.6404109589041096,0.6617647058823529,0,0,0,2,0
528,25,8,10,18,5,0.30488445853280793,0.32121513944223046,3.665461409873319e-05,0.00035237937943309464,0.0002967149613856514,0.0004277031192402185,0.005958569458083812,0.4689655172413793,0.4444444444444444,0,0,26,1,0
529,14,31,26,57,5,0.328130780884283,0.3542496679946853,0.0011050963981728693,0.0005229647227451661,0.0006652880156083101,0.0015577097163925434,0.013695000066537266,0.40628970775095297,0.45546218487394957,0,0,1,3,0
530,14,8,7,15,5,0.2970599901279837,0.31306440903054367,5.5435663502134576e-05,0.0002071512808350329,0.0002470397966273738,0.00045412040112111546,0.004287110635125881,0.21,0.24444444444444444,0,0,1,3,0
531,3,45,32,77,4,0.35260271937460247,0.38155710491367617,0.0007622852628140262,0.0018331508847332124,0.0025762737985277223,0.001484237340774091,0.049159994040108825,0.35810344827586205,0.41411764705882353,0,0,3,0,0
532,21,19,0,19,0,0.3138955372539692,0.3356573705179269,0.0,-0.0,0.0008079809191123184,0.0007121845652296417,0.01663565538936875,0.40350877192982454,0.4444444444444444,0,21,26,0,0
533,35,85,123,208,4,0.3928353292505811,0.42646082337317204,0.012892237833093335,0.004677029064033605,0.003147817901112108,0.002814194043237982,0.061130582132989456,0.12401638962611165,0.14429201371876532,0,0,11,0,0
534,4,2,3,5,5,0.2535330731454845,0.2628320053120863,2.700692556329741e-07,0.00015863441352106383,5.351523916280172e-05,0.00023672525512666854,0.0008135264754342928,0.45,0.6,0,0,27,1,0
535,9,9,8,17,5,0.29088196606986266,0.3067231075697207,3.125069828095676e-05,0.00020988390985832956,0.0002456565643950027,0.0005190492197466514,0.004907839072121302,0.5697674418604651,0.4888888888888889,0,0,4,4,0
536,15,11,11,22,5,0.31284043694745717,0.3309262948207155,5.6614183128353265e-05,0.0005898669474550213,0.0003856518282653995,0.0006059991134547793,0.008503122495060612,0.31390134529147984,0.3516483516483517,0,0,11,0,0
537,6,17,42,59,4,0.3305541987637829,0.3517928286852567,0.0012537142815342078,0.001265558715735685,0.0004941341560126049,0.0007061148747928104,0.010046063552614623,0.16391509433962265,0.18921775898520085,0,0,11,1,0
538,9,8,9,17,5,0.28255706131702146,0.2964309428950866,8.221715236842682e-05,0.00017880072714458473,0.00012606074489504522,0.0005185331789664762,0.002565052761083459,0.4140625,0.4722222222222222,0,0,11,0,0
539,3,7,3,10,5,0.3064151427153095,0.3233731739707821,2.0784659005193785e-05,0.00015786108560533082,0.0002836101482277595,0.00041785242865650956,0.005619682909256677,0.29069767441860467,0.39285714285714285,0,0,3,1,0
540,15,8,6,14,5,0.30881121328852024,0.326029216467462,3.725828078513906e-05,0.00025391321775600814,0.0004913551567854388,0.00042051199517657183,0.008021289394867098,0.5465116279069767,0.5277777777777778,0,0,11,0,0
541,23,13,16,29,5,0.32861261756693244,0.3483565737051767,0.00010085443544164149,0.000823392588198388,0.0009086595875961246,0.000524944521671167,0.016195012605355694,0.3211586901763224,0.3473684210526316,0,0,3,0,0
542,4,14,18,32,5,0.29824770221645625,0.31699867197875087,3.9503563755144175e-05,0.0007446579205537009,0.00043497958144218606,0.0006495521760825131,0.009639838803454901,0.5373443983402489,0.5882352941176471,0,0,27,1,0
543,4,32,31,63,4,0.34078963334479345,0.3663678618857876,0.0022734786221839153,0.001445434201709775,0.001499141187006117,0.0011238521657098066,0.028940423739641605,0.28482651475919213,0.3,0,0,27,1,0
544,4,27,15,42,4,0.3434043875648302,0.36694887118193653,0.0020477700595238953,0.0009918032567418425,0.0016051245521960093,0.0012135773355145094,0.02949516022013695,0.33766233766233766,0.36772486772486773,0,0,27,1,0
545,11,19,14,33,4,0.3169761934321261,0.33914342629481875,0.00016019560573203852,0.0005232466578633655,0.0007130497382890175,0.0008749160120787186,0.0157412908042623,0.4855769230769231,0.49,0,0,0,2,0
546,35,72,75,147,4,0.3896433997035654,0.41948871181938724,0.007154560510995877,0.0034981004089106845,0.003191921740921259,0.0024205213151816665,0.06280825858694256,0.20907048581859028,0.22139764996907854,0,0,3,0,0
547,10,28,19,47,5,0.3082440668912962,0.3335823373173956,0.00010532134240531973,0.0007418478145345226,0.0008665413128265095,0.0010197121259665908,0.01823076629491703,0.5574387947269304,0.6481481481481481,0,0,0,2,0
548,6,20,29,49,4,0.3388973133211727,0.36014276228419356,0.00029541637717051287,0.0016273369425354289,0.0013385456469888776,0.0007435934021754652,0.0252669062984844,0.3452278589853826,0.42063492063492064,0,0,3,1,0
549,15,41,75,116,5,0.34839417627879765,0.376245019920316,0.003190799936461811,0.0021363061376946514,0.0014116077172561911,0.0015551282087090455,0.029229002651537935,0.16048545153022764,0.166179811749432,0,0,11,0,0
550,15,25,14,39,5,0.3442849116355093,0.36711487383797897,6.61466114064079e-05,0.0008531092659633196,0.0016351734757251667,0.0009178444237406875,0.03037380718561498,0.5027434842249657,0.5584045584045584,0,0,11,0,0
551,15,12,16,28,5,0.32106914284516647,0.33997343957503123,0.00026692576030510457,0.000656926351400487,0.000564028108218369,0.0006422925626415689,0.01098711944361601,0.2972972972972973,0.4263157894736842,0,0,11,0,0
552,22,35,25,60,5,0.3360138026472688,0.3629648074369165,0.00010828195912321865,0.0012164963176081818,0.001729518395186367,0.0010540602421183517,0.03232889141559685,0.5653912050256996,0.5585365853658537,0,0,26,0,0
553,2,7,6,13,5,0.2969286057891389,0.3128320053120841,1.2808388903710762e-05,0.00019484137033132226,0.00023886888502738454,0.00046085234491360585,0.004389482484298783,0.726027397260274,0.7142857142857143,0,0,4,4,0
554,2,10,8,18,5,0.30159729455940837,0.3188081009296138,3.964639514092087e-05,0.00021334675287633257,0.00029048805653377954,0.0005770406543459433,0.005886585375228887,0.5445205479452054,0.4909090909090909,0,0,4,4,0
555,14,15,3,18,5,0.3026851116723368,0.32260956175298694,5.017818613424606e-06,0.00010786795565322535,0.00043938993413919844,0.0006676308102502391,0.0077552426959803964,0.46688741721854304,0.5166666666666667,0,0,1,3,0
556,4,6,7,13,5,0.28556170892779376,0.30109561752988073,3.2730379829660224e-05,0.0002708833016923965,0.00016541859404982826,0.00039266757935210966,0.003970532422993223,0.3150684931506849,0.35714285714285715,0,0,27,1,0
557,3,15,15,30,4,0.3318613829408023,0.35209163346613304,7.671539286625568e-05,0.0008115647391612392,0.0007308581142457672,0.0006811878484438247,0.015651062172725206,0.41725768321513,0.43790849673202614,0,0,27,1,0
558,14,11,3,14,6,0.2732419933615153,0.28924302788844686,9.64631062022781e-06,1.8806541571301215e-05,0.00013582564572676466,0.0007719274605768874,0.002263867623378362,0.3202247191011236,0.30303030303030304,0,0,1,3,0
559,27,5,7,12,5,0.3072565572948481,0.32345617529880344,1.6745424901653694e-05,0.0005391016358159385,0.0003715487534533285,0.0003345005309409867,0.0072663603267011595,0.6048387096774194,0.5714285714285714,0,0,3,0,0
560,31,28,51,79,4,0.33787396964732913,0.3623007968127465,0.0031495113423708945,0.0016357165136510494,0.0008974807307918139,0.0011407131379939425,0.018901222546168082,0.16323192672554793,0.1595959595959596,0,0,11,1,0
561,34,1,0,1,0,0.23941374310654928,0.2473605577689254,0.0,-0.0,1.399174065513012e-05,0.00024586898402161614,0.0004161236306744853,0.0,0.0,0,8,3,0,0
562,4,25,26,51,5,0.3449925887406182,0.3678618857901699,0.0004078006469205484,0.0008130919914030404,0.0009066172778105988,0.0009464274660684238,0.01838127646786126,0.3361244019138756,0.36551724137931035,0,0,27,1,0
563,4,11,19,30,4,0.3226120027338986,0.34130146082337115,0.00047166878868375314,0.0006782935909297457,0.0005364017305516029,0.0005854282740844839,0.00981757110071374,0.33962264150943394,0.38011695906432746,0,0,27,1,0
564,19,2,32,34,4,0.2584124625439735,0.2687749003984078,0.0008505698672922849,0.0013187717721481476,5.859698518281282e-05,0.00025281685445999056,0.001315530351288169,0.16279069767441862,0.20161290322580644,0,0,26,0,0
565,14,8,8,16,6,0.2810194967305329,0.2969787516600268,3.180804051009481e-05,7.181256155946863e-05,0.00013832849969756304,0.0004790769206532115,0.003470776577006281,0.3448275862068966,0.3787878787878788,0,0,1,3,0
566,14,16,14,30,5,0.27949857522449756,0.29732735723771603,4.812548528138731e-05,0.00016932464775124806,0.00019959526938228165,0.000947510655036714,0.004037858482367062,0.43911007025761123,0.45021645021645024,0,0,1,3,0
567,4,3,1,4,6,0.2829142763123654,0.2948871181938917,0.0008142901971376706,-4.703455986681551e-23,0.00019365322286700904,0.00026760179105152345,0.003100863030650794,0.16666666666666666,0.3333333333333333,0,0,27,1,0
568,4,22,22,44,5,0.3271713341565512,0.34993359893758086,0.00016418526989547979,0.0009738922631798037,0.0011134460289868957,0.0008477025549331964,0.022118819500466926,0.43870967741935485,0.48148148148148145,0,0,27,1,0
569,14,28,33,61,5,0.3075380566602121,0.3320385126162005,0.0008733660514531129,0.0007495490821930797,0.0005678972987264709,0.0015166913927189842,0.01215735173913974,0.3086283185840708,0.3697705802968961,0,0,1,3,0
570,14,15,15,30,5,0.27268707460976566,0.2899568393094295,2.0484898569411555e-05,0.00021101105464373752,0.0001772419575438975,0.0007768724807963152,0.0036853814865350767,0.6108490566037735,0.6491228070175439,0,0,1,3,0
571,21,20,0,20,0,0.32093086879948024,0.34296148738379617,0.0,-0.0,0.00099243886870614,0.0007016623157361124,0.019973036342836856,0.5657894736842105,0.6105263157894737,0,28,26,0,0
572,4,21,14,35,5,0.340616731450656,0.36213479415670397,0.0007306790910033449,0.000510531906657058,0.0007811040067078947,0.0009043701445433321,0.01611155059846705,0.3210616438356164,0.391304347826087,0,0,27,1,0
573,14,16,16,32,5,0.3241697622835553,0.3452025232403696,9.115809068985613e-05,0.000505031934260513,0.0005932595678619707,0.0006916238767415818,0.011957973529116336,0.6594202898550725,0.6900584795321637,0,0,1,3,0
574,4,4,0,4,0,0.2745785523755651,0.28673638778220534,0.0,-0.0,0.00012281036130243258,0.0002860674284472771,0.0027489240983929047,0.5833333333333334,0.6666666666666666,0,120,27,1,0
575,0,11,0,11,0,0.2922240694192401,0.3099767596281538,0.0,-0.0,0.0002789869279235521,0.0004984567516945101,0.005757427702946412,0.5636363636363636,0.6,0,26,2,1,0
576,4,19,0,19,0,0.34565589721238316,0.36636786188578746,0.0,-0.0,0.0011814987044654122,0.0006686201243498041,0.021441500281209402,0.3304093567251462,0.4327485380116959,0,33,27,1,0
577,27,5,13,18,4,0.2989116552489951,0.31414342629482,0.0008707375294291232,0.0007695115903120713,0.00040260806692396576,0.0003135016968203229,0.007119781407790992,0.46621621621621623,0.44871794871794873,0,0,3,0,0
578,27,1,0,1,0,0.2193585501540124,0.22541500664010605,0.0,-0.0,1.0842983582192067e-05,0.00021813322290916375,0.0001154738375804627,0.0,0.0,0,97,3,0,0
579,17,15,15,30,5,0.2958817001715483,0.31505644090305385,7.508553224138351e-05,0.000272702320695332,0.00032434007300393813,0.0006645700762349245,0.006013124978772904,0.6376470588235295,0.6105263157894737,0,0,14,2,0
580,16,0,0,0,0,0.0,0.0,0.0,-0.0,-0.0,0.00019763802593715103,2.410940405363465e-34,0.0,0.0,1,164,5,8,1
581,3,26,25,51,4,0.33992687477936356,0.36379482071712876,0.0004288010279115797,0.0008251740444699268,0.0009332540857420048,0.0010273266874751513,0.017682186542698847,0.1814194577352472,0.2482758620689655,0,0,27,1,0
582,15,12,13,25,4,0.32877354441197015,0.34810756972111295,7.703041065548274e-05,0.0006782011705277508,0.0006793610693398713,0.0005446513683548529,0.01263144477223942,0.3694158075601375,0.4583333333333333,0,0,11,0,0
583,2,1,0,1,0,0.22976853256145782,0.23695219123506012,0.0,-0.0,4.2920689889545796e-06,0.0002477282147346364,0.00014083331422603577,0.0,0.0,0,13,4,4,0
584,4,4,0,4,0,0.29413987407015296,0.30838313413014556,0.0,-0.0,0.00017065346649008906,0.0003167223982221722,0.003230384555003199,0.8333333333333334,0.8333333333333334,0,105,27,1,0
585,4,8,6,14,4,0.29419613395672356,0.3105743691899066,5.824397895472009e-05,0.0002717303181422032,0.0002886425158014866,0.00047105938903371,0.005734442011817647,0.3465909090909091,0.38181818181818183,0,0,27,1,0
586,21,25,0,25,0,0.3270126491120068,0.35109561752987845,0.0,-0.0,0.001147923824503595,0.0008685323073367217,0.022441838362304567,0.4683333333333333,0.5133333333333333,0,23,26,0,0
587,21,13,7,20,5,0.29252966348115167,0.3104913678618859,9.12344511463931e-06,0.00031464337287421753,0.0004412055481283014,0.0005525569060505933,0.009021061403790357,0.5842391304347826,0.5824175824175825,0,0,26,0,0
588,11,21,13,34,4,0.312113239279053,0.33449535192562907,0.0002253402783978545,0.000535872953695487,0.0006482952034982395,0.0009936870318902117,0.014207558035864275,0.36156648451730417,0.48917748917748916,0,0,0,2,0
589,23,15,20,35,5,0.3266937117709212,0.34686254980079423,6.0640174488681156e-05,0.0014060020330611365,0.0010321866594467548,0.0005779830291711169,0.01975651595849127,0.4571917808219178,0.4601449275362319,0,0,3,0,0
590,11,27,14,41,4,0.3201504900759385,0.34528552456839107,0.0002100093758334314,0.0005299383882946201,0.0008083983677420988,0.001051757684328231,0.01637599965390936,0.5142679900744417,0.5698005698005698,0,0,0,2,0
591,23,6,6,12,4,0.316378688826222,0.3334993359893738,2.5879387118689814e-06,0.0005007891118627209,0.0005526714676344827,0.0003382251863463513,0.01018053197112878,0.4596774193548387,0.5714285714285714,0,0,3,0,0
592,17,28,30,58,4,0.3189337661231558,0.34387450199202996,0.0010663468101880977,0.0005446117817512362,0.00046976804858881165,0.0012422574822897334,0.01032352247464643,0.43765356265356264,0.42424242424242425,0,0,14,2,0
593,5,39,25,64,4,0.3446383869041289,0.3723439575033173,0.0008544306457570607,0.0006580922864696692,0.0010931170064753166,0.001492384338373059,0.022602615211051884,0.30892678034102306,0.3681765389082462,0,0,27,1,0
594,36,6,0,6,0,0.3027404551833153,0.3187583001328009,0.0,-0.0,0.0005143204721806686,0.0003204401363547067,0.008174068645310863,0.8666666666666667,0.9333333333333333,0,72,3,0,0
595,15,1,0,1,0,0.23000411205485646,0.23761620185923,0.0,-0.0,8.226512442217558e-06,0.00022591549793352238,0.00016796814035568573,0.0,0.0,0,145,2,1,0
596,23,2,5,7,4,0.2824381900249235,0.29516932270916396,1.355483099096309e-06,0.0002491521191883912,9.474724393079449e-05,0.0002649944328170328,0.0023626514140698686,0.39473684210526316,0.5,0,0,3,0,0
597,23,13,11,24,5,0.31772625541374494,0.3374833997343943,9.48911419064921e-05,0.0005831037817991109,0.000627544801559711,0.0005203563243756225,0.011445598478950618,0.2126865671641791,0.23333333333333334,0,0,3,0,0
598,2,7,6,13,5,0.2969286057891389,0.3128320053120841,8.517459202214031e-06,0.00019715100146750514,0.00023883634062804633,0.00046085234491360585,0.004389482484298783,0.75,0.7619047619047619,0,0,4,4,0
599,19,3,13,16,4,0.25991311563656333,0.2708167330677306,1.2263538483066386e-05,0.0005714584391906571,8.330185373501238e-05,0.00029538557420439237,0.0019246530867983416,0.4067796610169492,0.4175824175824176,0,0,26,0,0
600,4,9,4,13,5,0.2921477709700797,0.3084495351925627,1.9275299766975265e-05,0.00014231360837719354,0.00033947530313016295,0.0004646876829522709,0.007067906826053683,0.46710526315789475,0.5454545454545454,0,0,27,1,0
601,36,37,13,50,4,0.36626054429309496,0.38985723771580094,0.0005094802943410433,0.0008827482097315484,0.001938118553471812,0.0012192324711351164,0.035441048365237454,0.31615828524319867,0.3712660028449502,0,0,3,1,0
602,14,19,16,35,5,0.3178766939816492,0.3395916334661333,0.0002824102700534809,0.00039101675065683476,0.0004992855930465691,0.000901287757794276,0.00969699609968213,0.300513698630137,0.42028985507246375,0,0,1,3,0
603,1,1,0,1,0,0.18322679876735912,0.18845570100550008,0.0,-0.0,4.3968110019807664e-07,0.00021828719764844455,8.475149475092722e-06,0.0,0.0,0,75,2,5,0
604,22,8,0,8,0,0.3003088049408791,0.3173472775564403,0.0,-0.0,0.00035592374131544963,0.00040373241862904724,0.007520636758689419,0.5178571428571429,0.5357142857142857,0,79,26,0,0
605,1,4,0,4,0,0.21734229319834067,0.22652722443559045,0.0,-0.0,5.013690107956274e-06,0.0004800114355357855,9.305841923831953e-05,0.0,0.0,0,25,2,5,0
606,21,1,0,1,0,0.2537677344918967,0.26225099601593777,0.0,-0.0,4.646549187950165e-05,0.0002185416431560991,0.000950273879360969,0.0,0.0,0,143,11,1,0
607,34,26,23,49,5,0.33434042713607726,0.35831673306772654,0.00017163547549589624,0.00127744847935798,0.0011644624194589895,0.0009002012738018371,0.02373577233613833,0.309051724137931,0.3465909090909091,0,0,3,0,0
608,14,22,22,44,5,0.29176687426738074,0.31364541832669285,0.00020945168479825566,0.0003259330586547984,0.00027850991118597604,0.0009425951888065925,0.0054289795633058364,0.4666666666666667,0.47883597883597884,0,0,1,3,0
609,13,4,2,6,5,0.2807844323250703,0.2946547144754322,8.166095668846133e-07,5.962207943668123e-05,0.00022643589446332563,0.00030237776076024077,0.0042473661372782944,0.6153846153846154,0.6666666666666666,0,0,0,2,0
610,6,7,15,22,4,0.30655505830559043,0.32353917662682485,0.00010075696138932359,0.0005820329167273106,0.00035263296112093606,0.00037949501193174063,0.006774868240275123,0.32666666666666666,0.2916666666666667,0,0,26,0,0
611,4,25,17,42,5,0.35353110989428277,0.375249003984061,0.002078156790543436,0.0008298841425301342,0.0011756069855518578,0.0012729979523014192,0.0238339079632588,0.3349112426035503,0.38769230769230767,0,0,27,1,0
612,37,46,26,72,4,0.3559679627196411,0.38446215139441964,0.0011673466562336164,0.0009669702775144352,0.0021576804124972394,0.0016616820737011652,0.04021580433114647,0.2425137903861308,0.283717679944095,0,0,3,0,0
613,6,7,8,15,5,0.2730197550586592,0.28532536520584434,0.00017532628509714498,0.00014564908520730446,9.207572409525064e-05,0.0004358736144651992,0.0017594308169017686,0.034653465346534656,0.05454545454545454,0,0,11,0,0
614,24,3,1,4,5,0.23849221232299933,0.24707835325365288,1.156582586714967e-05,9.46244415739086e-05,1.5870209968270654e-05,0.0003770303148291496,0.00030381608127791305,0.25,0.3333333333333333,0,0,11,6,0
615,35,39,49,88,4,0.35559087801337025,0.3821381142098251,0.0018890169560782939,0.0021634798560380914,0.0016732993217599436,0.001346759206447321,0.032218902964002684,0.21828947368421053,0.26101694915254237,0,0,3,0,0
616,6,5,5,10,5,0.281963703355415,0.2957503320053122,1.5330309041184472e-05,0.00014950860918355122,0.00011300245289682521,0.000362883009974577,0.0022826903546026385,0.14634146341463414,0.26666666666666666,0,0,11,1,0
617,17,6,1,7,6,0.2680062186384204,0.28094289508632225,8.44737988307064e-06,3.984687635635747e-06,8.543634313313324e-05,0.0007076115979564312,0.002218208259486849,0.5,0.6666666666666666,0,0,14,2,0
618,16,12,3,15,5,0.2836314227668961,0.29998339973439625,0.0010080266792965302,6.572459973991223e-05,0.00023010291709015473,0.0012008114548744653,0.004570877229252519,0.4854368932038835,0.5641025641025641,0,0,3,2,0
619,6,6,7,13,4,0.2784552375318304,0.29443891102257697,7.711146774502074e-05,0.00030447896868534326,0.00019479802660756366,0.0003773166801953356,0.0041713984312842884,0.636986301369863,0.7142857142857143,0,0,26,0,0
620,4,2,1,3,5,0.28764163568519413,0.300332005312085,0.0,5.74492521730541e-05,0.00014626498275890868,0.00025730772402618874,0.002682083180660012,1.0,1.0,0,0,11,1,0
621,0,13,14,27,5,0.315634968354134,0.3354083665338626,0.0003622835796271926,0.0005045827631734858,0.0004201821243352311,0.0005624961410893819,0.008367769985380767,0.3284457478005865,0.38235294117647056,0,0,2,1,0
622,21,1,0,1,0,0.2452594868340051,0.25360225763612354,0.0,-0.0,1.6288926211825414e-05,0.00022756506137612206,0.00034205233535701735,0.0,0.0,0,110,26,0,0
623,4,8,4,12,5,0.3061356943407401,0.3229581673306759,0.001025372829561126,0.00020198942323054197,0.0003255718638503748,0.000742849136385086,0.005756303416347356,0.3359375,0.28888888888888886,0,0,27,1,0
624,26,11,1,12,5,0.31401102791826146,0.3328353253652042,1.3167531528029982e-05,4.1145722357294294e-05,0.00043970349580584826,0.0004609580274993514,0.00714704030253159,0.27692307692307694,0.23636363636363636,0,0,3,2,0
625,21,6,0,6,0,0.27592949236265274,0.2909030544488721,0.0,-0.0,0.0003039517729477224,0.00033773760429360155,0.006014737818963371,1.0,1.0,0,29,26,0,0
626,4,1,0,1,0,0.2731298830651421,0.28256972111553885,0.0,-0.0,8.607139964200422e-05,0.00022119382926550724,0.0017686455151209371,0.0,0.0,0,108,3,0,0
627,15,9,12,21,4,0.31802727507780343,0.3364043824701177,0.00010686201619865846,0.0006026314448642319,0.00046435314337560927,0.00044409719528577536,0.008106916657433206,0.29064039408866993,0.2857142857142857,0,0,11,0,0
628,7,6,0,6,0,0.2672724511010762,0.2799302788844633,0.0,-0.0,0.00010036315312098886,0.0003780444779302493,0.0022883370726305783,0.9333333333333333,1.0,0,17,2,1,0
629,1,3,1,4,6,0.2660941647599061,0.2772908366533875,1.585286444674237e-06,1.9616821491036484e-05,5.055664702429735e-05,0.00029245230208128903,0.0010917525266070473,0.5,0.5,0,0,11,1,0
630,20,2,0,2,0,0.2623750611588733,0.27264276228419787,0.0,-0.0,6.878335011211803e-05,0.0002755112168795073,0.0015062598625620266,1.0,1.0,0,22,26,0,0
631,19,2,0,2,0,0.25874357242311036,0.2686420982735739,0.0,-0.0,7.029430901770743e-05,0.00024868788403031703,0.001401437285231878,1.0,1.0,0,112,26,0,0
632,7,2,2,4,6,0.24298066510649408,0.2526228419654725,0.0,1.708990150988409e-05,2.401471080169029e-05,0.000268208160749201,0.000584565226885899,1.0,1.0,0,0,2,1,0
633,21,0,0,0,0,0.0,0.0,0.0,-0.0,-0.0,0.00019763802593715103,2.410940405363465e-34,0.0,0.0,2,165,6,9,2
634,21,0,1,1,6,0.0,0.0,0.0,5.244629847336777e-07,-0.0,0.00019763802593715103,2.410940405363465e-34,0.0,0.0,0,166,26,0,0
635,21,2,9,11,5,0.24412930097790658,0.25385126162018695,0.0009573464748540276,0.00042571091497010575,3.0286053444631995e-05,0.00038654747530134526,0.0005900744837643459,0.7,0.7636363636363637,0,0,26,0,0
636,21,1,0,1,0,0.27060395330619624,0.2815737051792838,0.0,-0.0,8.89803622286487e-05,0.00022024127907437053,0.0017342388636824133,0.0,0.0,0,160,26,0,0
637,19,3,0,3,0,0.2646449201228903,0.2756142098273587,0.0,-0.0,0.00011265100624523891,0.00026312032626342073,0.002192626830541186,1.0,1.0,0,111,26,0,0
638,38,5,22,27,5,0.28267603271126024,0.2960823373173976,6.73217790689764e-05,0.0009198571326777834,0.0002103217283521891,0.0002962380640752275,0.0037333765777883684,0.20545977011494254,0.2391304347826087,0,0,26,0,0
639,19,5,0,5,0,0.273019079867144,0.28489375830013397,0.0,-0.0,0.000143676885546359,0.0002992947309890966,0.0025432248448275523,0.35,0.4,0,65,26,0,0
640,16,16,8,24,4,0.3050229794135589,0.32412018592297365,6.946924125555306e-05,0.0002748381818124543,0.0004007080233189147,0.0007174443000873071,0.00824198706527418,0.5390334572490706,0.5294117647058824,0,0,3,2,0
641,23,11,15,26,4,0.32877354441197015,0.34760956175298563,0.0008807105849925109,0.0008762576361339736,0.0009140989645798968,0.00048074341773514547,0.01723684053952807,0.4195583596214511,0.4117647058823529,0,0,3,0,0
642,6,19,7,26,5,0.32621748187038047,0.34769256308100693,9.195730271536328e-06,0.0005334801183606431,0.0014275722249448126,0.0006375724493323213,0.02462092327505439,0.49056603773584906,0.5497076023391813,0,0,3,0,0
643,37,13,3,16,5,0.30995179025357483,0.3301294820717119,4.4945239668606336e-05,3.479978355348981e-05,0.0004536716107218421,0.0006837930167469923,0.009027034111416251,0.27350427350427353,0.3333333333333333,0,0,3,0,0
644,25,11,12,23,4,0.3178766939816492,0.3366533864541819,5.1437673127241035e-05,0.0005943702053413613,0.0004893860986715839,0.0005136754269760009,0.01011903878478809,0.37755102040816324,0.4,0,0,14,1,0
645,1,4,3,7,6,0.26214587180368726,0.2739375830013293,8.18983264528483e-05,3.0199455716154717e-05,5.11038490773302e-05,0.0003261855709330159,0.0010893677991019434,0.2894736842105263,0.4,0,0,2,1,0
646,22,3,0,3,0,0.27809588093905374,0.29050464807436993,0.0,-0.0,0.00017010111830996908,0.00026452622778499725,0.0034636817667519117,1.0,1.0,0,86,26,0,0
647,6,10,7,17,4,0.31533845828522455,0.3334163346613529,2.414503249286026e-05,0.0003893589840654897,0.0006131814265553029,0.0004451383484098398,0.010929447566913067,0.2862595419847328,0.45454545454545453,0,0,3,0,0
648,21,0,0,0,0,0.0,0.0,0.0,-0.0,-0.0,0.00019763802593715103,2.410940405363465e-34,0.0,0.0,3,167,7,10,3
649,14,8,6,14,5,0.2987786282551148,0.3156374501992024,4.882739669999281e-05,0.000165776044258883,0.00029030253320771056,0.0004472185194582387,0.005320755490488865,0.26436781609195403,0.4,0,0,1,3,0
650,1,1,1,2,5,0.25931076774401046,0.26894090305445034,0.0,4.978036398779529e-05,3.928174518821161e-05,0.0002302974375031008,0.0009271015854399521,0.0,0.0,0,0,11,1,0
651,26,11,12,23,5,0.31371755966787057,0.3327523240371831,7.067913443805234e-05,0.0005133612563215225,0.000467445115939147,0.000519144434606192,0.008713148195880663,0.24696356275303644,0.27205882352941174,0,0,3,0,0
652,8,4,7,11,5,0.2757107095233031,0.2881142098273578,8.105436508148213e-06,0.00032203268486197934,0.00015302630644744986,0.00032400472258715376,0.0033038559683295455,0.38235294117647056,0.3333333333333333,0,0,3,0,0
653,7,0,0,0,0,0.0,0.0,0.0,-0.0,-0.0,0.00019763802593715103,2.410940405363465e-34,0.0,0.0,4,168,8,11,4
654,37,37,6,43,5,0.3505773251640956,0.3771082337317374,0.00023602164526440131,0.00023860353144246132,0.0016218380970027437,0.0012998165222660243,0.030431607913760372,0.24276169265033407,0.2802275960170697,0,0,3,0,0
655,4,25,22,47,4,0.3356777888446215,0.3594289508632113,0.00034761158607633986,0.000974730438850369,0.000954574293066256,0.0009541677060693051,0.020797361503549196,0.2791353383458647,0.296551724137931,0,0,0,1,0
656,0,11,0,11,0,0.2785563045829925,0.29603253652058475,0.0,-0.0,0.00014539247467309032,0.0005538525545215809,0.0029929899212797965,0.4090909090909091,0.4727272727272727,0,6,2,1,0
657,17,1,0,1,0,0.255404945682167,0.2653884462151407,0.0,-0.0,3.8378054902924e-05,0.00023138528269508763,0.0009449605551394097,0.0,0.0,0,154,14,0,0
658,14,0,0,0,0,0.0,0.0,0.0,-0.0,-0.0,0.00019763802593715103,2.410940405363465e-34,0.0,0.0,5,169,9,12,5
659,6,1,0,1,0,0.25795018469624764,0.2689907038512628,0.0,-0.0,4.4971328201678874e-05,0.00022225470958404616,0.0008163288172340953,0.0,0.0,0,148,2,1,0
660,17,0,0,0,0,0.0,0.0,0.0,-0.0,-0.0,0.00019763802593715103,2.410940405363465e-34,0.0,0.0,6,170,10,13,6
661,14,38,35,73,4,0.3338416597161825,0.3621347941567043,0.0014420478065487402,0.0010847547088419565,0.0011387199206742678,0.0015400840175063607,0.023222799685666907,0.31543494996150884,0.34219269102990035,0,0,1,3,0
662,16,15,13,28,4,0.3212227644446139,0.3417164674634771,0.00010859017494104973,0.0008076778107178244,0.0007635148951661297,0.0005915327032694347,0.013678845700186742,0.5421195652173914,0.5947712418300654,0,0,3,0,0
663,15,18,7,25,5,0.32153044908488654,0.3432104913678599,2.6796048053603545e-05,0.00026532447453865766,0.0007171132017223875,0.0007786193264164491,0.014191820020320984,0.4334470989761092,0.5490196078431373,0,0,11,0,0
664,4,8,3,11,5,0.3011913762625586,0.3185424966799462,1.8637682735834266e-05,5.763073266717234e-05,0.00034890906653383395,0.00036494654319140635,0.006388549498848684,0.16363636363636364,0.2,0,0,27,1,0
665,32,21,21,42,5,0.32183872372446937,0.34404050464807256,0.0001110127829864315,0.0010873315591080964,0.0010204942455328803,0.0007295514336479207,0.02012090010551813,0.566193853427896,0.5584045584045584,0,0,26,0,0
666,14,15,18,33,5,0.3265348140511883,0.3472775564409007,0.0002469026598127925,0.0006079876868998924,0.0005992099441991067,0.0007218416131276145,0.012157580098697704,0.5096711798839458,0.47186147186147187,0,0,1,3,0
667,15,28,12,40,5,0.3358457117004718,0.36022576361221514,0.00014516652408797895,0.0005604635642837908,0.0011193913710321514,0.0009731646296244852,0.020008397796930043,0.33506493506493507,0.36091954022988504,0,0,11,0,0
668,0,1,0,1,0,0.2448133982802874,0.25481407702523357,0.0,-0.0,2.1610797061104345e-05,0.0002223489842172392,0.0004130322036996539,0.0,0.0,0,162,2,1,0
669,23,5,3,8,5,0.2935529417093323,0.30808432934926927,1.473168726267649e-05,0.00010656716499092794,0.00018838229437557322,0.00035166273637249335,0.003604188573636314,0.19230769230769232,0.2,0,0,3,0,0
670,21,0,0,0,0,0.0,0.0,0.0,-0.0,-0.0,0.00019763802593715103,2.410940405363465e-34,0.0,0.0,7,171,12,14,7
671,29,25,11,36,5,0.31622966447915357,0.34038844621513786,7.517147585613542e-05,0.0005366804410980437,0.001110358210191964,0.0008795073383048397,0.021033400542770364,0.3701923076923077,0.3816091954022989,0,0,11,0,0
672,14,12,3,15,5,0.31313226571326636,0.3322543160690553,3.7558973809973522e-06,0.00013252970090935005,0.00047924301376757597,0.0005577283983188507,0.00875264228886819,0.529126213592233,0.5641025641025641,0,0,1,3,0
673,23,1,1,2,5,0.253341727429903,0.2617529880478103,0.0,5.3098795819598363e-05,4.646549187950165e-05,0.0002185416431560991,0.000950273879360969,0.0,0.0,0,0,11,1,0
674,14,8,18,26,5,0.2727978779720614,0.2872343957503326,2.099524239230723e-05,0.0002758561182180547,0.00013643393850834223,0.0004962465545066926,0.003034817938285243,0.5094637223974764,0.5490196078431373,0,0,1,3,0
675,1,0,0,0,0,0.0,0.0,0.0,-0.0,-0.0,0.00019763802593715103,2.410940405363465e-34,0.0,0.0,8,172,13,15,8
676,17,4,0,4,0,0.2954310938860887,0.31004316069057053,0.0,-0.0,0.00017002021064716405,0.0003213453883708081,0.0029073048812530474,0.5833333333333334,0.6666666666666666,0,93,14,2,0
677,26,2,0,2,0,0.28565026819716044,0.29757636122177994,0.0,-0.0,0.0001295140979479543,0.00024875042533550705,0.0026621079186507856,1.0,1.0,0,20,27,1,0
678,15,8,10,18,5,0.28255706131702146,0.29832337317397106,4.070456971547136e-05,0.00022520493684588858,0.0002077833014668016,0.00043938463583052,0.004374964857989356,0.2986577181208054,0.32967032967032966,0,0,11,0,0
679,29,18,8,26,4,0.31110082376702647,0.3327025232403705,7.02378141482649e-05,0.0003256950370471794,0.0006079899775816506,0.0007711638539259828,0.011738358382893761,0.3391167192429022,0.42483660130718953,0,0,11,0,0
680,0,1,0,1,0,0.23814296952318117,0.24671314741035938,0.0,-0.0,1.0264293904214888e-05,0.0002299909170791746,0.00027863858378769765,0.0,0.0,0,15,2,1,0
681,0,19,16,35,4,0.3273308521156719,0.34910358565736793,0.00042690902150563294,0.0005195752024680222,0.000640869109887137,0.0008195354988327195,0.01184837474270181,0.4475945017182131,0.43722943722943725,0,0,2,1,0
682,0,3,0,3,0,0.2573583295879579,0.2672642762284212,0.0,-0.0,3.778222438089258e-05,0.00034194711995220957,0.0009007723326286928,0.5,0.6666666666666666,0,11,2,1,0
683,22,8,0,8,0,0.28480407612040204,0.30043160690571097,0.0,-0.0,0.00034302583072692714,0.00038686577347988666,0.007143006517076584,0.9107142857142857,0.9642857142857143,0,61,26,0,0
684,34,0,0,0,0,0.0,0.0,0.0,-0.0,-0.0,0.00019763802593715103,2.410940405363465e-34,0.0,0.0,9,173,15,16,9
685,21,36,44,80,5,0.32797048250573674,0.35532868525896205,0.00044989923664733164,0.001622415485060436,0.0012803660352026297,0.0011821020409268621,0.02547595587753086,0.5110364683301344,0.5333333333333333,0,0,26,0,0
686,6,8,7,15,4,0.3089533261340281,0.3258632138114195,3.233350627297311e-05,0.00036347098748503923,0.00037070797123236343,0.0004107123548973294,0.006787325502556322,0.355,0.37777777777777777,0,0,11,0,0
687,16,7,0,7,0,0.3080055065778078,0.3246181938911009,0.0,-0.0,0.0003978244977127824,0.0003798641576984927,0.0071921812217734865,0.6666666666666666,0.6666666666666666,0,107,3,2,0
688,4,1,0,1,0,0.24104299135834886,0.249535192563082,0.0,-0.0,2.0367229702052904e-05,0.00022847293940437603,0.0004693770973691549,0.0,0.0,0,14,27,1,0
689,4,1,1,2,5,0.24080185713387486,0.24928618857901824,3.989513382735894e-07,1.3982830870320385e-05,2.0367229702052904e-05,0.00022847293940437603,0.0004693770973691549,0.0,0.0,0,0,27,1,0
690,15,13,17,30,4,0.33736461190414224,0.3567397078353228,0.0001239109685562927,0.0010488485495624888,0.0008063053250069561,0.0006011259329318843,0.015490476868884608,0.4541176470588235,0.4842105263157895,0,0,11,0,0
691,21,0,0,0,0,0.0,0.0,0.0,-0.0,-0.0,0.00019763802593715103,2.410940405363465e-34,0.0,0.0,10,174,16,17,10
692,0,1,2,3,6,0.2406292393151409,0.2503320053120858,1.2166827653526116e-07,4.1766167260297205e-05,2.0835958835686223e-05,0.00022472634856813463,0.0003859365631482202,0.0,0.0,0,0,2,1,0
693,36,5,0,5,0,0.3027404551833153,0.31814409030544366,0.0,-0.0,0.0004899545135055841,0.0003062609828633498,0.00834020584640872,1.0,1.0,0,113,3,0,0
694,4,7,4,11,5,0.29138696948317844,0.3062250996015933,4.7855198946687664e-05,0.00021539304184892317,0.00022706111389522713,0.00047775968476716454,0.005015253936560801,0.2358490566037736,0.19444444444444445,0,0,27,1,0
695,23,10,24,34,4,0.31622966447915357,0.33457835325365015,0.00018462942629817445,0.0010684710417705214,0.0006149109713083975,0.00043367481125408647,0.011254669278220377,0.213898916967509,0.2222222222222222,0,0,11,1,0
696,1,7,4,11,5,0.2707078942295335,0.28447875166002784,3.2954696972577404e-06,0.00014176264042308747,0.0001684549858048934,0.00042216724745237645,0.003002501889327554,0.6792452830188679,0.7222222222222222,0,0,11,1,0
697,1,5,1,6,5,0.25013248051015013,0.2614541832669335,0.0002856041421290582,6.731958693489494e-05,2.216132963798143e-05,0.0005632934722882621,0.000524964220462113,0.2,0.26666666666666666,0,0,2,5,0
698,22,23,25,48,4,0.2981152654037491,0.32114873837981367,2.9790032541352704e-05,0.0008951815497523695,0.0008143174364114425,0.0007861160240659375,0.016194914380535236,0.7443541102077688,0.8091168091168092,0,0,26,0,0
699,14,21,12,33,5,0.28459329278899664,0.30577689243027895,0.0002708663207102328,0.00020041680070800248,0.00023312382382159542,0.0010155351779717933,0.005073576133782668,0.3651252408477842,0.4528985507246377,0,0,1,3,0
700,14,27,16,43,5,0.288879336355096,0.31301460823373156,0.00025703953313723675,0.0001805002128629822,0.00028335753313363666,0.0012513998115885466,0.005870960541938113,0.31179775280898875,0.4298850574712644,0,0,1,3,0
701,30,1,0,1,0,0.23941374310654928,0.2473605577689254,0.0,-0.0,1.399174065513012e-05,0.00024586898402161614,0.0004161236306744853,0.0,0.0,0,9,3,0,0
702,4,2,0,2,0,0.285045333279335,0.29714475431606946,0.0,-0.0,0.000188149211612281,0.0002363862637148154,0.003186181124209799,1.0,1.0,0,44,3,0,0
703,9,0,0,0,0,0.0,0.0,0.0,-0.0,-0.0,0.00019763802593715103,2.410940405363465e-34,0.0,0.0,11,175,17,18,11
704,10,1,0,1,0,0.2837234535718845,0.29515272244355956,0.0,-0.0,0.00012411028993939305,0.00022096360482057786,0.0023272392738068227,0.0,0.0,0,156,3,0,0
705,4,6,1,7,5,0.30530039913107915,0.3218293492695873,9.82686793719595e-07,4.04323392124819e-05,0.00029264042003584523,0.0003800217199019882,0.007009138324338214,0.4523809523809524,0.5238095238095238,0,0,27,1,0
706,4,10,4,14,5,0.29998015088884855,0.3173970783532527,0.000242972379023577,0.00014790005654093642,0.00024344215731225913,0.0006275319466144825,0.004460883295705818,0.2640449438202247,0.30303030303030304,0,0,27,1,0
707,14,34,24,58,5,0.32030323363036406,0.34785856573704976,0.0007456666859383833,0.00033975039455284313,0.0004577815311205433,0.0014890644310864257,0.009538877370421533,0.2654434250764526,0.3269230769230769,0,0,1,3,0
708,16,16,11,27,5,0.3169761934321261,0.3374833997343937,6.00471336012841e-05,0.0004657110132703999,0.0007075539301671228,0.0006830970557421179,0.012621958693526053,0.6505847953216374,0.6339869281045751,0,0,3,2,0
709,16,3,0,3,0,0.2566712554815065,0.26719787516600396,0.0,-0.0,7.338546421135497e-05,0.00027318103928170614,0.001348505115694184,1.0,1.0,0,106,3,2,0
710,15,18,11,29,5,0.30132656090181464,0.3222111553784851,0.0001254286959293527,0.0002736816091356444,0.0004663747540595545,0.0007557186295350578,0.009219608170535814,0.3329113924050633,0.43137254901960786,0,0,11,0,0
711,21,0,0,0,0,0.0,0.0,0.0,-0.0,-0.0,0.00019763802593715103,2.410940405363465e-34,0.0,0.0,12,176,18,19,12
712,0,4,0,4,0,0.26963648204942026,0.28276892430278955,0.0,-0.0,0.0001150278077931563,0.000441006839477322,0.0023688838201570313,0.0,0.0,0,138,27,7,0
713,15,2,2,4,5,0.2508802607209428,0.2609229747675975,0.0,0.00011634631024092425,5.371496217596775e-05,0.00026714031306406623,0.0011332526541556064,1.0,1.0,0,0,11,0,0
714,4,22,7,29,5,0.3289346289511235,0.3511786188578991,4.5247836072445856e-05,0.0003895177814374146,0.0009609232193252137,0.000744345475624524,0.018131601388841324,0.46375,0.49407114624505927,0,0,27,1,0
715,15,5,2,7,5,0.2812549550436712,0.2954183266932273,2.9884454721026004e-05,0.00012670562652167025,0.00021368797346337572,0.0003869833920222986,0.0035950481115521018,0.21052631578947367,0.1,0,0,11,0,0
716,29,1,1,2,5,0.27213440522466276,0.2830677290836661,0.0,6.731958693489494e-05,7.117298107691638e-05,0.00022577164525742512,0.001298915978844723,0.0,0.0,0,0,26,0,0
717,24,9,3,12,5,0.3171259223850935,0.3354913678618838,0.0009617743998375938,0.00018151381468451438,0.00043050057176502487,0.000601270005272866,0.008896442382719805,0.3492063492063492,0.3055555555555556,0,0,26,1,0
718,21,6,0,6,0,0.2873578274434287,0.302506640106242,0.0,-0.0,0.0002532210570432605,0.00034740961524607904,0.005085198876878649,0.7333333333333333,0.8666666666666667,0,84,26,0,0
719,7,11,11,22,5,0.29679733761681837,0.3143924302788838,0.0005233763137483799,0.00037581896762521746,0.00027383529911416274,0.0006225164909146922,0.005245871905782754,0.5,0.5256410256410257,0,0,2,1,0
720,14,15,22,37,5,0.300248469449572,0.3195551128818051,0.00018569644481125508,0.00033476962014302103,0.00025801311451436736,0.0007873556527433492,0.005046684708692501,0.37883435582822084,0.5098814229249012,0,0,1,3,0
721,11,5,1,6,5,0.2730197550586592,0.28585657370518036,3.24896107094099e-07,2.112858629994638e-05,0.00014139374526357976,0.0003611184904064869,0.003567069853899835,0.7857142857142857,0.9,0,0,0,2,0
722,11,4,0,4,0,0.2755905126423055,0.2883134130146092,0.0,-0.0,0.00011774831002738286,0.0003200154628960729,0.003015554558129578,0.6666666666666666,0.6666666666666666,0,78,0,2,0
723,9,10,8,18,5,0.2859265663071734,0.30121181938911046,0.00017805550273633261,0.00011581919691938944,0.00019762682276690092,0.0005276469533070124,0.003648134796575581,0.2585034013605442,0.2727272727272727,0,0,11,0,0
724,13,2,0,2,0,0.29504253918128454,0.30896414342629436,0.0,-0.0,0.00018430280744728754,0.00024570760816179746,0.0032502597411034296,1.0,1.0,0,41,2,2,0
725,10,12,3,15,5,0.2947127206713095,0.3136786188579012,5.474704288407306e-06,9.167339176707499e-05,0.0004623688902142392,0.000511599581416391,0.0096450067023391,0.7233009708737864,0.8333333333333334,0,0,0,2,0
726,31,8,15,23,4,0.3184798755641571,0.33623837981407506,1.685780401171549e-05,0.0009400104643937462,0.0007101526218542081,0.00038383339007670497,0.01290151752915736,0.45564516129032256,0.49019607843137253,0,0,3,1,0
727,4,3,3,6,5,0.2684348571328441,0.2797476759628165,1.7433085687741145e-06,0.00013035402605951225,9.712581255851422e-05,0.0002827308611603555,0.0016485593216626117,0.38461538461538464,0.3333333333333333,0,0,3,1,0
728,22,16,4,20,4,0.3118233059401965,0.3330345285524554,5.010117728204121e-05,0.00021239004031761892,0.00047139228104816044,0.0008090336661079312,0.009516461060138759,0.5134408602150538,0.49166666666666664,0,0,11,0,0
729,14,8,0,8,0,0.28288862205654053,0.29829017264276253,0.0,-0.0,0.00019374387256946508,0.00046907688329778633,0.0037066876248305638,0.32142857142857145,0.39285714285714285,0,38,1,3,0
730,23,8,12,20,4,0.3243263660334507,0.34221447543160466,5.529634297709058e-05,0.0008600860101967184,0.0007174861110014211,0.00038387411963573993,0.01193634093996088,0.24725274725274726,0.3181818181818182,0,0,2,1,0
731,1,0,0,0,0,0.0,0.0,0.0,-0.0,-0.0,0.00019763802593715103,2.410940405363465e-34,0.0,0.0,13,177,19,20,13
732,4,0,0,0,0,0.0,0.0,0.0,-0.0,-0.0,0.00019763802593715103,2.410940405363465e-34,0.0,0.0,14,178,20,21,14
733,9,9,11,20,5,0.2948421509395007,0.3103419654714471,0.0002622159792269916,0.00019076167230403196,0.00016227011153285208,0.0005803611665892048,0.0040024109080174525,0.28415300546448086,0.28205128205128205,0,0,11,0,0
734,1,13,2,15,5,0.31415796803427376,0.3339309428950848,1.369102352749786e-05,3.0596622748717147e-05,0.000517316900479642,0.0005622739879352752,0.011065492551300788,0.30288461538461536,0.34065934065934067,0,0,2,1,0
735,17,6,1,7,5,0.2535330731454845,0.2655876494023916,0.0,5.378777721183262e-05,6.308671834018998e-05,0.0003843386059779922,0.00146603934464432,0.9285714285714286,0.9523809523809523,0,0,14,2,0
736,27,5,1,6,5,0.3186310288036275,0.3354913678618837,2.0430062218199406e-07,7.101014735194107e-05,0.0005737019622798099,0.0003171253025198961,0.009925344468750066,0.6785714285714286,0.7,0,0,3,0,0
737,28,1,1,2,5,0.24883453583737697,0.258615537848607,0.0,3.758631347011357e-05,3.633309404559166e-05,0.0002266969378585551,0.0007241291624636337,0.0,0.0,0,0,26,0,0
738,22,31,25,56,5,0.3240133096955806,0.3499667994687895,6.846447323415095e-05,0.0010171249308921848,0.001254090794026224,0.0009903568382472099,0.02533922578068513,0.7210144927536232,0.7076648841354723,0,0,26,0,0
739,14,6,0,6,0,0.2947840700273806,0.3099103585657366,0.0,-0.0,0.0002950861304609622,0.0003461912504266471,0.004888134636655544,0.3333333333333333,0.4,0,115,11,3,0
740,20,3,1,4,5,0.2822007472422207,0.29508632138114277,5.304665715645751e-07,3.878856002534674e-05,0.0002295242938986563,0.0002341511179364542,0.003174104894864553,0.3333333333333333,0.3333333333333333,0,0,27,3,0
741,7,4,2,6,5,0.2646257696843686,0.2775066401062426,7.09312018412605e-08,4.252734718456826e-05,7.55736160412521e-05,0.00035309316534006777,0.0017634545877889196,0.8214285714285714,0.9,0,0,2,1,0
742,23,2,2,4,5,0.2812549550436712,0.29261288180610945,0.00010498996847660368,9.356347279492205e-05,0.00012462581333971123,0.0002530653528618322,0.002765477678649015,0.0,0.0,0,0,3,6,0
743,1,2,3,5,5,0.22742397618199292,0.23579017264276284,0.0,2.0965090406921702e-05,1.3941661951319455e-05,0.00026199543980502584,0.00025007375707565376,0.75,1.0,0,0,26,0,0
744,4,0,0,0,0,0.0,0.0,0.0,-0.0,-0.0,0.00019763802593715103,2.410940405363465e-34,0.0,0.0,15,179,21,22,15
745,6,4,4,8,5,0.2745830583596086,0.2893758300132811,1.283554369262817e-05,0.00020844788665947824,0.00010894036283852058,0.0003050756329439452,0.0021004752517769123,0.24074074074074073,0.23809523809523808,0,0,11,1,0
746,15,0,0,0,0,0.0,0.0,0.0,-0.0,-0.0,0.00019763802593715103,2.410940405363465e-34,0.0,0.0,16,180,22,23,16
747,15,22,35,57,4,0.33958299326719427,0.3617197875165976,0.0005516569072739204,0.0020591155400407892,0.001327626322466241,0.0008267682071988782,0.023876950663713644,0.3561470215462611,0.39271255060728744,0,0,11,0,0
748,23,20,25,45,5,0.33958299326719427,0.36105577689242757,0.0023667074933987507,0.0015411377747518637,0.0013655969251273926,0.0008043778791515979,0.023623105493891242,0.34953940634595704,0.3649193548387097,0,0,3,0,0
749,4,5,0,5,0,0.3020610555980745,0.31714807436918924,0.0,-0.0,0.0002419488270044901,0.0003371847614254455,0.004773046428781131,0.45,0.5,0,30,27,1,0
750,20,0,1,1,5,0.0,0.0,0.0,2.370437802922909e-05,-0.0,0.00019763802593715103,2.410940405363465e-34,0.0,0.0,0,181,26,0,0
751,5,5,3,8,5,0.2921477709700797,0.3070385126162019,3.0877973441150178e-06,0.0001847872438191428,0.0002196102375949456,0.0003165658562465567,0.004281883074148433,0.6296296296296297,0.8095238095238095,0,0,27,1,0
752,36,5,0,5,0,0.3027404551833153,0.31826029216467344,0.0,-0.0,0.00044517660462545434,0.00028433176354496085,0.006937405174571041,0.5,0.5,0,71,3,1,0
753,10,16,10,26,5,0.3082440668912962,0.328685258964142,9.757541099263226e-05,0.000161356146329396,0.0005281864394431882,0.0007158131716945724,0.01143324102372579,0.41037735849056606,0.49122807017543857,0,0,0,2,0
754,14,22,19,41,5,0.31832886566583357,0.34105245683930724,0.0004208074242028936,0.0004625410279725232,0.0005232819638642801,0.0010713669579650545,0.010438935861354921,0.31722428748451054,0.3968253968253968,0,0,1,3,0
755,21,0,1,1,5,0.0,0.0,0.0,9.135420015585769e-05,-0.0,0.00019763802593715103,2.410940405363465e-34,0.0,0.0,0,182,26,0,0
756,39,16,23,39,5,0.3294188310545844,0.34960159362549553,0.0009137580080713324,0.0008870743554380187,0.0007010604275148874,0.0006897971842659655,0.014207507286150414,0.26584022038567495,0.2717391304347826,0,0,11,1,0
757,10,3,0,3,0,0.2592419229092874,0.2698373173970798,0.0,-0.0,6.977357315421194e-05,0.0002795701870371793,0.0014494269222264822,0.16666666666666666,0.3333333333333333,0,35,0,2,0
758,41,13,1,14,6,0.31240371227977803,0.3320883134130129,8.273945342532584e-06,2.1805799118835037e-05,0.00045303977363708893,0.0006187187418807147,0.009209612380891451,0.1111111111111111,0.16666666666666666,0,0,11,1,0
759,31,1,1,2,5,0.28113717658678516,0.292314077025233,1.1382160608884792e-07,3.710900912281049e-05,0.00013488264770525877,0.00021775851078058232,0.0022045058903268147,0.0,0.0,0,0,11,1,0
760,17,4,3,7,5,0.2730197550586592,0.2843459495351936,1.2238425354513907e-05,8.67956954953237e-05,8.13807815213857e-05,0.00034777686442499334,0.0017900340886237431,0.4444444444444444,0.5,0,0,14,2,0
761,7,1,0,1,0,0.2548246996866755,0.26457503320053244,0.0,-0.0,4.004057080803956e-05,0.00022290249258031836,0.000868384660030522,0.0,0.0,0,152,2,1,0
762,21,1,0,1,0,0.22058080362914126,0.22750664010624183,0.0,-0.0,5.330459769410636e-06,0.00023331447972225507,0.00011480164526316912,0.0,0.0,0,24,26,0,0
763,34,1,1,2,5,0.27213440522466276,0.2830677290836661,0.0,6.731958693489494e-05,7.117298107691638e-05,0.00022577164525742512,0.001298915978844723,0.0,0.0,0,0,26,0,0
764,1,9,0,9,0,0.3107073092670868,0.3294488711819374,0.0,-0.0,0.0003093177483424117,0.00045384405440175617,0.006327356098592963,0.08333333333333333,0.08333333333333333,0,19,11,1,0
765,14,18,10,28,5,0.3103816817795853,0.3315903054448855,0.00012282021462699182,0.00033193665299053286,0.0004490742173530394,0.0008849827632309247,0.009160220397100368,0.5094594594594595,0.5526315789473685,0,0,1,3,0
766,2,1,3,4,5,0.23506847958306828,0.24262948207171384,0.0,9.302812497577538e-05,7.82935145164352e-06,0.00024140738214737198,0.0002025756277494036,1.0,1.0,0,0,4,4,0
767,18,6,0,6,0,0.3053502866935163,0.32199535192562967,0.0,-0.0,0.0005054241782032527,0.00032732750752657353,0.007770301858413096,0.4,0.4666666666666667,0,52,0,0,0
768,16,13,10,23,5,0.29575135581023926,0.3127490039840632,4.890566352545562e-05,0.00017108625006470262,0.0003242602200711975,0.0006431606207331751,0.0069160703128913975,0.8122448979591836,0.819047619047619,0,0,3,2,0
769,27,3,0,3,0,0.2932427154128584,0.3073539176626822,0.0,-0.0,0.00024790403892797127,0.0002881114610766526,0.004714073917439191,0.3333333333333333,0.3333333333333333,0,82,3,0,0
770,16,1,0,1,0,0.24251965112522886,0.2503818061088989,0.0,-0.0,1.973482632594731e-05,0.00022337593686762482,0.00041943402732945033,0.0,0.0,0,144,3,2,0
771,38,8,0,8,0,0.3122932862517448,0.3291832669322692,0.0,-0.0,0.0004375575685070269,0.000441500153100585,0.009324948445798065,0.48214285714285715,0.6428571428571429,0,27,3,0,0
772,7,0,0,0,0,0.0,0.0,0.0,-0.0,-0.0,0.00019763802593715103,2.410940405363465e-34,0.0,0.0,17,183,23,24,17
773,38,0,1,1,5,0.0,0.0,0.0,6.854652368219554e-05,-0.0,0.00019763802593715103,2.410940405363465e-34,0.0,0.0,0,184,3,0,0
774,21,1,0,1,0,0.25686718773759926,0.2665504648074384,0.0,-0.0,4.458010900523825e-05,0.0002224021706946629,0.0010119089468882347,0.0,0.0,0,85,26,0,0
775,1,1,0,1,0,0.23958420500979355,0.2478253652058441,0.0,-0.0,2.3048447256585243e-05,0.00021665000738224166,0.0003065539435737697,0.0,0.0,0,40,11,1,0
776,5,24,18,42,4,0.3226120027338986,0.34594953519256066,0.00024656194539432935,0.0004024892328982833,0.0006751275428880121,0.0008730664269201996,0.012266149931191779,0.4297520661157025,0.4973544973544973,0,0,27,1,0
777,9,16,15,31,5,0.3089533261340281,0.3291832669322694,0.0011023014211558675,0.00037708346307973114,0.00040038127340671854,0.0007710359072517347,0.008060284412883003,0.27704194260485654,0.2573099415204678,0,0,11,0,0
778,15,5,2,7,5,0.29998015088884855,0.3157370517928278,1.0437780644619261e-05,2.791102818032506e-05,0.00022900524417424008,0.0003170146546087523,0.0035219956501320536,0.18421052631578946,0.3,0,0,1,3,0
779,15,2,1,3,5,0.25022570916483156,0.2600431606905724,1.3556929159839779e-06,7.757185087663542e-05,4.436941289181776e-05,0.00023468389054787661,0.0005768524669675657,0.16666666666666666,0.3333333333333333,0,0,27,1,0
780,15,1,0,1,0,0.2500899412383909,0.2589641434262963,0.0,-0.0,5.896953305685359e-05,0.00020931147041532613,0.0006274728589232436,0.0,0.0,0,70,3,0,0
781,0,3,0,3,0,0.2519625727714377,0.2611221779548486,0.0,-0.0,3.316910620638101e-05,0.0002743788842788137,0.0004666173352624183,0.3333333333333333,0.3333333333333333,0,103,2,1,0
782,6,3,0,3,0,0.2890859243438617,0.3030544488711818,0.0,-0.0,0.00020342279132422078,0.00026897778196935065,0.0032190898249861303,0.8333333333333334,1.0,0,34,2,1,0
783,23,4,8,12,5,0.2906301202117935,0.3041500664010622,2.2911301752020345e-05,0.00043964171126529514,0.0003001067977662083,0.00043884145426158444,0.005077266308911727,0.3387096774193548,0.35714285714285715,0,0,3,0,0
784,28,1,0,1,0,0.25647562190263334,0.2666168658698554,0.0,-0.0,4.811047891323599e-05,0.00021924913473928063,0.0009542956647038934,0.0,0.0,0,87,26,0,0
785,11,4,0,4,0,0.2750273934910135,0.2875498007968135,0.0,-0.0,0.0001597416973397847,0.00030523770624990326,0.0023754015629484935,0.5,0.6666666666666666,0,18,0,2,0
786,23,4,6,10,5,0.3050229794135589,0.32038512616201764,3.4140168085957555e-05,0.00015549121676209225,0.00025593150993192556,0.00029710060642550347,0.004791215697615901,0.11363636363636363,0.2222222222222222,0,0,11,1,0
787,34,1,0,1,0,0.2701694226706182,0.2806274900398416,0.0,-0.0,8.731641298322332e-05,0.00022527126389445385,0.0015388408075502871,0.0,0.0,0,142,11,0,0
788,24,0,1,1,6,0.0,0.0,0.0,7.454969833233854e-06,-0.0,0.00019763802593715103,2.410940405363465e-34,0.0,0.0,0,185,26,1,0
789,4,10,3,13,5,0.3105252440745805,0.32838645418326556,6.471274359857933e-05,0.00010750712546793281,0.00036452669890408884,0.0006476548882811653,0.007915954002995376,0.27631578947368424,0.2909090909090909,0,0,27,1,0
790,4,0,1,1,5,0.0,0.0,0.0,2.779590992444859e-05,-0.0,0.00019763802593715103,2.410940405363465e-34,0.0,0.0,0,186,27,1,0
791,4,5,2,7,5,0.26854223107569725,0.28042828685259075,9.89056600323349e-06,0.00010108147964561032,7.716567996904087e-05,0.0004680534545783897,0.0019285263173143843,0.275,0.4,0,0,27,1,0
792,24,1,0,1,0,0.2813511838931898,0.29256308100929673,0.0,-0.0,0.00013488264770525877,0.00021775851078058232,0.0022045058903268147,0.0,0.0,0,131,3,0,0
793,23,2,3,5,5,0.24132119974451582,0.24938579017264367,8.3839955105214e-06,4.5766227742928434e-05,2.6599036930343387e-05,0.00024196051140910289,0.0004399205471237614,0.05,0.1,0,0,11,1,0
794,17,2,0,2,0,0.21814976721961427,0.22679282868525877,0.0,-0.0,1.0335821070595284e-05,0.00027585295147169585,0.00022079852137882225,1.0,1.0,0,95,14,2,0
795,10,1,0,1,0,0.24897966402978544,0.25841633466135583,0.0,-0.0,3.07525269739653e-05,0.00022467010967941323,0.0006459387062232835,0.0,0.0,0,100,0,2,0
796,17,4,0,4,0,0.29008277235884056,0.30398406374501985,0.0,-0.0,0.00025287824653407863,0.0002945053892935087,0.004375327993731567,0.5833333333333334,0.8333333333333334,0,96,3,0,0
797,1,4,4,8,5,0.2733532482448058,0.2866035856573715,0.0002937128226039666,7.565475086278654e-05,0.00010548595318687581,0.00029843562291186597,0.001950587368472155,0.28,0.3,0,0,2,1,0
798,1,0,0,0,0,0.0,0.0,0.0,-0.0,-0.0,0.00019763802593715103,2.410940405363465e-34,0.0,0.0,18,187,24,25,18
799,15,5,3,8,6,0.30488445853280793,0.32096613545816605,2.7793946559539215e-05,4.920894830873799e-05,0.0002889195947833874,0.0003047436359919428,0.004921667670825654,0.1111111111111111,0.19047619047619047,0,0,11,3,0
800,15,4,4,8,5,0.2710357600683258,0.28230411686587076,1.5564796102284246e-05,9.914190451479812e-05,0.00010168327240998496,0.0002739290352545713,0.0013557394435798882,0.057692307692307696,0.13333333333333333,0,0,11,0,0
801,4,2,0,2,0,0.27235614401963176,0.2830345285524581,0.0,-0.0,0.00012331411621402733,0.00024613391929727063,0.0024693018171647015,1.0,1.0,0,125,27,1,0
802,4,0,5,5,5,0.0,0.0,0.0,0.0003456624357512965,-0.0,0.00019763802593715103,2.410940405363465e-34,0.45,0.8,0,188,27,0,0
803,21,15,14,29,5,0.29012773452430557,0.30863213811421036,3.718047309811185e-05,0.0005168597453020382,0.0005593256563461028,0.0005946574928287916,0.011352252199145957,0.7291139240506329,0.6862745098039216,0,0,26,0,0
804,14,12,0,12,0,0.2840827487853567,0.3011786188579019,0.0,-0.0,0.00015809353580375587,0.0005771322624129797,0.002890356268609586,0.553030303030303,0.6212121212121212,0,37,1,3,0
805,14,4,0,4,0,0.268874163752501,0.28149070385126235,0.0,-0.0,8.028175995229738e-05,0.0003370961368659988,0.0016363360454409441,0.16666666666666666,0.16666666666666666,0,51,1,3,0
806,20,4,5,9,5,0.2667284774291788,0.2789010624169997,0.0,0.00017225609171728185,0.0001120932796052118,0.00033360269973613927,0.0027523982611873006,1.0,1.0,0,0,26,0,0
807,28,6,0,6,0,0.2946550051981217,0.31035856573705156,0.0,-0.0,0.0003062976499132836,0.00036360415527745985,0.00608636348395237,0.5666666666666667,0.6,0,60,26,0,0
808,20,0,0,0,0,0.0,0.0,0.0,-0.0,-0.0,0.00019763802593715103,2.410940405363465e-34,0.0,0.0,19,189,25,26,19
809,22,43,42,85,4,0.34044400491340926,0.36977091633465903,0.0010221024845313165,0.0017126463577289588,0.0016153551448747836,0.0013956804889234497,0.03202693762182355,0.46687429218573046,0.482886216466235,0,0,26,0,0
810,26,3,16,19,5,0.26153314284738727,0.2725431606905722,6.771794602621112e-05,0.0006652003790692939,3.683346928180544e-05,0.0003107366911961994,0.0010470012637707534,0.1804733727810651,0.23529411764705882,0,0,2,1,0
811,3,5,5,10,5,0.2973231079226054,0.3126660026560419,4.679502698667791e-06,0.00023296891567650384,0.0002587265688155844,0.00034326500909051105,0.0051858593564016574,0.5581395348837209,0.6071428571428571,0,0,3,0,0
812,32,43,54,97,4,0.3471331839137762,0.3759960159362525,0.002670099529273135,0.0021488349798102183,0.001895527828857203,0.001328365812968016,0.03638230238201387,0.29064732626109546,0.29774011299435027,0,0,26,0,0
813,4,5,24,29,4,0.2757107095233031,0.2888944223107577,0.00015898581933684164,0.0007248782594016891,0.00015672718529433424,0.0003894609225959607,0.0037085993283633074,0.385286783042394,0.427536231884058,0,0,27,1,0
814,0,4,4,8,5,0.2744708003635499,0.2876328021248349,2.7415785879303722e-05,0.00011014282542971838,9.643592203799636e-05,0.0003231042992583668,0.0018856161187151398,0.16,0.2,0,0,2,1,0
815,21,13,17,30,5,0.29998015088884855,0.3193227091633463,4.2494738045764156e-05,0.000720864592445244,0.00040533389493702945,0.0005973717498411796,0.00912300891188507,0.5722748815165877,0.6323529411764706,0,0,26,0,0
816,13,17,9,26,5,0.3029582931810664,0.3242363877822036,3.8837543063603236e-05,0.0002659403522577467,0.0005411790216376099,0.0007180433929579594,0.011909030547710737,0.45,0.47619047619047616,0,0,0,2,0
817,4,4,2,6,5,0.2642092001925396,0.2758300132802134,9.028963962079242e-07,4.7952018597882814e-05,8.707555319106331e-05,0.00034301699561760396,0.0021419291914739403,0.35714285714285715,0.5,0,0,27,1,0
818,15,10,9,19,4,0.3257426383742082,0.34453851261619944,4.34020444998874e-05,0.00043881301973492493,0.00046928763764524106,0.0004556746187986568,0.009002018141628036,0.21212121212121213,0.32051282051282054,0,0,11,0,0
819,17,5,0,5,0,0.26115329137466436,0.2725597609561764,0.0,-0.0,6.391058440173859e-05,0.00035362243967510687,0.0015222399291952187,0.55,0.6,0,94,14,2,0
820,5,95,119,214,4,0.3977224986310682,0.4332669322709145,0.010587844938496736,0.005320454796587635,0.004479525323682854,0.0034313388409953427,0.08951817358267859,0.21629597005064963,0.23806594488188976,0,0,27,1,0
821,24,1,2,3,5,0.29025316804550066,0.3029880478087647,0.0,0.000165263151931383,0.00015047009594482125,0.00021676896014013655,0.0024163125079878895,1.0,1.0,0,0,2,1,0
822,4,14,16,30,5,0.31742580505401563,0.3370683930942876,0.0002644615495194736,0.0004484926623462749,0.00042214648127505234,0.0006697051549231966,0.008382294821670926,0.26588235294117646,0.33157894736842103,0,0,27,1,0
823,14,19,19,38,5,0.27616436762206625,0.2962649402390442,0.00021916801437541546,0.00027269908382430036,0.00021891410949320623,0.0008874888003635829,0.0046899711612785324,0.47238372093023256,0.466403162055336,0,0,1,3,0
824,0,1,1,2,6,0.24938914475826268,0.2581009296148753,0.0,2.864480000891847e-05,2.570644409431644e-05,0.00023101507645570865,0.0005187932230169294,0.0,0.0,0,0,2,1,0
825,9,4,2,6,5,0.2508802607209428,0.2599933598937597,0.0009591617044573463,2.462739375311046e-05,3.203229032206624e-05,0.001000089685484529,0.0005584699868614198,0.5384615384615384,0.8333333333333334,0,0,11,0,0
826,21,21,19,40,5,0.31533845828522455,0.3374003984063728,5.828752591826904e-05,0.0006004139357699778,0.0008137802672085439,0.0007455689463902088,0.01570058629951533,0.6895424836601307,0.7133333333333334,0,0,26,0,0
827,14,1,0,1,0,0.25111642980317533,0.2600597609561765,0.0,-0.0,2.8668352488881844e-05,0.00023368831699755225,0.0005665711651044503,0.0,0.0,0,141,1,3,0
828,38,19,22,41,5,0.3390684735804258,0.35997675962815157,0.00023330613517361407,0.0012612451352646708,0.0012199175893642905,0.0007335452567181723,0.024505264039745834,0.4040841584158416,0.4187192118226601,0,0,3,0,0
829,4,1,3,4,5,0.22408397119133613,0.2314907038512617,4.3420379359676184e-06,0.00013201059282949576,5.077476659029291e-06,0.0002827216074271118,0.00014642402380391528,0.3333333333333333,0.5,0,0,27,1,0
830,14,1,0,1,0,0.23079287787123112,0.23950863213811452,0.0,-0.0,7.622486872760496e-06,0.00022920901034582323,0.0001779654576402208,0.0,0.0,0,129,1,3,0
831,31,1,0,1,0,0.2412157820331577,0.2496513944223117,0.0,-0.0,3.0237376534231595e-05,0.00021903389761600256,0.0004649295013965731,0.0,0.0,0,83,3,0,0
832,21,21,22,43,5,0.3115339107606696,0.33374833997343833,8.778347341641571e-05,0.0007950299042568015,0.0008003741134700661,0.0008141803345005871,0.01615873737113805,0.603954802259887,0.62,0,0,26,0,0
833,14,4,7,11,5,0.3090955698385097,0.32470119521912194,2.432568307896149e-06,0.00047663388307113506,0.0003215028455678948,0.0002977063480877148,0.005792609593235192,0.7156862745098039,0.7619047619047619,0,0,1,3,0
834,6,1,0,1,0,0.2837234535718845,0.29515272244355956,0.0,-0.0,0.00012411028993939305,0.00022096360482057786,0.0023272392738068227,0.0,0.0,0,157,3,0,0
835,4,6,1,7,5,0.275258539437984,0.2889276228419661,3.623008887318676e-06,1.4190605051431125e-05,0.0001636975863802421,0.00048293313250576776,0.0030728058044416522,0.4523809523809524,0.5238095238095238,0,0,27,1,0
836,4,4,1,5,6,0.2407155172783231,0.25174302788844705,7.358845608948927e-07,6.210951027146349e-06,2.1006075740535377e-05,0.00046313752738566863,0.0003519328819298424,0.3333333333333333,0.3333333333333333,0,0,27,1,0
837,6,1,1,2,5,0.28327239564946965,0.29465471447543207,0.0,0.00011864183096405809,0.00012411028993939305,0.00022096360482057786,0.0023272392738068227,0.0,0.0,0,0,3,0,0
838,17,1,1,2,6,0.24054302317780116,0.2495849933598947,0.0,1.7201460021682494e-05,1.856312553617494e-05,0.00022865978605208755,0.0004892075381784959,1.0,1.0,0,0,3,2,0
839,0,1,1,2,6,0.25771807204961344,0.26874169986719904,3.8656562596758507e-07,2.864480000891847e-05,4.4971328201678874e-05,0.00022225470958404616,0.0008163288172340953,0.0,0.0,0,0,2,1,0
840,4,15,10,25,5,0.32909587141629565,0.3489375830013256,3.110327566493846e-05,0.00039300806075352133,0.0006237688107855923,0.0006258622907557886,0.012362982581823124,0.5567010309278351,0.6416666666666667,0,0,27,1,0
841,7,6,7,13,5,0.2660941647599061,0.2794986719787528,3.089816845282187e-05,9.603310870815441e-05,7.567801737765879e-05,0.0004192712425890037,0.0017836479838152356,0.3194444444444444,0.3333333333333333,0,0,2,1,0
842,16,2,0,2,0,0.28123361131320934,0.29440571049136827,0.0,-0.0,0.00014424466165207465,0.0002475898685039258,0.0029162302028395972,1.0,1.0,0,127,26,0,0
843,4,1,1,2,5,0.21032442910064006,0.2153718459495347,0.0009562944632238743,5.74492521730541e-05,-2.716094815717975e-21,0.00042516445453048216,5.029207685901051e-05,0.5,1.0,0,0,27,1,0
844,4,2,1,3,5,0.2642092001925396,0.2756640106241711,0.0,5.674736077571998e-05,8.709414676234901e-05,0.0002281338040051137,0.0014632117426472326,0.5,0.6666666666666666,0,0,0,3,0
845,21,25,27,52,5,0.3159320365596438,0.3399236387782191,0.0004388305048716264,0.001014021347689207,0.0010116538560692749,0.0009154739532560461,0.02035729140761481,0.5663343558282209,0.5770114942528736,0,0,26,0,0
846,1,0,1,1,1,0.0,0.0,0.0,8.682197181470413e-08,-0.0,0.00019763802593715103,2.410940405363465e-34,0.0,0.0,0,190,2,5,0
847,10,27,17,44,5,0.31240371227977803,0.3370517928286834,0.00026453151387315717,0.0005629120834531025,0.0007200832180176474,0.0010928031360604097,0.015144458622246986,0.45586652314316467,0.5299145299145299,0,0,0,2,0
848,3,3,0,3,0,0.27638276462936756,0.2883134130146089,0.0,-0.0,0.000124559166668397,0.0002940766778835529,0.0029127802551456488,0.6666666666666666,1.0,0,69,3,1,0
849,21,6,0,6,0,0.28480407612040204,0.2998837981407708,0.0,-0.0,0.00026615875481918747,0.0003375689210432945,0.005239992866301763,0.4,0.4,0,64,26,0,0
850,4,2,0,2,0,0.27038651340799924,0.28049468791500787,0.0,-0.0,7.238781144947425e-05,0.000250834046102001,0.001476131957071227,0.0,0.0,0,68,27,1,0
851,0,8,14,22,5,0.27616436762206625,0.29256308100929673,0.0004880241494097972,0.00024886953802628756,0.000163895058951504,0.0004979035680295868,0.003264565019113788,0.5112107623318386,0.4725274725274725,0,0,2,1,0
852,1,4,1,5,6,0.2607206126948517,0.27259296148738527,1.0642550634848421e-05,1.7235421976424541e-06,5.314385598948151e-05,0.00046480745728507886,0.0011314324910797846,0.0,0.0,0,0,2,1,0
853,7,1,0,1,0,0.2752523647740327,0.2852091633466144,0.0,-0.0,0.00013638844992313226,0.0002121599575834161,0.0018181722211427504,0.0,0.0,0,130,3,1,0
854,17,7,0,7,0,0.3077238371616415,0.32476759628153945,0.0,-0.0,0.0005316634443054931,0.0003604550370579989,0.010002226166674505,0.7857142857142857,0.8095238095238095,0,67,26,0,0
855,15,4,3,7,5,0.2924022550911337,0.3066069057104909,5.1537379515118176e-06,9.916431817465161e-05,0.00017102803764556916,0.00031191692275789936,0.0030518430416246706,0.21052631578947367,0.3,0,0,11,0,0
856,14,52,55,107,4,0.3603626289260564,0.39052124833997093,0.0028834584165766115,0.002193927794236653,0.002356510319491161,0.0019293875694242854,0.04490463646322072,0.2761101243339254,0.29277389277389276,0,0,1,3,0
857,0,4,0,4,0,0.31214843778873375,0.32785524568392943,0.0,-0.0,0.00029308740511319384,0.0003167859754967088,0.005878836860331486,0.5,0.6666666666666666,0,109,2,1,0
858,9,0,1,1,5,0.0,0.0,0.0,2.4278594458467088e-05,-0.0,0.00019763802593715103,2.410940405363465e-34,0.0,0.0,0,191,11,0,0
859,32,57,65,122,4,0.3559679627196411,0.3882802124833972,0.0018543455405111212,0.003136988796288394,0.0029236371426205245,0.0016553632413599168,0.055311859189693696,0.38078024826081025,0.38810641627543035,0,0,26,0,0
860,13,15,22,37,5,0.2940672701223141,0.3140604249667991,0.00014922904721287062,0.0007211117644322895,0.0004720908202927881,0.0007817794594483909,0.010878648628974271,0.5599078341013825,0.6233766233766234,0,0,0,2,0
861,5,1,0,1,0,0.2225502750901157,0.2303618857901726,0.0,-0.0,4.545791578127469e-06,0.00023974303754547438,0.00011935434243153346,0.0,0.0,0,104,2,1,0
862,2,1,0,1,0,0.2247051859340601,0.2320883134130148,0.0,-0.0,5.3133829961307204e-06,0.00024140785484485513,0.00013072762450541512,0.0,0.0,0,43,11,0,0
863,21,0,1,1,5,0.0,0.0,0.0,3.2878758050304405e-05,-0.0,0.00019763802593715103,2.410940405363465e-34,0.0,0.0,0,192,26,0,0
864,28,1,0,1,0,0.25647562190263334,0.2666168658698554,0.0,-0.0,4.811047891323599e-05,0.00021924913473928063,0.0009542956647038934,0.0,0.0,0,88,26,0,0
865,21,8,9,17,5,0.27235520393072743,0.28753320053120934,6.836006091586776e-07,0.00037078056815602345,0.00025159849179106014,0.0004173444329980442,0.005496990353813113,0.9375,0.9722222222222222,0,0,26,0,0
866,22,3,1,4,5,0.27938226287525725,0.29357569721115584,1.8785676029183685e-07,4.976766417616842e-05,0.00014593454161212826,0.00028248996284243406,0.003093694368484953,0.6,0.6666666666666666,0,0,11,0,0
867,22,4,0,4,0,0.2871126415838353,0.3018426294820717,0.0,-0.0,0.0001603065225117732,0.00032663207465290906,0.003720475990919075,0.4166666666666667,0.5,0,90,4,4,0
868,7,2,0,2,0,0.2797140614598961,0.29183266932270957,0.0,-0.0,8.58996719155439e-05,0.0002566615595026445,0.0016686974354203938,0.0,0.0,0,124,2,1,0
869,7,5,4,9,5,0.2594109651040352,0.27199535192563207,1.5014361857754885e-06,7.85749892579579e-05,5.6624713107154204e-05,0.0003837435852650128,0.0013682033259354918,0.7575757575757576,0.7333333333333333,0,0,2,1,0
870,33,3,0,3,0,0.2586441321569985,0.26812749003984204,0.0,-0.0,6.069417908068961e-05,0.00025577026097977696,0.0011829170412425733,1.0,1.0,0,119,27,1,0
871,0,1,0,1,0,0.24104299135834886,0.2508300132802133,0.0,-0.0,2.0835958835686223e-05,0.00022472634856813463,0.0003859365631482202,0.0,0.0,0,146,2,1,0
872,1,13,9,22,5,0.2987786282551148,0.3191401062416991,9.625058709149149e-05,0.00023790772951889352,0.0003144102568804594,0.000571599170922296,0.005803648111835854,0.28603603603603606,0.3333333333333333,0,0,11,1,0
873,15,2,0,2,0,0.2472417457283284,0.2558598937583013,0.0,-0.0,2.9389256452974744e-05,0.00024179891129383482,0.0007062180015868393,1.0,1.0,0,117,27,1,0
874,4,3,0,3,0,0.2586441321569985,0.26812749003984204,0.0,-0.0,6.069417908068961e-05,0.00025577026097977696,0.0011829170412425733,1.0,1.0,0,118,27,1,0
875,31,0,1,1,5,0.0,0.0,0.0,6.591123648249282e-05,-0.0,0.00019763802593715103,2.410940405363465e-34,0.0,0.0,0,193,0,0,0
876,30,1,0,1,0,0.19678129586915497,0.2015936254980065,0.0,-0.0,1.858246302471108e-05,0.00020435323731010795,2.1336223711495157e-05,0.0,0.0,0,66,26,0,0
877,15,8,3,11,5,0.3169761934321261,0.3350763612217779,2.798677568266664e-06,0.00022700026782300636,0.00045557335440789504,0.0004081035298007518,0.009097032391878314,0.4056603773584906,0.5,0,0,11,0,0
878,11,3,3,6,5,0.2576191779314056,0.2684262948207185,0.0,0.00012493736066685376,5.591518811638664e-05,0.0003117797618757448,0.0015802621567687248,1.0,1.0,0,0,0,2,0
879,19,0,1,1,5,0.0,0.0,0.0,2.021921506361371e-05,-0.0,0.00019763802593715103,2.410940405363465e-34,0.0,0.0,0,194,26,0,0
880,21,26,20,46,5,0.3284518481845612,0.35234063745019684,0.0001049216195015289,0.0008082610691534461,0.001213899910382611,0.0008681447530748436,0.0241582637527647,0.6148184494602551,0.5816091954022988,0,0,26,0,0
881,9,1,0,1,0,0.2613561288825282,0.27262616201859363,0.0,-0.0,5.5264299423425824e-05,0.00022498661536670626,0.001181991339157184,0.0,0.0,0,126,0,0,0
882,21,2,0,2,0,0.2988419324478286,0.3129150066401055,0.0,-0.0,0.00022580510485714804,0.00024475212593434194,0.004163119800191427,1.0,1.0,0,137,2,1,0
883,13,10,10,20,5,0.28544029663658294,0.30239043824701206,7.363300300959848e-06,0.0003780293669006643,0.00031356304206553144,0.0005438404809555365,0.007197872354534883,0.6333333333333333,0.7777777777777778,0,0,0,2,0
884,21,1,0,1,0,0.24508085647214492,0.2555278884462164,0.0,-0.0,3.272622004462513e-05,0.00022329859811261876,0.0007051406586100417,0.0,0.0,0,62,26,0,0
885,9,3,4,7,5,0.27787896427534897,0.2902224435590973,2.215009826824376e-05,0.0002294931588446231,0.00010491638742154569,0.0003500584451407526,0.002599155766689357,0.6842105263157895,0.6,0,0,11,0,0
886,32,2,10,12,4,0.2549774317087896,0.2664674634794169,3.342409927873439e-06,0.0003688004539648044,6.599451941458737e-05,0.0002498948089336803,0.001367827701002679,0.5076923076923077,0.5636363636363636,0,0,26,0,0
887,9,2,3,5,5,0.2614312997232255,0.27177954847277674,2.8767032137888003e-06,6.761244322658236e-05,5.0844298408505476e-05,0.0002686613700654567,0.001199961524726187,0.75,0.6666666666666666,0,0,11,0,0
888,32,1,0,1,0,0.24508085647214492,0.2555278884462164,0.0,-0.0,3.272622004462513e-05,0.00022329859811261876,0.0007051406586100417,0.0,0.0,0,63,26,0,0
889,38,4,3,7,5,0.275033010114397,0.28676958831341365,7.178358120414911e-07,0.00014342139480438221,0.00018209045120340424,0.0002959304604524503,0.003149322049011288,0.5555555555555556,0.6666666666666666,0,0,3,0,0
890,9,1,0,1,0,0.2813511838931898,0.29256308100929673,0.0,-0.0,0.00013488264770525877,0.00021775851078058232,0.0022045058903268147,0.0,0.0,0,132,3,0,0
891,38,2,2,4,5,0.2661996739449814,0.27556440903054563,0.0,7.926794290835102e-05,9.17316301553837e-05,0.0002530641727205697,0.001542301144507753,1.0,1.0,0,0,3,2,0
892,38,13,16,29,4,0.32045612300202536,0.34038844621513736,0.00026763275832538416,0.0007978809077801374,0.0006191275364276417,0.000616704285582377,0.011613569522867675,0.36432160804020103,0.3952380952380952,0,0,3,2,0
893,14,2,0,2,0,0.24561752988047808,0.2552290836653397,0.0,-0.0,3.792015957852867e-05,0.00023468455477915895,0.00036922139971369154,0.5,1.0,0,48,1,3,0
894,9,1,0,1,0,0.24797053495670968,0.2554780876494039,0.0,-0.0,1.7620070567051637e-05,0.0002494866482933976,0.00042322643391384714,0.0,0.0,0,122,11,0,0
895,10,2,3,5,5,0.26588339710465075,0.27773904382470227,0.0,0.00019951171452318263,0.00011461163148667414,0.00025101827516393145,0.0019459075257449118,1.0,1.0,0,0,0,0,0
896,38,20,27,47,4,0.33484068712680454,0.35649070385125925,0.0003507308643513224,0.001493123781623527,0.0010950305845258967,0.0007566881449524564,0.020464656920929872,0.36701127819548873,0.40229885057471265,0,0,3,0,0
897,10,1,0,1,0,0.24990420789918677,0.25871513944223246,0.0,-0.0,3.475440277119613e-05,0.000220749838610932,0.0007102460714275794,0.0,0.0,0,99,0,2,0
898,22,1,2,3,5,0.23976984917472965,0.24684594953519365,7.989747072056757e-07,4.8976893489976796e-05,1.814834544361107e-05,0.00023863044053776679,0.00035821447977155894,0.0,0.0,0,0,26,0,0
899,21,1,0,1,0,0.2540551271696904,0.2648904382470131,0.0,-0.0,4.3887226530172504e-05,0.00022124311734886786,0.0008814172783927885,0.0,0.0,0,158,26,0,0
900,13,23,13,36,4,0.3289346289511235,0.3519256308100909,0.00031623740209630534,0.0005985493781341738,0.0008712636598578055,0.0009625014557504855,0.01863406912355862,0.4087237479806139,0.43333333333333335,0,0,0,2,0
901,21,0,1,1,6,0.0,0.0,0.0,6.124897050794448e-05,-0.0,0.00019763802593715103,2.410940405363465e-34,0.0,0.0,0,195,26,0,0
902,4,1,1,2,5,0.27213440522466276,0.28306772908366606,0.0,6.731958693489494e-05,7.117298107691638e-05,0.00022577164525742512,0.001298915978844723,0.0,0.0,0,0,26,0,0
903,0,3,1,4,6,0.25439771795727284,0.2642430278884477,0.0,3.0667565810249247e-06,3.7393971244368174e-05,0.0003475896283976458,0.0007837165118515418,1.0,1.0,0,0,2,1,0
904,1,1,0,1,0,0.2413022703020832,0.2502490039840646,0.0,-0.0,1.599623430983003e-05,0.00021981624934839714,0.0002960647013790269,0.0,0.0,0,153,2,1,0
905,1,1,8,9,5,0.22596956502498924,0.23349933598937603,1.3598182045335218e-06,0.0002094049074195505,3.6024639863613106e-06,0.00025801443258086787,0.0001282420130984498,0.7571428571428571,0.8214285714285714,0,0,11,1,0
906,23,4,3,7,5,0.3001142501963536,0.31490703851261537,1.4996551744804201e-05,0.00011986360168434201,0.00022574150454973712,0.00032609052474508334,0.004181869446116903,0.23684210526315788,0.4,0,0,2,0,0
907,0,11,9,20,5,0.2785707791241673,0.2960491367861892,0.0010134818767605202,0.0001894468418046441,0.00017709534594088122,0.0008220829220532322,0.0035718804737244485,0.4532967032967033,0.5,0,0,2,1,0
908,5,19,22,41,4,0.2948421509395007,0.31517264276228407,0.0001717212666499219,0.0005521758786716493,0.00037369579974539985,0.0008306341621798324,0.008269740836356782,0.513664596273292,0.5661538461538461,0,0,27,1,0
909,4,6,5,11,5,0.3030950689341955,0.31950531208499244,1.197003052402711e-06,0.0004347813222145101,0.00043475824365270363,0.00035404120973625005,0.009108971171220765,0.7596153846153846,0.7142857142857143,0,0,27,1,0
910,4,1,0,1,0,0.2509291692291238,0.2589807436919005,0.0,-0.0,3.130492262771489e-05,0.00021160937562309318,0.0004766990396557341,0.0,0.0,0,139,27,1,0
911,15,3,0,3,0,0.27901825533686153,0.29131806108897784,0.0,-0.0,0.00011817030640940002,0.00031339400637578774,0.002972764879490173,1.0,1.0,0,102,11,0,0
912,14,2,4,6,6,0.25911060505181127,0.2697211155378498,3.100071651527884e-06,4.482822681049447e-05,3.467263610859799e-05,0.0002630158748488858,0.0008301434452460241,0.39285714285714285,0.5,0,0,1,3,0
913,14,17,14,31,5,0.30599616120749457,0.3263114209827344,0.00035466432499774885,0.00029367934565409143,0.0003370184464845817,0.0010079164815060384,0.0077683417733771356,0.32857142857142857,0.40476190476190477,0,0,1,3,0
914,13,17,16,33,4,0.3090955698385097,0.32984727755643956,6.408872647191222e-05,0.0006309300495791721,0.0006098312036560206,0.0008038886394950821,0.014722615303644156,0.5067829457364341,0.5476190476190477,0,0,0,2,0
915,11,1,0,1,0,0.2323867513371927,0.24103585657370571,0.0,-0.0,1.755395936001385e-05,0.0002196090350334562,0.00030558564078712994,0.0,0.0,0,128,0,2,0
916,1,1,0,1,0,0.18322679876735912,0.18845570100550008,0.0,-0.0,4.3968110019807664e-07,0.00021828719764844455,8.475149475092722e-06,0.0,0.0,0,77,2,5,0
917,5,18,26,44,4,0.29998015088884855,0.32053452855245634,0.00014602178910692184,0.0006756345601441952,0.0004115996945764368,0.0008431835082879349,0.009329078382488505,0.5069967707212056,0.5726495726495726,0,0,27,1,0
918,5,18,22,40,4,0.30995179025357483,0.3302622841965458,0.0001414475224241073,0.0006139695209489717,0.00041965680608736013,0.000800450326508286,0.009055078538168882,0.5724543080939948,0.6461538461538462,0,0,27,1,0
919,10,10,4,14,5,0.28875508717816906,0.30649070385126176,2.8480010835367244e-06,0.00011035247789268856,0.0003456881383823963,0.0004752825182077669,0.006875063163121951,0.6875,0.7636363636363637,0,0,0,2,0
920,23,1,1,2,5,0.21961255403638963,0.2253818061088976,1.0012437416931648e-06,2.0963128398190144e-05,4.883273581342236e-06,0.0002146170976043234,5.6783681413249754e-05,0.0,0.0,0,0,11,1,0
921,21,11,9,20,5,0.29176687426738074,0.3085823373173973,3.837601640263645e-05,0.00033458967305971657,0.0003904908956767548,0.0005199063003235968,0.008118261668324736,0.5966850828729282,0.6545454545454545,0,0,26,0,0
922,14,16,18,34,4,0.31371755966787057,0.3344455511288163,0.0006615625634316341,0.00046734610788175615,0.0003902281435209249,0.0008705659429733927,0.008795973704734634,0.20454545454545456,0.24110671936758893,0,0,1,1,0
923,9,4,1,5,6,0.25295990116399514,0.2624335989375843,3.850967638038559e-06,5.547025339857942e-07,2.014203935551979e-05,0.0007751422762130373,0.0007470662856833986,0.4444444444444444,0.6666666666666666,0,0,11,0,0
924,20,10,6,16,4,0.2948421509395007,0.3134130146082336,5.23668233116148e-05,0.00033295415763808347,0.00041915243996565495,0.0005199148814737193,0.008704294861979905,0.6391304347826087,0.6,0,0,26,0,0
925,10,13,14,27,5,0.2896270826959634,0.3084827357237716,1.683126917133988e-05,0.0004972165425572743,0.0004243332137034843,0.0005661584006941079,0.008506097145200469,0.7888563049853372,0.7941176470588235,0,0,0,2,0
926,19,11,11,22,5,0.2915134944373613,0.3072709163346615,4.5614799807537034e-05,0.00025309083017889723,0.000243453925108587,0.0005723278530968023,0.005827392782972418,0.704954954954955,0.6923076923076923,0,0,26,0,0
927,19,8,11,19,5,0.26951247598925854,0.2823373173970796,4.0853753434813704e-06,0.00024294029210151252,0.0001473415364639767,0.0004784847484765912,0.0034996897174070793,0.7975460122699386,0.8363636363636363,0,0,26,0,0
928,21,1,0,1,0,0.27060395330619624,0.2815737051792838,0.0,-0.0,8.89803622286487e-05,0.00022024127907437053,0.0017342388636824133,0.0,0.0,0,161,26,0,0
929,17,10,11,21,5,0.2654628618779134,0.2800132802124843,1.1471140718605697e-05,0.0001866486286149707,0.0001089367439013793,0.000574452776503691,0.002606905664435295,0.7935323383084577,0.7575757575757576,0,0,14,2,0
930,19,13,12,25,5,0.2896270826959634,0.30717131474103604,9.396256979882986e-05,0.00030037215763144113,0.00020615851868973893,0.0007142946391864252,0.005192550894316415,0.45674740484429066,0.43956043956043955,0,0,26,0,0
931,19,12,13,25,5,0.29971231146841204,0.3178784860557764,0.00010573312057225365,0.0003732210575256827,0.00028772400716533115,0.0005976842474502559,0.006403958234529428,0.5137931034482759,0.5142857142857142,0,0,26,0,0
932,36,52,87,139,4,0.37886883616774436,0.40512948207171084,0.0015687180014866686,0.004544753949393297,0.0027403243653455144,0.0015778949299110009,0.05295986191020065,0.24112472510210492,0.2712628865979381,0,0,3,0,0
933,17,14,15,29,5,0.28043257213418676,0.2982071713147416,0.00012498137195898778,0.00027396048030059293,0.00017951582475547148,0.0007673806524060708,0.004456749797532806,0.6348600508905853,0.6833333333333333,0,0,14,2,0
934,35,4,0,4,0,0.27901825533686153,0.2918990703851266,0.0,-0.0,0.00013348894817783125,0.00030832176548112203,0.0029160456516765863,0.25,0.3333333333333333,0,73,3,1,0
935,16,4,2,6,5,0.2545906627566337,0.264342629482073,4.483326016717335e-06,3.228772992365098e-05,4.7897022711383046e-05,0.00032875305268273544,0.0009584567223298771,0.6071428571428571,0.6,0,0,3,2,0
936,4,6,23,29,5,0.2927848136455487,0.3076859229747675,0.0009850253122742514,0.0005236824319489855,0.00017709824997335497,0.00040728109229192335,0.003386940278136459,0.25497512437810943,0.30666666666666664,0,0,27,1,0
937,16,6,4,10,5,0.28912815576625456,0.30253984063745026,4.412363138075703e-06,0.00014952563576323146,0.00016486406740424877,0.0004006817782187893,0.0037676699555335286,0.5952380952380952,0.8095238095238095,0,0,3,2,0
938,4,1,1,2,6,0.24691268028291394,0.25411686586985527,0.0,2.0357962771328683e-05,1.1693677191953048e-05,0.00026132249670288675,0.000386555870659133,0.0,0.0,0,0,27,1,0
939,6,2,3,5,5,0.263070367433089,0.27360557768924426,3.1593758972820365e-06,5.4150937423795904e-05,3.434137528620527e-05,0.0002816921722634845,0.0008957586253204422,0.25,0.3333333333333333,0,0,27,1,0
940,4,2,0,2,0,0.280998760698334,0.29259628154050543,0.0,-0.0,0.00011708610720764033,0.0002533422490456653,0.002576542002032656,1.0,1.0,0,116,27,1,0
941,41,0,1,1,6,0.0,0.0,0.0,3.77344346705531e-05,-0.0,0.00019763802593715103,2.410940405363465e-34,0.0,0.0,0,196,11,0,0
942,6,1,1,2,5,0.21961255403638963,0.2253818061088976,1.316985912202309e-06,2.023367340530458e-05,4.883273581342236e-06,0.0002146170976043234,5.6783681413249754e-05,0.0,0.0,0,0,27,1,0
943,7,0,1,1,6,0.0,0.0,0.0,3.2844775514497034e-05,-0.0,0.00019763802593715103,2.410940405363465e-34,0.0,0.0,0,197,2,1,0
944,23,0,1,1,6,0.0,0.0,0.0,2.3648014773690746e-05,-0.0,0.00019763802593715103,2.410940405363465e-34,0.0,0.0,0,198,3,0,0
945,9,3,1,4,5,0.26204355101063354,0.2712815405046494,3.427342836847114e-07,2.427715983705652e-05,6.0078803696926125e-05,0.00032110230468587785,0.0010632497970509516,0.5,0.6666666666666666,0,0,11,0,0
946,23,1,0,1,0,0.23498325135213338,0.24188247011952269,0.0,-0.0,1.2347113782286152e-05,0.0002248813525972636,0.00027955971554957166,0.0,0.0,0,81,3,0,0
947,7,7,5,12,5,0.27016321033772356,0.2842795484727764,0.0,0.0001045124997141129,0.0001472934440288066,0.00038727036542519054,0.00311292470006467,1.0,1.0,0,0,2,1,0
948,6,1,0,1,0,0.23142779637981772,0.2397410358565741,0.0,-0.0,7.853929646444338e-06,0.00022905416518776724,0.00019197631379313872,0.0,0.0,0,155,2,1,0
949,22,17,21,38,5,0.3036434091765007,0.3234893758300122,4.661681442505017e-05,0.000751661597069741,0.0006311333659107918,0.0006523554246830981,0.012262678884536535,0.7129360465116279,0.7233201581027668,0,0,26,0,0
950,36,45,9,54,4,0.36968919476279904,0.3957503320053097,0.00037958066534894767,0.0004717787524275023,0.0016530936354701333,0.0015518011052961956,0.03351604401064032,0.17721518987341772,0.19494949494949496,0,0,3,0,0
951,14,8,7,15,6,0.2737991752403112,0.2881972111553791,7.831882514298539e-06,7.611152730089855e-05,0.00010684082000436029,0.0005275862253149901,0.0026724666678064825,0.5505050505050505,0.5833333333333334,0,0,1,3,0
952,15,6,6,12,5,0.2801984881841582,0.29433930942895137,1.6490535491362972e-05,0.00024398959601121657,0.00018704952771526358,0.0004520097177083547,0.0045151415246113625,0.4666666666666667,0.5333333333333333,0,0,11,0,0
953,11,9,13,22,5,0.2856832245486141,0.3016434262948212,0.00020431230335622765,0.00034317657818524463,0.00018266851085611883,0.0005358875002188401,0.004700881179595307,0.2911111111111111,0.325,0,0,0,2,0
954,35,7,3,10,5,0.30065184849495885,0.31673306772908294,1.7132510889971628e-07,0.0001931626492533085,0.00046535324774831465,0.000388118310951573,0.009295636646846045,0.8571428571428571,0.8571428571428571,0,0,3,0,0
955,5,7,2,9,5,0.2856832245486141,0.29956839309429,1.2661753480286094e-06,0.00018050747757455228,0.00019913387216769236,0.00046154730671971476,0.004771807225114682,0.7205882352941176,0.7142857142857143,0,0,27,1,0
956,14,13,7,20,5,0.3037808043842729,0.3229415670650719,0.00014938430152774054,0.0002294307536558984,0.0003375531756367262,0.0006738201606063443,0.0072445642922016685,0.3945945945945946,0.4857142857142857,0,0,1,3,0
957,14,10,9,19,5,0.2705987818175103,0.2861055776892438,1.9028459942022807e-05,0.0001417095185637587,0.00011840342649875471,0.000627209119099319,0.0027708950756035085,0.5493827160493827,0.6444444444444445,0,0,1,3,0
958,15,3,3,6,5,0.25106790489500486,0.26158698539176745,0.0009768352081306816,6.178495662692647e-05,5.3728072307575005e-05,0.0006441372789984337,0.0011388575995991265,0.3333333333333333,0.3333333333333333,0,0,11,0,0
959,4,1,0,1,0,0.25795018469624764,0.2689907038512628,0.0,-0.0,4.4971328201678874e-05,0.00022225470958404616,0.0008163288172340953,0.0,0.0,0,149,2,1,0
960,6,1,0,1,0,0.25795018469624764,0.2689907038512628,0.0,-0.0,4.4971328201678874e-05,0.00022225470958404616,0.0008163288172340953,0.0,0.0,0,150,2,1,0
961,4,1,0,1,0,0.25795018469624764,0.2689907038512628,0.0,-0.0,4.4971328201678874e-05,0.00022225470958404616,0.0008163288172340953,0.0,0.0,0,151,2,1,0
962,9,2,1,3,6,0.24045686879987216,0.24873837981407815,2.140372422236804e-06,9.304079588293825e-07,7.602234047175525e-06,0.0004418134375094156,0.00034558467117038193,0.0,0.0,0,0,11,0,0
963,19,33,39,72,5,0.34446155858863164,0.37035192563080777,0.0010000095246732734,0.0017370968723494356,0.0015937131973275086,0.0011359792980611054,0.02965938678900178,0.35241679873217113,0.391025641025641,0,0,26,0,0
964,11,5,0,5,0,0.27114908616942385,0.2839807436919001,0.0,-0.0,0.00012046646452209478,0.000333411580890161,0.0027510198407699644,0.6,0.6,0,121,0,2,0
965,4,1,0,1,0,0.21604880637961796,0.22199535192563058,0.0,-0.0,7.379070157477973e-06,0.0002127018790847602,5.4931906976491326e-05,0.0,0.0,0,31,27,1,0
966,29,2,0,2,0,0.2752523647740327,0.2873671978751665,0.0,-0.0,0.00011145286011390348,0.00027657786451534903,0.0022072567101621187,1.0,1.0,0,136,11,0,0
967,14,5,0,5,0,0.2743546807470485,0.28764940239043896,0.0,-0.0,8.885041986702284e-05,0.00040050313631699466,0.0023141055699578347,0.55,0.7,0,39,1,3,0
968,15,2,0,2,0,0.2628875124501992,0.2725431606905724,0.0,-0.0,4.822975368281374e-05,0.00027672596489950255,0.0012788883160384486,1.0,1.0,0,101,11,0,0
969,15,2,2,4,5,0.2643132195626941,0.2744189907038526,0.0,9.490021479794816e-05,6.216834609984922e-05,0.00027608967741859114,0.0017148168753809384,1.0,1.0,0,0,11,0,0
970,5,2,5,7,5,0.2769618719840112,0.2883798140770261,1.993208648238026e-06,0.0002816981465794658,0.00010112709967189995,0.0002510663748440292,0.0020599757423601143,0.55,0.4666666666666667,0,0,27,1,0
971,32,9,93,102,4,0.27707617733769835,0.2929448871181947,0.0032200961628671516,0.0017962538794270276,0.00036648426667396545,0.00042338094574345404,0.007624942022099367,0.05734836702954899,0.05442329227323628,0,0,1,3,0
972,15,2,0,2,0,0.25215137949513305,0.2625664010624181,0.0,-0.0,2.5327868345698463e-05,0.0003034722718305909,0.0007281379978774579,0.0,0.0,0,56,11,3,0
973,14,1,0,1,0,0.20739353832742988,0.21381142098273495,0.0,-0.0,2.531053666934031e-05,0.00020150784660646367,0.00012366674107695184,0.0,0.0,0,49,1,3,0
974,5,7,6,13,5,0.2927848136455487,0.3078519256308102,1.2042126165148842e-05,0.0002469659476852855,0.0002768450040934621,0.0004248257561903807,0.006151355235483253,0.7222222222222222,0.8095238095238095,0,0,27,1,0
975,9,1,0,1,0,0.20739353832742988,0.21381142098273495,0.0,-0.0,2.531053666934031e-05,0.00020150784660646367,0.00012366674107695184,0.0,0.0,0,50,1,3,0
976,10,9,24,33,5,0.2907559886051291,0.3082337317397076,1.6533615867808756e-05,0.0006540747172665602,0.00039283806287622095,0.0004336509008963935,0.00765242488646574,0.7528846153846154,0.7666666666666667,0,0,0,2,0
977,19,2,0,2,0,0.2569652660834326,0.26688247011952343,0.0,-0.0,6.48448451244727e-05,0.000258598408963516,0.0012591318474110488,1.0,1.0,0,91,26,0,0
978,13,3,3,6,5,0.2689725872152416,0.2804116865869864,1.8922110171399306e-06,9.238971514086719e-05,8.933023653858904e-05,0.0003113353101796837,0.001989771930271623,0.8928571428571429,1.0,0,0,0,2,0
979,23,0,5,5,5,0.0,0.0,0.0,0.00021195535715247914,-0.0,0.00019763802593715103,2.410940405363465e-34,0.1,0.2,0,199,11,1,0
980,12,5,9,14,4,0.29050436074826613,0.3050464807436917,6.772139785457174e-05,0.00035354968944703455,0.00021683181945554022,0.00034202053941877685,0.003865305194801731,0.3218390804597701,0.4,0,0,0,2,0
981,10,10,24,34,4,0.2897520835948395,0.3074867197875164,2.6942817415351373e-05,0.0006976512463155944,0.00037533421906291945,0.00047727641182298414,0.007558391981545724,0.6893115942028986,0.7666666666666667,0,0,0,2,0
982,21,0,1,1,6,0.0,0.0,0.0,6.124897050794448e-05,-0.0,0.00019763802593715103,2.410940405363465e-34,0.0,0.0,0,200,26,0,0
983,10,3,0,3,0,0.2806472192962927,0.2937915006640112,0.0,-0.0,0.00021606369765099872,0.0002777595852733293,0.004025597812221235,1.0,1.0,0,98,0,0,0
984,35,3,0,3,0,0.2672724511010762,0.27953187250996125,0.0,-0.0,0.0001392283938290925,0.00026672043175842303,0.0020645236080854123,0.3333333333333333,0.3333333333333333,0,53,3,0,0
985,7,1,0,1,0,0.24087044805744812,0.2495517928286862,0.0,-0.0,1.504526388177521e-05,0.0002256340529562717,0.0003337647609268815,0.0,0.0,0,147,2,1,0
986,22,3,0,3,0,0.2665314977712911,0.2787516600265615,0.0,-0.0,7.594816974697242e-05,0.0002995153882148656,0.0017782444199552466,0.5,0.6666666666666666,0,36,0,2,0
987,22,12,0,12,0,0.2971267248885254,0.31605245683930894,0.0,-0.0,0.0004278437565716783,0.000612957528262303,0.009888431425436437,0.7045454545454546,0.803030303030303,0,32,0,2,0
988,22,2,0,2,0,0.26125467075796194,0.2726759628154062,0.0,-0.0,6.433707637974682e-05,0.00024533127527587095,0.001281355710772264,1.0,1.0,0,89,26,2,0
989,8,2,1,3,5,0.2643132195626941,0.2746181938911036,0.0,7.563948530715405e-05,7.29279956455404e-05,0.00026951680484856467,0.001738555464071712,1.0,1.0,0,0,3,0,0
990,21,20,2,22,5,0.3040559681563601,0.3254648074369182,3.9264085315591755e-06,7.519262592745918e-05,0.000648602444879568,0.000732812893500108,0.01319585651307594,0.5829694323144105,0.6210526315789474,0,0,26,0,0
991,32,4,3,7,5,0.26410526266295953,0.2768260292164684,0.0,0.00010218646467144207,0.0001346875853959668,0.0002926251766799505,0.002792140995196524,1.0,1.0,0,0,26,0,0
992,4,0,1,1,5,0.0,0.0,0.0,9.798992740299176e-05,-0.0,0.00019763802593715103,2.410940405363465e-34,0.0,0.0,0,201,27,1,0
993,21,1,0,1,0,0.23747072401994002,0.24674634794156797,0.0,-0.0,2.7910232707954484e-05,0.00021980295079877948,0.0004884120952009957,0.0,0.0,0,59,26,0,0
994,21,1,0,1,0,0.2646449201228903,0.2748837981407713,0.0,-0.0,4.868074977035192e-05,0.00022299751820036479,0.0008814762008034763,0.0,0.0,0,123,26,1,0
995,6,0,1,1,1,0.0,0.0,0.0,1.9919342582175646e-06,-0.0,0.00019763802593715103,2.410940405363465e-34,0.0,0.0,0,202,27,7,0
996,14,1,1,2,5,0.24782413351393245,0.25660690571049255,0.0,2.912446277230208e-05,2.052440138388026e-05,0.0002284840739162563,0.0005089993953679798,0.0,0.0,0,0,1,3,0
997,11,3,0,3,0,0.253480991289081,0.2643094289508644,0.0,-0.0,4.024552064970548e-05,0.000294437222571836,0.0009542494185195102,0.6666666666666666,1.0,0,58,0,2,0
998,14,1,0,1,0,0.2509291692291238,0.2589807436919005,0.0,-0.0,3.130492262771489e-05,0.00021160937562309318,0.0004766990396557341,0.0,0.0,0,140,27,1,0
999,15,1,1,2,5,0.2559495149406188,0.26369521912350746,0.0,4.912176176831382e-05,4.6721810536978256e-05,0.0002192691613994723,0.0008515660211160034,0.0,0.0,0,0,3,0,0
1000,4,5,6,11,5,0.29050436074826613,0.3052124833997345,9.446722222960228e-06,0.00021010804982798595,0.00014565056377709477,0.0003528208894073652,0.0034130325136516645,0.44,0.6,0,0,27,1,0
1001,21,5,9,14,5,0.27938226287525725,0.29274568393094347,2.6428876996524806e-06,0.00023713989733830325,0.0001905118528448176,0.0003349781003471755,0.003936723898972521,0.8275862068965517,0.8444444444444444,0,0,26,0,0
1002,1,1,0,1,0,0.23958420500979355,0.2478253652058441,0.0,-0.0,2.3048447256585243e-05,0.00021665000738224166,0.0003065539435737697,0.0,0.0,0,54,11,1,0
1003,6,1,1,2,5,0.24080185713387486,0.24915338645418422,0.0,2.5544603963792062e-05,3.0237376534231595e-05,0.00021903389761600256,0.0004649295013965731,0.0,0.0,0,0,3,0,0
1004,22,1,0,1,0,0.24061209577136577,0.24918658698539284,0.0,-0.0,2.055756004878744e-05,0.00022392382777456488,0.0004479601581220623,0.0,0.0,0,159,26,0,0
