Source,Target,Weight,Type
0,5,2,Directed
0,6,55,Directed
0,29,1,Directed
0,78,37,Directed
0,99,11,Directed
0,114,1,Directed
0,118,11,Directed
0,149,2,Directed
0,159,2,Directed
0,178,39,Directed
0,184,4,Directed
0,189,26,Directed
0,208,2,Directed
0,214,1,Directed
0,228,37,Directed
0,236,5,Directed
0,238,1,Directed
0,249,54,Directed
0,295,24,Directed
0,314,12,Directed
0,333,41,Directed
0,365,5,Directed
0,403,1,Directed
0,409,38,Directed
0,410,5,Directed
0,423,1,Directed
0,432,10,Directed
0,442,1,Directed
0,470,41,Directed
0,502,41,Directed
0,512,8,Directed
0,519,14,Directed
0,537,1,Directed
0,538,37,Directed
0,569,2,Directed
0,595,4,Directed
0,599,37,Directed
0,605,37,Directed
0,693,41,Directed
0,705,4,Directed
0,710,38,Directed
0,716,6,Directed
0,732,33,Directed
0,752,1,Directed
0,767,37,Directed
0,808,1,Directed
0,862,37,Directed
0,883,1,Directed
0,929,13,Directed
0,951,1,Directed
0,976,37,Directed
0,977,2,Directed
0,991,35,Directed
0,1004,5,Directed
1,46,3,Directed
1,303,2,Directed
1,309,2,Directed
1,310,16,Directed
1,322,1,Directed
1,324,3,Directed
1,337,3,Directed
1,343,1,Directed
1,399,2,Directed
1,832,1,Directed
2,4,1,Directed
2,17,4,Directed
2,31,1,Directed
2,32,4,Directed
2,38,6,Directed
2,45,1,Directed
2,52,6,Directed
2,57,1,Directed
2,58,10,Directed
2,61,11,Directed
2,66,1,Directed
2,72,1,Directed
2,74,1,Directed
2,75,4,Directed
2,77,19,Directed
2,82,1,Directed
2,96,1,Directed
2,112,2,Directed
2,118,3,Directed
2,119,17,Directed
2,126,23,Directed
2,135,1,Directed
2,142,1,Directed
2,151,3,Directed
2,163,1,Directed
2,166,4,Directed
2,167,1,Directed
2,168,6,Directed
2,178,5,Directed
2,197,2,Directed
2,225,1,Directed
2,228,1,Directed
2,231,45,Directed
2,236,11,Directed
2,248,1,Directed
2,250,1,Directed
2,251,1,Directed
2,260,4,Directed
2,267,1,Directed
2,272,8,Directed
2,281,1,Directed
2,283,3,Directed
2,306,1,Directed
2,313,1,Directed
2,316,3,Directed
2,318,1,Directed
2,322,10,Directed
2,326,1,Directed
2,328,2,Directed
2,332,1,Directed
2,334,12,Directed
2,335,11,Directed
2,337,1,Directed
2,344,1,Directed
2,347,2,Directed
2,356,2,Directed
2,365,1,Directed
2,377,2,Directed
2,388,2,Directed
2,389,1,Directed
2,392,1,Directed
2,404,1,Directed
2,405,1,Directed
2,413,1,Directed
2,416,12,Directed
2,423,1,Directed
2,425,1,Directed
2,447,1,Directed
2,465,5,Directed
2,466,3,Directed
2,469,1,Directed
2,479,1,Directed
2,484,2,Directed
2,485,2,Directed
2,486,1,Directed
2,499,1,Directed
2,500,15,Directed
2,502,2,Directed
2,509,3,Directed
2,516,3,Directed
2,517,2,Directed
2,521,1,Directed
2,526,10,Directed
2,528,3,Directed
2,530,4,Directed
2,532,2,Directed
2,535,2,Directed
2,540,2,Directed
2,551,1,Directed
2,561,1,Directed
2,569,1,Directed
2,575,1,Directed
2,577,2,Directed
2,580,3,Directed
2,582,2,Directed
2,586,8,Directed
2,590,1,Directed
2,602,2,Directed
2,628,3,Directed
2,629,12,Directed
2,638,10,Directed
2,648,2,Directed
2,656,1,Directed
2,662,1,Directed
2,669,3,Directed
2,671,1,Directed
2,680,2,Directed
2,692,2,Directed
2,693,1,Directed
2,700,114,Directed
2,715,2,Directed
2,722,1,Directed
2,736,1,Directed
2,746,1,Directed
2,749,7,Directed
2,768,3,Directed
2,769,1,Directed
2,772,1,Directed
2,782,16,Directed
2,787,2,Directed
2,789,4,Directed
2,790,229,Directed
2,791,2,Directed
2,812,18,Directed
2,814,1,Directed
2,817,1,Directed
2,833,2,Directed
2,838,1,Directed
2,840,3,Directed
2,846,1,Directed
2,854,4,Directed
2,857,2,Directed
2,866,4,Directed
2,867,1,Directed
2,868,4,Directed
2,872,3,Directed
2,876,1,Directed
2,885,3,Directed
2,889,2,Directed
2,891,5,Directed
2,908,1,Directed
2,923,10,Directed
2,933,1,Directed
2,948,1,Directed
2,952,2,Directed
2,953,3,Directed
2,956,2,Directed
2,961,1,Directed
2,969,1,Directed
2,977,3,Directed
2,983,1,Directed
2,984,1,Directed
2,988,1,Directed
2,991,1,Directed
2,998,1,Directed
4,82,1,Directed
4,90,2,Directed
4,135,10,Directed
4,159,1,Directed
4,170,1,Directed
4,187,3,Directed
4,214,1,Directed
4,231,1,Directed
4,293,1,Directed
4,304,21,Directed
4,371,40,Directed
4,405,1,Directed
4,428,1,Directed
4,441,11,Directed
4,450,1,Directed
4,456,1,Directed
4,502,1,Directed
4,530,1,Directed
4,581,2,Directed
4,607,1,Directed
4,628,1,Directed
4,633,2,Directed
4,638,1,Directed
4,687,1,Directed
4,700,1,Directed
4,703,2,Directed
4,720,3,Directed
4,742,1,Directed
4,771,26,Directed
4,784,4,Directed
4,802,1,Directed
4,848,11,Directed
4,851,1,Directed
4,862,1,Directed
4,863,1,Directed
4,867,1,Directed
4,870,1,Directed
4,951,4,Directed
4,993,1,Directed
5,0,1,Directed
5,29,19,Directed
5,107,43,Directed
5,118,2,Directed
5,135,4,Directed
5,175,35,Directed
5,189,5,Directed
5,228,3,Directed
5,231,1,Directed
5,236,1,Directed
5,246,4,Directed
5,273,2,Directed
5,275,5,Directed
5,277,1,Directed
5,335,9,Directed
5,381,2,Directed
5,383,1,Directed
5,464,2,Directed
5,483,4,Directed
5,491,37,Directed
5,502,2,Directed
5,506,10,Directed
5,532,7,Directed
5,553,35,Directed
5,586,3,Directed
5,599,2,Directed
5,607,1,Directed
5,609,1,Directed
5,670,35,Directed
5,724,4,Directed
5,808,5,Directed
5,849,1,Directed
5,898,2,Directed
5,977,2,Directed
5,980,2,Directed
7,416,2,Directed
7,418,4,Directed
7,468,1,Directed
7,810,22,Directed
10,173,1,Directed
10,381,1,Directed
11,53,1,Directed
11,148,1,Directed
11,193,1,Directed
11,316,2,Directed
11,334,2,Directed
11,462,2,Directed
11,506,2,Directed
11,617,1,Directed
11,619,6,Directed
11,633,12,Directed
11,662,6,Directed
11,890,3,Directed
11,923,2,Directed
12,405,1,Directed
12,406,2,Directed
12,422,3,Directed
12,527,1,Directed
12,680,2,Directed
12,720,1,Directed
12,731,1,Directed
12,870,9,Directed
13,14,7,Directed
13,120,2,Directed
13,173,1,Directed
13,199,2,Directed
13,239,1,Directed
13,314,2,Directed
13,437,1,Directed
13,443,1,Directed
13,516,37,Directed
13,532,36,Directed
13,550,2,Directed
13,682,3,Directed
13,693,3,Directed
13,700,3,Directed
13,704,2,Directed
13,719,5,Directed
13,738,8,Directed
13,743,6,Directed
13,772,1,Directed
13,783,11,Directed
13,804,1,Directed
13,837,5,Directed
13,850,4,Directed
13,881,1,Directed
13,951,7,Directed
13,996,1,Directed
14,13,11,Directed
14,16,3,Directed
14,29,1,Directed
14,32,2,Directed
14,90,1,Directed
14,118,1,Directed
14,131,4,Directed
14,173,46,Directed
14,192,1,Directed
14,199,37,Directed
14,249,4,Directed
14,270,8,Directed
14,275,2,Directed
14,327,1,Directed
14,365,11,Directed
14,381,19,Directed
14,382,4,Directed
14,410,10,Directed
14,468,1,Directed
14,506,200,Directed
14,508,2,Directed
14,516,27,Directed
14,532,1,Directed
14,541,7,Directed
14,576,8,Directed
14,605,3,Directed
14,611,20,Directed
14,644,48,Directed
14,650,4,Directed
14,657,4,Directed
14,666,1,Directed
14,682,3,Directed
14,700,4,Directed
14,702,235,Directed
14,719,17,Directed
14,724,62,Directed
14,738,12,Directed
14,761,4,Directed
14,783,18,Directed
14,790,6,Directed
14,796,43,Directed
14,828,1,Directed
14,837,4,Directed
14,850,11,Directed
14,881,33,Directed
14,921,18,Directed
14,923,1,Directed
14,924,266,Directed
14,945,4,Directed
14,962,1,Directed
14,996,10,Directed
14,1001,92,Directed
14,1004,5,Directed
15,268,2,Directed
15,284,8,Directed
15,370,4,Directed
15,406,13,Directed
15,422,148,Directed
15,471,2,Directed
15,584,18,Directed
15,633,2,Directed
15,680,251,Directed
15,731,271,Directed
15,943,8,Directed
15,951,1,Directed
16,14,4,Directed
16,19,15,Directed
16,101,2,Directed
16,102,8,Directed
16,120,1,Directed
16,127,13,Directed
16,149,1,Directed
16,181,1,Directed
16,189,1,Directed
16,225,1,Directed
16,249,4,Directed
16,282,1,Directed
16,293,2,Directed
16,333,2,Directed
16,377,3,Directed
16,393,1,Directed
16,407,4,Directed
16,410,2,Directed
16,423,2,Directed
16,457,2,Directed
16,502,1,Directed
16,506,5,Directed
16,522,1,Directed
16,534,2,Directed
16,541,50,Directed
16,546,1,Directed
16,595,2,Directed
16,613,1,Directed
16,711,1,Directed
16,716,10,Directed
16,718,42,Directed
16,724,2,Directed
16,732,2,Directed
16,754,12,Directed
16,772,4,Directed
16,777,15,Directed
16,783,7,Directed
16,832,5,Directed
16,843,6,Directed
16,883,3,Directed
16,970,1,Directed
16,977,2,Directed
16,994,1,Directed
16,1004,2,Directed
17,2,3,Directed
17,92,2,Directed
17,165,6,Directed
17,267,1,Directed
17,316,3,Directed
17,428,23,Directed
17,700,1,Directed
17,790,1,Directed
17,857,49,Directed
17,915,18,Directed
17,971,1,Directed
18,896,4,Directed
19,16,4,Directed
19,61,1,Directed
19,127,3,Directed
19,293,1,Directed
19,333,13,Directed
19,407,2,Directed
19,716,1,Directed
19,718,2,Directed
22,663,4,Directed
23,586,1,Directed
24,31,31,Directed
24,32,5,Directed
24,35,8,Directed
24,61,2,Directed
24,90,7,Directed
24,136,12,Directed
24,142,8,Directed
24,143,7,Directed
24,160,20,Directed
24,167,3,Directed
24,181,2,Directed
24,188,4,Directed
24,189,16,Directed
24,200,1,Directed
24,207,2,Directed
24,228,1,Directed
24,267,16,Directed
24,274,4,Directed
24,280,32,Directed
24,281,2,Directed
24,301,4,Directed
24,353,1,Directed
24,360,10,Directed
24,391,2,Directed
24,408,1,Directed
24,414,2,Directed
24,424,1,Directed
24,428,4,Directed
24,445,4,Directed
24,450,1,Directed
24,469,3,Directed
24,483,1,Directed
24,493,16,Directed
24,502,2,Directed
24,507,2,Directed
24,526,4,Directed
24,528,2,Directed
24,530,95,Directed
24,540,7,Directed
24,547,11,Directed
24,561,11,Directed
24,587,2,Directed
24,607,2,Directed
24,629,208,Directed
24,630,21,Directed
24,631,3,Directed
24,647,40,Directed
24,656,7,Directed
24,658,11,Directed
24,685,4,Directed
24,718,2,Directed
24,731,1,Directed
24,739,5,Directed
24,750,12,Directed
24,782,2,Directed
24,817,2,Directed
24,838,1,Directed
24,846,4,Directed
24,847,1,Directed
24,851,3,Directed
24,891,214,Directed
24,902,3,Directed
24,909,3,Directed
24,915,3,Directed
24,920,1,Directed
24,953,8,Directed
24,978,2,Directed
24,990,6,Directed
25,48,8,Directed
25,73,1,Directed
25,216,7,Directed
25,318,2,Directed
25,319,7,Directed
25,321,1,Directed
25,383,1,Directed
25,386,6,Directed
25,458,11,Directed
25,499,12,Directed
25,565,1,Directed
25,589,1,Directed
25,618,3,Directed
25,672,2,Directed
25,679,1,Directed
25,684,14,Directed
25,704,16,Directed
25,723,3,Directed
25,758,2,Directed
25,844,17,Directed
25,918,13,Directed
25,956,9,Directed
26,40,3,Directed
26,379,1,Directed
28,231,7,Directed
28,264,1,Directed
28,681,1,Directed
28,955,7,Directed
28,987,5,Directed
29,5,23,Directed
29,6,2,Directed
29,14,1,Directed
29,48,1,Directed
29,68,1,Directed
29,78,2,Directed
29,107,11,Directed
29,118,1,Directed
29,127,1,Directed
29,159,2,Directed
29,175,1,Directed
29,189,3,Directed
29,192,2,Directed
29,201,1,Directed
29,208,2,Directed
29,214,1,Directed
29,220,1,Directed
29,226,1,Directed
29,236,2,Directed
29,248,1,Directed
29,249,10,Directed
29,289,1,Directed
29,320,1,Directed
29,327,1,Directed
29,333,2,Directed
29,335,13,Directed
29,377,1,Directed
29,381,28,Directed
29,393,1,Directed
29,442,2,Directed
29,464,1,Directed
29,491,4,Directed
29,506,17,Directed
29,532,1,Directed
29,537,1,Directed
29,541,1,Directed
29,553,3,Directed
29,569,1,Directed
29,599,1,Directed
29,605,1,Directed
29,643,2,Directed
29,664,1,Directed
29,670,16,Directed
29,688,2,Directed
29,718,1,Directed
29,720,1,Directed
29,724,2,Directed
29,731,1,Directed
29,732,1,Directed
29,767,1,Directed
29,783,1,Directed
29,796,1,Directed
29,808,47,Directed
29,810,1,Directed
29,815,1,Directed
29,850,1,Directed
29,867,3,Directed
29,881,1,Directed
29,898,3,Directed
29,899,12,Directed
29,921,2,Directed
29,980,1,Directed
29,985,1,Directed
29,987,1,Directed
29,1004,5,Directed
30,2,1,Directed
30,52,7,Directed
30,61,5,Directed
30,90,1,Directed
30,104,22,Directed
30,112,1,Directed
30,126,15,Directed
30,133,2,Directed
30,135,1,Directed
30,166,5,Directed
30,168,17,Directed
30,185,1,Directed
30,209,11,Directed
30,232,9,Directed
30,256,7,Directed
30,294,5,Directed
30,313,41,Directed
30,356,31,Directed
30,362,2,Directed
30,416,13,Directed
30,425,1,Directed
30,447,1,Directed
30,472,7,Directed
30,515,2,Directed
30,517,2,Directed
30,545,2,Directed
30,573,3,Directed
30,581,1,Directed
30,602,4,Directed
30,648,13,Directed
30,704,3,Directed
30,730,6,Directed
30,743,11,Directed
30,744,1,Directed
30,762,3,Directed
30,765,89,Directed
30,790,28,Directed
30,868,15,Directed
30,885,7,Directed
30,890,3,Directed
30,908,13,Directed
30,912,14,Directed
30,936,34,Directed
30,942,5,Directed
30,946,10,Directed
30,948,6,Directed
30,949,1,Directed
31,24,19,Directed
31,90,1,Directed
31,92,13,Directed
31,142,3,Directed
31,143,2,Directed
31,165,296,Directed
31,190,2,Directed
31,200,4,Directed
31,207,4,Directed
31,214,2,Directed
31,224,1,Directed
31,267,1,Directed
31,316,9,Directed
31,344,1,Directed
31,349,1,Directed
31,410,2,Directed
31,422,1,Directed
31,424,3,Directed
31,428,29,Directed
31,491,1,Directed
31,493,2,Directed
31,511,1,Directed
31,561,1,Directed
31,569,3,Directed
31,647,1,Directed
31,658,1,Directed
31,716,3,Directed
31,718,2,Directed
31,724,2,Directed
31,795,1,Directed
31,838,13,Directed
31,846,1,Directed
31,857,3,Directed
31,915,32,Directed
31,951,6,Directed
31,990,99,Directed
32,0,8,Directed
32,2,5,Directed
32,14,1,Directed
32,19,8,Directed
32,24,3,Directed
32,35,1,Directed
32,53,1,Directed
32,61,12,Directed
32,90,7,Directed
32,92,2,Directed
32,114,3,Directed
32,118,1,Directed
32,127,6,Directed
32,134,2,Directed
32,142,1,Directed
32,143,21,Directed
32,159,8,Directed
32,170,8,Directed
32,178,1,Directed
32,184,1,Directed
32,185,1,Directed
32,188,2,Directed
32,189,12,Directed
32,197,53,Directed
32,214,38,Directed
32,236,9,Directed
32,241,1,Directed
32,243,1,Directed
32,249,16,Directed
32,280,18,Directed
32,281,3,Directed
32,293,5,Directed
32,316,1,Directed
32,337,5,Directed
32,360,1,Directed
32,365,8,Directed
32,380,8,Directed
32,381,8,Directed
32,388,2,Directed
32,410,2,Directed
32,418,8,Directed
32,421,1,Directed
32,422,1,Directed
32,428,5,Directed
32,432,8,Directed
32,433,14,Directed
32,502,11,Directed
32,506,1,Directed
32,526,1,Directed
32,528,1,Directed
32,530,3,Directed
32,534,14,Directed
32,547,1,Directed
32,561,1,Directed
32,569,4,Directed
32,572,7,Directed
32,580,17,Directed
32,591,2,Directed
32,631,1,Directed
32,647,1,Directed
32,656,1,Directed
32,669,25,Directed
32,687,3,Directed
32,692,1,Directed
32,693,10,Directed
32,696,1,Directed
32,700,2,Directed
32,708,1,Directed
32,716,5,Directed
32,718,13,Directed
32,724,3,Directed
32,731,5,Directed
32,739,5,Directed
32,746,1,Directed
32,749,1,Directed
32,754,3,Directed
32,762,1,Directed
32,777,8,Directed
32,791,110,Directed
32,843,8,Directed
32,851,4,Directed
32,862,41,Directed
32,870,1,Directed
32,890,1,Directed
32,891,10,Directed
32,915,9,Directed
32,920,3,Directed
32,921,13,Directed
32,923,3,Directed
32,953,1,Directed
32,977,29,Directed
32,990,1,Directed
33,242,1,Directed
33,364,2,Directed
33,692,2,Directed
33,764,2,Directed
33,891,2,Directed
34,135,1,Directed
34,581,1,Directed
34,692,1,Directed
34,855,16,Directed
34,873,1,Directed
34,997,34,Directed
35,161,1,Directed
35,167,8,Directed
35,207,1,Directed
35,239,1,Directed
35,280,1,Directed
35,469,1,Directed
35,547,1,Directed
35,817,4,Directed
35,838,2,Directed
35,846,1,Directed
35,851,7,Directed
35,902,2,Directed
35,915,1,Directed
35,951,1,Directed
35,978,7,Directed
37,77,1,Directed
37,126,4,Directed
37,168,2,Directed
37,232,2,Directed
37,256,2,Directed
37,313,8,Directed
37,356,4,Directed
37,416,2,Directed
37,730,3,Directed
38,2,4,Directed
38,42,3,Directed
38,61,5,Directed
38,70,10,Directed
38,90,7,Directed
38,91,1,Directed
38,159,6,Directed
38,184,2,Directed
38,189,2,Directed
38,197,4,Directed
38,299,1,Directed
38,309,32,Directed
38,322,11,Directed
38,324,43,Directed
38,326,1,Directed
38,334,4,Directed
38,337,6,Directed
38,343,6,Directed
38,388,15,Directed
38,395,3,Directed
38,410,8,Directed
38,460,3,Directed
38,474,27,Directed
38,487,1,Directed
38,502,1,Directed
38,522,5,Directed
38,528,1,Directed
38,534,13,Directed
38,586,13,Directed
38,591,14,Directed
38,609,2,Directed
38,612,1,Directed
38,638,24,Directed
38,663,3,Directed
38,700,1,Directed
38,718,2,Directed
38,740,1,Directed
38,782,8,Directed
38,832,56,Directed
38,890,1,Directed
38,919,2,Directed
38,939,43,Directed
38,951,1,Directed
40,26,4,Directed
40,53,3,Directed
40,60,16,Directed
40,61,2,Directed
40,65,1,Directed
40,75,3,Directed
40,86,1,Directed
40,90,5,Directed
40,120,5,Directed
40,127,1,Directed
40,147,2,Directed
40,159,12,Directed
40,187,121,Directed
40,190,1,Directed
40,193,5,Directed
40,196,11,Directed
40,198,24,Directed
40,214,2,Directed
40,239,1,Directed
40,254,26,Directed
40,264,4,Directed
40,267,1,Directed
40,272,70,Directed
40,290,4,Directed
40,334,2,Directed
40,362,3,Directed
40,367,1,Directed
40,379,13,Directed
40,383,1,Directed
40,415,7,Directed
40,425,1,Directed
40,450,100,Directed
40,454,2,Directed
40,466,10,Directed
40,471,1,Directed
40,488,24,Directed
40,499,1,Directed
40,502,2,Directed
40,566,2,Directed
40,568,62,Directed
40,569,1,Directed
40,572,88,Directed
40,585,1,Directed
40,587,1,Directed
40,596,18,Directed
40,607,2,Directed
40,629,1,Directed
40,633,1,Directed
40,662,62,Directed
40,687,2,Directed
40,695,41,Directed
40,696,3,Directed
40,712,50,Directed
40,731,1,Directed
40,742,1,Directed
40,749,2,Directed
40,752,1,Directed
40,802,83,Directed
40,890,3,Directed
40,900,58,Directed
40,927,1,Directed
40,947,29,Directed
40,962,3,Directed
40,978,1,Directed
41,48,6,Directed
41,73,43,Directed
41,499,22,Directed
41,503,17,Directed
41,558,1,Directed
41,565,74,Directed
41,618,1,Directed
41,679,1,Directed
41,684,1,Directed
41,704,7,Directed
41,723,87,Directed
41,758,3,Directed
41,956,3,Directed
41,1000,2,Directed
42,70,2,Directed
42,90,2,Directed
42,106,1,Directed
42,139,4,Directed
42,310,2,Directed
42,322,8,Directed
42,323,10,Directed
42,337,6,Directed
42,368,1,Directed
42,383,1,Directed
42,402,16,Directed
42,460,1,Directed
42,509,3,Directed
42,510,3,Directed
42,534,25,Directed
42,548,2,Directed
42,612,5,Directed
42,638,6,Directed
42,649,8,Directed
42,663,6,Directed
42,706,3,Directed
42,832,2,Directed
42,879,1,Directed
42,939,1,Directed
42,943,2,Directed
42,951,8,Directed
42,962,2,Directed
45,52,2,Directed
45,575,2,Directed
45,782,1,Directed
46,1,1,Directed
46,88,2,Directed
46,132,3,Directed
46,303,1,Directed
46,310,23,Directed
46,343,1,Directed
46,369,1,Directed
46,374,1,Directed
46,399,8,Directed
46,510,1,Directed
46,603,2,Directed
46,612,2,Directed
46,676,1,Directed
46,788,1,Directed
46,919,1,Directed
46,943,1,Directed
47,769,1,Directed
48,25,67,Directed
48,29,2,Directed
48,41,13,Directed
48,73,1,Directed
48,193,2,Directed
48,214,1,Directed
48,216,76,Directed
48,277,1,Directed
48,319,80,Directed
48,321,10,Directed
48,344,2,Directed
48,458,86,Directed
48,499,37,Directed
48,558,81,Directed
48,565,15,Directed
48,580,1,Directed
48,600,3,Directed
48,669,1,Directed
48,672,5,Directed
48,679,1,Directed
48,684,55,Directed
48,704,24,Directed
48,718,1,Directed
48,723,13,Directed
48,763,1,Directed
48,844,12,Directed
48,918,1,Directed
48,956,83,Directed
48,1000,12,Directed
49,248,2,Directed
50,402,28,Directed
50,559,105,Directed
50,634,1,Directed
51,841,1,Directed
52,2,8,Directed
52,30,10,Directed
52,45,27,Directed
52,65,1,Directed
52,66,24,Directed
52,77,1,Directed
52,91,5,Directed
52,104,4,Directed
52,111,1,Directed
52,112,18,Directed
52,126,44,Directed
52,133,5,Directed
52,166,11,Directed
52,168,51,Directed
52,201,10,Directed
52,209,1,Directed
52,229,1,Directed
52,231,1,Directed
52,232,42,Directed
52,266,2,Directed
52,267,5,Directed
52,313,17,Directed
52,326,1,Directed
52,332,2,Directed
52,356,88,Directed
52,416,26,Directed
52,425,2,Directed
52,439,2,Directed
52,472,45,Directed
52,521,1,Directed
52,528,3,Directed
52,556,1,Directed
52,557,2,Directed
52,573,1,Directed
52,574,1,Directed
52,575,1,Directed
52,586,9,Directed
52,602,16,Directed
52,607,1,Directed
52,648,11,Directed
52,689,1,Directed
52,721,2,Directed
52,762,1,Directed
52,765,34,Directed
52,782,5,Directed
52,790,21,Directed
52,812,4,Directed
52,868,75,Directed
52,912,38,Directed
52,948,12,Directed
52,949,2,Directed
53,11,1,Directed
53,32,1,Directed
53,40,5,Directed
53,56,3,Directed
53,61,4,Directed
53,70,2,Directed
53,75,1,Directed
53,78,1,Directed
53,83,2,Directed
53,90,2,Directed
53,107,2,Directed
53,120,6,Directed
53,127,2,Directed
53,147,4,Directed
53,159,2,Directed
53,160,1,Directed
53,166,3,Directed
53,178,4,Directed
53,189,1,Directed
53,190,5,Directed
53,191,1,Directed
53,193,51,Directed
53,200,1,Directed
53,209,4,Directed
53,220,1,Directed
53,233,1,Directed
53,239,2,Directed
53,245,1,Directed
53,272,2,Directed
53,274,1,Directed
53,277,2,Directed
53,278,1,Directed
53,280,2,Directed
53,290,3,Directed
53,306,1,Directed
53,311,10,Directed
53,316,3,Directed
53,321,1,Directed
53,332,1,Directed
53,343,4,Directed
53,364,1,Directed
53,365,1,Directed
53,367,2,Directed
53,377,2,Directed
53,413,1,Directed
53,416,3,Directed
53,425,1,Directed
53,435,2,Directed
53,443,3,Directed
53,454,2,Directed
53,482,1,Directed
53,491,1,Directed
53,499,3,Directed
53,502,1,Directed
53,517,4,Directed
53,518,4,Directed
53,534,1,Directed
53,535,1,Directed
53,540,2,Directed
53,542,7,Directed
53,544,1,Directed
53,546,1,Directed
53,569,1,Directed
53,577,1,Directed
53,581,2,Directed
53,586,1,Directed
53,607,1,Directed
53,609,10,Directed
53,612,1,Directed
53,613,1,Directed
53,614,5,Directed
53,629,5,Directed
53,633,19,Directed
53,640,1,Directed
53,659,1,Directed
53,662,2,Directed
53,674,1,Directed
53,684,1,Directed
53,687,3,Directed
53,692,3,Directed
53,700,1,Directed
53,703,1,Directed
53,715,1,Directed
53,718,1,Directed
53,720,1,Directed
53,724,3,Directed
53,731,2,Directed
53,739,1,Directed
53,742,1,Directed
53,772,1,Directed
53,776,1,Directed
53,783,1,Directed
53,798,1,Directed
53,807,1,Directed
53,813,1,Directed
53,819,3,Directed
53,844,1,Directed
53,850,5,Directed
53,851,1,Directed
53,865,1,Directed
53,866,3,Directed
53,870,1,Directed
53,887,1,Directed
53,890,5,Directed
53,900,2,Directed
53,901,3,Directed
53,912,2,Directed
53,920,1,Directed
53,923,34,Directed
53,926,2,Directed
53,927,3,Directed
53,935,1,Directed
53,940,1,Directed
53,946,6,Directed
53,951,5,Directed
53,963,1,Directed
53,978,6,Directed
53,987,1,Directed
53,997,2,Directed
54,155,1,Directed
55,0,1,Directed
55,78,1,Directed
55,129,1,Directed
55,130,1,Directed
55,169,1,Directed
55,195,1,Directed
55,201,1,Directed
55,236,1,Directed
55,249,1,Directed
55,289,1,Directed
55,372,1,Directed
55,404,6,Directed
55,409,1,Directed
55,410,1,Directed
55,579,1,Directed
55,595,10,Directed
55,688,1,Directed
55,716,1,Directed
55,718,1,Directed
55,752,1,Directed
55,767,1,Directed
55,977,1,Directed
55,1004,1,Directed
56,28,4,Directed
56,53,2,Directed
56,65,2,Directed
56,68,1,Directed
56,75,1,Directed
56,91,1,Directed
56,95,1,Directed
56,101,2,Directed
56,120,1,Directed
56,157,1,Directed
56,159,13,Directed
56,193,3,Directed
56,214,3,Directed
56,269,1,Directed
56,280,2,Directed
56,329,6,Directed
56,338,1,Directed
56,383,2,Directed
56,423,3,Directed
56,482,44,Directed
56,491,1,Directed
56,502,1,Directed
56,540,13,Directed
56,566,2,Directed
56,587,2,Directed
56,591,1,Directed
56,607,3,Directed
56,617,1,Directed
56,633,1,Directed
56,641,9,Directed
56,668,1,Directed
56,687,2,Directed
56,692,4,Directed
56,696,1,Directed
56,731,1,Directed
56,749,1,Directed
56,772,4,Directed
56,789,1,Directed
56,836,1,Directed
56,890,1,Directed
56,915,1,Directed
56,923,1,Directed
56,951,6,Directed
56,977,3,Directed
56,987,40,Directed
56,990,2,Directed
56,994,18,Directed
57,2,1,Directed
58,90,1,Directed
58,120,3,Directed
58,159,1,Directed
58,338,10,Directed
58,483,1,Directed
58,577,15,Directed
58,585,2,Directed
58,586,4,Directed
58,692,1,Directed
58,769,7,Directed
58,891,1,Directed
58,909,107,Directed
59,243,1,Directed
59,423,2,Directed
59,687,1,Directed
60,187,11,Directed
60,466,2,Directed
60,568,6,Directed
60,662,1,Directed
60,695,2,Directed
60,947,4,Directed
61,2,15,Directed
61,6,2,Directed
61,16,3,Directed
61,19,3,Directed
61,24,2,Directed
61,30,10,Directed
61,32,20,Directed
61,38,6,Directed
61,53,7,Directed
61,65,1,Directed
61,89,40,Directed
61,90,10,Directed
61,112,1,Directed
61,114,3,Directed
61,120,7,Directed
61,122,17,Directed
61,127,4,Directed
61,132,1,Directed
61,135,35,Directed
61,136,1,Directed
61,141,2,Directed
61,157,8,Directed
61,159,11,Directed
61,160,1,Directed
61,161,2,Directed
61,166,8,Directed
61,167,1,Directed
61,169,1,Directed
61,170,1,Directed
61,176,4,Directed
61,178,7,Directed
61,181,9,Directed
61,185,2,Directed
61,187,1,Directed
61,189,15,Directed
61,191,1,Directed
61,193,7,Directed
61,197,1,Directed
61,214,4,Directed
61,228,3,Directed
61,229,6,Directed
61,231,2,Directed
61,233,15,Directed
61,241,2,Directed
61,243,48,Directed
61,246,1,Directed
61,272,19,Directed
61,278,11,Directed
61,280,4,Directed
61,281,3,Directed
61,293,9,Directed
61,306,15,Directed
61,318,1,Directed
61,332,3,Directed
61,334,14,Directed
61,337,1,Directed
61,338,3,Directed
61,340,3,Directed
61,343,6,Directed
61,356,78,Directed
61,365,1,Directed
61,371,1,Directed
61,377,7,Directed
61,383,2,Directed
61,388,31,Directed
61,392,1,Directed
61,393,11,Directed
61,398,14,Directed
61,415,4,Directed
61,416,4,Directed
61,425,1,Directed
61,428,22,Directed
61,443,7,Directed
61,450,75,Directed
61,464,1,Directed
61,469,12,Directed
61,472,22,Directed
61,479,2,Directed
61,483,5,Directed
61,484,1,Directed
61,490,1,Directed
61,502,63,Directed
61,517,106,Directed
61,522,71,Directed
61,530,12,Directed
61,534,18,Directed
61,535,2,Directed
61,542,7,Directed
61,546,4,Directed
61,550,12,Directed
61,568,14,Directed
61,581,1,Directed
61,586,3,Directed
61,587,1,Directed
61,591,83,Directed
61,595,2,Directed
61,601,1,Directed
61,602,23,Directed
61,605,1,Directed
61,607,33,Directed
61,617,2,Directed
61,633,3,Directed
61,646,1,Directed
61,659,6,Directed
61,662,7,Directed
61,663,5,Directed
61,670,1,Directed
61,674,9,Directed
61,687,16,Directed
61,692,50,Directed
61,693,7,Directed
61,695,1,Directed
61,696,27,Directed
61,700,6,Directed
61,703,4,Directed
61,711,2,Directed
61,712,2,Directed
61,716,15,Directed
61,718,534,Directed
61,724,8,Directed
61,730,2,Directed
61,742,69,Directed
61,746,1,Directed
61,754,6,Directed
61,765,4,Directed
61,771,5,Directed
61,772,4,Directed
61,776,1,Directed
61,779,2,Directed
61,782,18,Directed
61,784,2,Directed
61,789,1,Directed
61,802,12,Directed
61,819,4,Directed
61,830,3,Directed
61,833,5,Directed
61,840,3,Directed
61,843,24,Directed
61,851,42,Directed
61,854,7,Directed
61,857,2,Directed
61,858,1,Directed
61,866,2,Directed
61,868,1,Directed
61,883,13,Directed
61,891,1,Directed
61,900,18,Directed
61,904,3,Directed
61,912,1,Directed
61,915,46,Directed
61,919,1,Directed
61,920,2,Directed
61,926,11,Directed
61,939,1,Directed
61,948,3,Directed
61,969,3,Directed
61,980,6,Directed
61,991,54,Directed
62,75,2,Directed
62,112,1,Directed
62,113,37,Directed
62,120,6,Directed
62,124,1,Directed
62,159,54,Directed
62,163,15,Directed
62,168,4,Directed
62,214,46,Directed
62,250,16,Directed
62,356,3,Directed
62,369,22,Directed
62,394,3,Directed
62,416,2,Directed
62,444,7,Directed
62,472,6,Directed
62,485,127,Directed
62,500,5,Directed
62,513,31,Directed
62,518,11,Directed
62,535,23,Directed
62,542,188,Directed
62,551,24,Directed
62,607,1,Directed
62,646,239,Directed
62,722,6,Directed
62,743,4,Directed
62,746,2,Directed
62,765,2,Directed
62,770,1,Directed
62,799,4,Directed
62,800,13,Directed
62,823,18,Directed
62,854,18,Directed
62,895,2,Directed
62,912,3,Directed
62,913,3,Directed
62,927,3,Directed
62,962,1,Directed
64,2,1,Directed
64,102,1,Directed
64,125,1,Directed
64,139,1,Directed
64,154,1,Directed
64,206,1,Directed
64,322,7,Directed
64,324,1,Directed
64,477,3,Directed
64,487,1,Directed
64,510,1,Directed
64,524,1,Directed
64,534,14,Directed
64,612,1,Directed
64,634,1,Directed
64,890,1,Directed
64,939,1,Directed
65,52,1,Directed
65,53,1,Directed
65,56,3,Directed
65,61,1,Directed
65,70,1,Directed
65,75,11,Directed
65,83,2,Directed
65,90,3,Directed
65,107,2,Directed
65,120,19,Directed
65,127,1,Directed
65,134,3,Directed
65,135,13,Directed
65,147,3,Directed
65,150,1,Directed
65,151,1,Directed
65,165,1,Directed
65,178,3,Directed
65,187,1,Directed
65,190,1,Directed
65,191,13,Directed
65,193,21,Directed
65,196,4,Directed
65,205,1,Directed
65,220,30,Directed
65,239,1,Directed
65,243,3,Directed
65,253,1,Directed
65,278,2,Directed
65,280,6,Directed
65,316,3,Directed
65,322,2,Directed
65,326,2,Directed
65,329,1,Directed
65,334,22,Directed
65,335,2,Directed
65,338,2,Directed
65,356,1,Directed
65,367,1,Directed
65,377,2,Directed
65,415,8,Directed
65,416,3,Directed
65,435,1,Directed
65,449,2,Directed
65,450,2,Directed
65,462,1,Directed
65,499,2,Directed
65,502,2,Directed
65,517,1,Directed
65,528,2,Directed
65,530,7,Directed
65,534,4,Directed
65,540,1,Directed
65,542,1,Directed
65,544,1,Directed
65,569,4,Directed
65,586,1,Directed
65,591,1,Directed
65,592,2,Directed
65,607,1,Directed
65,609,3,Directed
65,613,1,Directed
65,617,2,Directed
65,624,2,Directed
65,629,7,Directed
65,671,1,Directed
65,687,32,Directed
65,692,3,Directed
65,700,1,Directed
65,703,3,Directed
65,713,1,Directed
65,718,1,Directed
65,720,3,Directed
65,731,3,Directed
65,739,1,Directed
65,742,6,Directed
65,743,1,Directed
65,746,1,Directed
65,752,6,Directed
65,771,7,Directed
65,772,14,Directed
65,775,1,Directed
65,776,3,Directed
65,782,1,Directed
65,783,1,Directed
65,784,6,Directed
65,812,2,Directed
65,834,1,Directed
65,850,3,Directed
65,851,4,Directed
65,863,1,Directed
65,865,2,Directed
65,890,1,Directed
65,891,4,Directed
65,910,2,Directed
65,915,6,Directed
65,920,6,Directed
65,923,7,Directed
65,927,8,Directed
65,948,3,Directed
65,951,1,Directed
65,963,3,Directed
65,983,2,Directed
65,987,1,Directed
65,993,3,Directed
65,997,5,Directed
65,1003,1,Directed
66,2,4,Directed
66,45,73,Directed
66,52,22,Directed
66,126,8,Directed
66,168,3,Directed
66,227,91,Directed
66,260,5,Directed
66,316,1,Directed
66,575,2,Directed
66,782,43,Directed
66,790,1,Directed
66,966,15,Directed
66,986,7,Directed
67,141,1,Directed
67,165,251,Directed
67,181,1,Directed
67,190,11,Directed
67,207,345,Directed
67,239,2,Directed
67,267,1,Directed
67,344,377,Directed
67,353,2,Directed
67,391,92,Directed
67,561,194,Directed
67,656,5,Directed
67,658,1,Directed
67,707,1,Directed
67,846,274,Directed
67,920,5,Directed
67,963,374,Directed
68,506,1,Directed
69,38,6,Directed
69,50,2,Directed
69,303,1,Directed
69,310,1,Directed
69,322,1,Directed
69,324,1,Directed
69,343,2,Directed
69,395,1,Directed
69,399,1,Directed
69,402,2,Directed
69,638,2,Directed
69,663,1,Directed
69,706,1,Directed
69,735,6,Directed
69,879,34,Directed
69,939,1,Directed
69,943,2,Directed
69,950,16,Directed
70,38,4,Directed
70,42,3,Directed
70,50,1,Directed
70,53,1,Directed
70,64,1,Directed
70,65,5,Directed
70,75,3,Directed
70,84,2,Directed
70,90,3,Directed
70,102,1,Directed
70,103,3,Directed
70,120,9,Directed
70,159,4,Directed
70,164,1,Directed
70,196,1,Directed
70,214,2,Directed
70,264,1,Directed
70,299,5,Directed
70,309,2,Directed
70,310,6,Directed
70,322,7,Directed
70,323,1,Directed
70,324,8,Directed
70,334,10,Directed
70,343,10,Directed
70,376,1,Directed
70,388,18,Directed
70,399,2,Directed
70,415,9,Directed
70,416,1,Directed
70,427,1,Directed
70,474,1,Directed
70,509,1,Directed
70,510,1,Directed
70,534,22,Directed
70,566,1,Directed
70,601,3,Directed
70,603,1,Directed
70,607,2,Directed
70,609,1,Directed
70,633,9,Directed
70,638,5,Directed
70,649,1,Directed
70,663,6,Directed
70,752,4,Directed
70,772,2,Directed
70,776,1,Directed
70,822,1,Directed
70,832,2,Directed
70,890,5,Directed
70,919,1,Directed
70,939,1,Directed
70,943,4,Directed
70,950,2,Directed
70,962,1,Directed
72,2,1,Directed
72,91,1,Directed
72,120,3,Directed
72,135,24,Directed
72,159,11,Directed
72,193,1,Directed
72,214,7,Directed
72,316,2,Directed
72,348,2,Directed
72,443,7,Directed
72,528,3,Directed
72,540,1,Directed
72,546,1,Directed
72,581,14,Directed
72,633,1,Directed
72,662,7,Directed
72,772,4,Directed
72,923,1,Directed
73,25,3,Directed
73,41,47,Directed
73,48,7,Directed
73,90,1,Directed
73,216,5,Directed
73,318,3,Directed
73,319,4,Directed
73,321,3,Directed
73,366,3,Directed
73,424,2,Directed
73,434,3,Directed
73,458,4,Directed
73,481,3,Directed
73,499,25,Directed
73,503,2,Directed
73,558,4,Directed
73,565,7,Directed
73,577,5,Directed
73,618,8,Directed
73,644,2,Directed
73,672,3,Directed
73,679,7,Directed
73,684,4,Directed
73,704,5,Directed
73,723,30,Directed
73,758,6,Directed
73,918,3,Directed
73,926,1,Directed
73,956,7,Directed
73,1000,2,Directed
74,2,1,Directed
74,76,5,Directed
74,90,2,Directed
74,104,29,Directed
74,110,3,Directed
74,112,70,Directed
74,126,22,Directed
74,133,21,Directed
74,166,122,Directed
74,168,40,Directed
74,214,12,Directed
74,232,10,Directed
74,256,41,Directed
74,266,22,Directed
74,294,92,Directed
74,313,33,Directed
74,332,19,Directed
74,356,13,Directed
74,362,2,Directed
74,383,1,Directed
74,392,82,Directed
74,399,1,Directed
74,416,20,Directed
74,435,6,Directed
74,447,58,Directed
74,500,1,Directed
74,573,24,Directed
74,586,59,Directed
74,648,27,Directed
74,674,22,Directed
74,733,1,Directed
74,743,4,Directed
74,759,20,Directed
74,762,5,Directed
74,765,1,Directed
74,782,14,Directed
74,803,16,Directed
74,885,52,Directed
74,912,46,Directed
74,948,2,Directed
74,974,11,Directed
74,984,84,Directed
75,2,2,Directed
75,6,1,Directed
75,40,2,Directed
75,53,6,Directed
75,56,1,Directed
75,61,2,Directed
75,62,1,Directed
75,65,60,Directed
75,83,1,Directed
75,90,2,Directed
75,91,7,Directed
75,107,22,Directed
75,118,1,Directed
75,120,20,Directed
75,127,18,Directed
75,135,4,Directed
75,147,8,Directed
75,150,7,Directed
75,151,1,Directed
75,157,1,Directed
75,165,1,Directed
75,166,2,Directed
75,170,1,Directed
75,178,13,Directed
75,185,1,Directed
75,189,1,Directed
75,190,14,Directed
75,191,20,Directed
75,193,4,Directed
75,196,4,Directed
75,220,73,Directed
75,223,1,Directed
75,229,4,Directed
75,231,2,Directed
75,232,2,Directed
75,235,1,Directed
75,243,1,Directed
75,248,7,Directed
75,250,1,Directed
75,257,1,Directed
75,272,1,Directed
75,278,3,Directed
75,306,1,Directed
75,316,1,Directed
75,333,1,Directed
75,334,45,Directed
75,371,1,Directed
75,377,1,Directed
75,388,1,Directed
75,415,3,Directed
75,416,7,Directed
75,425,1,Directed
75,443,1,Directed
75,450,3,Directed
75,462,3,Directed
75,468,1,Directed
75,485,1,Directed
75,499,8,Directed
75,502,2,Directed
75,510,1,Directed
75,517,2,Directed
75,522,1,Directed
75,528,1,Directed
75,530,1,Directed
75,534,1,Directed
75,535,1,Directed
75,546,6,Directed
75,550,6,Directed
75,569,1,Directed
75,607,55,Directed
75,609,10,Directed
75,612,3,Directed
75,617,7,Directed
75,629,5,Directed
75,633,35,Directed
75,661,1,Directed
75,662,1,Directed
75,670,1,Directed
75,671,1,Directed
75,687,5,Directed
75,692,19,Directed
75,696,2,Directed
75,700,1,Directed
75,718,1,Directed
75,740,4,Directed
75,742,3,Directed
75,746,1,Directed
75,749,10,Directed
75,752,2,Directed
75,772,147,Directed
75,776,1,Directed
75,784,1,Directed
75,833,5,Directed
75,841,1,Directed
75,850,34,Directed
75,851,3,Directed
75,865,2,Directed
75,868,1,Directed
75,870,3,Directed
75,879,4,Directed
75,890,1,Directed
75,891,7,Directed
75,901,1,Directed
75,910,1,Directed
75,915,5,Directed
75,920,1,Directed
75,923,5,Directed
75,927,5,Directed
75,936,1,Directed
75,940,2,Directed
75,945,1,Directed
75,948,9,Directed
75,951,2,Directed
75,987,8,Directed
75,993,1,Directed
75,995,2,Directed
75,997,17,Directed
75,1003,1,Directed
76,74,9,Directed
76,185,1,Directed
76,229,1,Directed
76,399,17,Directed
76,410,4,Directed
76,471,1,Directed
76,609,1,Directed
76,733,1,Directed
76,764,1,Directed
76,769,3,Directed
76,863,1,Directed
76,901,1,Directed
76,1001,12,Directed
77,2,32,Directed
77,37,2,Directed
77,104,1,Directed
77,126,4,Directed
77,168,175,Directed
77,232,8,Directed
77,256,1,Directed
77,260,110,Directed
77,266,66,Directed
77,294,4,Directed
77,313,2,Directed
77,356,7,Directed
77,369,14,Directed
77,416,4,Directed
77,425,2,Directed
77,439,28,Directed
77,472,5,Directed
77,500,1,Directed
77,521,6,Directed
77,556,16,Directed
77,557,4,Directed
77,575,29,Directed
77,699,7,Directed
77,759,5,Directed
77,762,10,Directed
77,765,1,Directed
77,782,9,Directed
77,790,6,Directed
77,885,1,Directed
77,908,3,Directed
77,912,90,Directed
77,948,1,Directed
77,949,12,Directed
78,5,1,Directed
78,29,2,Directed
78,130,8,Directed
78,169,1,Directed
78,178,13,Directed
78,289,1,Directed
78,333,1,Directed
78,404,1,Directed
78,422,4,Directed
78,502,15,Directed
78,506,4,Directed
78,538,1,Directed
78,599,5,Directed
78,605,1,Directed
78,688,2,Directed
78,693,1,Directed
78,702,1,Directed
78,710,3,Directed
78,731,3,Directed
78,767,2,Directed
78,832,2,Directed
78,862,6,Directed
78,878,1,Directed
78,929,1,Directed
78,976,5,Directed
79,746,43,Directed
81,4,2,Directed
82,54,1,Directed
82,135,3,Directed
82,184,1,Directed
82,267,5,Directed
82,572,1,Directed
82,628,15,Directed
82,697,1,Directed
82,720,2,Directed
82,771,9,Directed
82,772,1,Directed
82,784,4,Directed
82,870,14,Directed
82,937,2,Directed
83,65,1,Directed
83,82,1,Directed
83,86,2,Directed
83,152,1,Directed
83,159,1,Directed
83,161,1,Directed
83,229,1,Directed
83,306,5,Directed
83,374,3,Directed
83,400,1,Directed
83,443,2,Directed
83,659,1,Directed
83,697,2,Directed
83,703,3,Directed
83,752,1,Directed
83,769,2,Directed
83,784,47,Directed
83,807,1,Directed
83,855,1,Directed
83,863,3,Directed
83,870,1,Directed
83,901,5,Directed
83,993,2,Directed
84,42,1,Directed
84,64,4,Directed
84,70,2,Directed
84,97,8,Directed
84,310,1,Directed
84,323,3,Directed
84,324,9,Directed
84,337,1,Directed
84,343,4,Directed
84,474,2,Directed
84,534,4,Directed
84,591,1,Directed
84,638,2,Directed
84,735,1,Directed
84,740,1,Directed
84,939,1,Directed
85,277,1,Directed
86,152,22,Directed
86,317,2,Directed
86,443,126,Directed
86,483,2,Directed
86,662,67,Directed
86,703,6,Directed
86,742,2,Directed
88,46,1,Directed
88,106,5,Directed
88,343,2,Directed
88,399,6,Directed
88,638,2,Directed
88,663,2,Directed
88,879,2,Directed
88,906,20,Directed
88,950,10,Directed
89,61,4,Directed
89,189,1,Directed
89,415,1,Directed
89,718,9,Directed
89,752,2,Directed
90,0,1,Directed
90,4,1,Directed
90,5,2,Directed
90,8,6,Directed
90,13,4,Directed
90,14,8,Directed
90,16,2,Directed
90,24,4,Directed
90,25,3,Directed
90,29,7,Directed
90,30,4,Directed
90,31,2,Directed
90,32,18,Directed
90,38,16,Directed
90,40,26,Directed
90,42,5,Directed
90,48,3,Directed
90,53,4,Directed
90,56,4,Directed
90,58,1,Directed
90,61,13,Directed
90,62,8,Directed
90,65,2,Directed
90,68,1,Directed
90,70,36,Directed
90,72,3,Directed
90,73,1,Directed
90,74,5,Directed
90,77,1,Directed
90,86,3,Directed
90,87,1,Directed
90,91,1,Directed
90,93,1,Directed
90,96,1,Directed
90,101,4,Directed
90,103,1,Directed
90,104,1,Directed
90,107,63,Directed
90,112,2,Directed
90,113,2,Directed
90,114,4,Directed
90,116,3,Directed
90,118,2,Directed
90,122,6,Directed
90,124,3,Directed
90,125,2,Directed
90,127,1,Directed
90,133,7,Directed
90,134,3,Directed
90,135,13,Directed
90,136,5,Directed
90,137,1,Directed
90,141,2,Directed
90,142,8,Directed
90,143,4,Directed
90,144,8,Directed
90,147,15,Directed
90,151,1,Directed
90,157,3,Directed
90,160,6,Directed
90,161,3,Directed
90,164,2,Directed
90,166,7,Directed
90,167,5,Directed
90,168,18,Directed
90,170,4,Directed
90,173,11,Directed
90,178,38,Directed
90,184,3,Directed
90,186,1,Directed
90,187,2,Directed
90,188,10,Directed
90,189,6,Directed
90,190,10,Directed
90,191,33,Directed
90,192,4,Directed
90,193,2,Directed
90,197,2,Directed
90,199,11,Directed
90,200,8,Directed
90,201,11,Directed
90,205,6,Directed
90,207,1,Directed
90,214,4,Directed
90,216,3,Directed
90,220,44,Directed
90,223,12,Directed
90,226,6,Directed
90,228,2,Directed
90,233,18,Directed
90,235,1,Directed
90,236,17,Directed
90,244,1,Directed
90,245,2,Directed
90,246,3,Directed
90,248,16,Directed
90,251,1,Directed
90,256,2,Directed
90,260,6,Directed
90,266,2,Directed
90,267,3,Directed
90,270,3,Directed
90,278,2,Directed
90,280,11,Directed
90,281,4,Directed
90,283,13,Directed
90,292,2,Directed
90,294,1,Directed
90,306,6,Directed
90,307,3,Directed
90,313,6,Directed
90,315,2,Directed
90,316,43,Directed
90,317,1,Directed
90,320,1,Directed
90,321,2,Directed
90,324,1,Directed
90,327,1,Directed
90,334,3,Directed
90,335,4,Directed
90,338,2,Directed
90,343,5,Directed
90,347,1,Directed
90,356,37,Directed
90,360,6,Directed
90,361,7,Directed
90,371,1,Directed
90,372,2,Directed
90,381,13,Directed
90,386,1,Directed
90,388,14,Directed
90,392,3,Directed
90,397,1,Directed
90,398,1,Directed
90,413,2,Directed
90,414,5,Directed
90,415,1,Directed
90,416,48,Directed
90,421,2,Directed
90,422,6,Directed
90,423,3,Directed
90,425,1,Directed
90,428,17,Directed
90,433,6,Directed
90,435,4,Directed
90,439,7,Directed
90,440,2,Directed
90,443,10,Directed
90,448,2,Directed
90,450,6,Directed
90,458,1,Directed
90,459,1,Directed
90,460,3,Directed
90,464,17,Directed
90,468,1,Directed
90,469,1,Directed
90,472,14,Directed
90,479,7,Directed
90,482,3,Directed
90,485,3,Directed
90,487,1,Directed
90,493,4,Directed
90,499,7,Directed
90,500,7,Directed
90,502,21,Directed
90,506,35,Directed
90,509,6,Directed
90,516,11,Directed
90,517,3,Directed
90,518,4,Directed
90,523,2,Directed
90,526,7,Directed
90,530,9,Directed
90,531,1,Directed
90,534,18,Directed
90,535,5,Directed
90,537,3,Directed
90,538,4,Directed
90,541,10,Directed
90,542,6,Directed
90,546,1,Directed
90,547,4,Directed
90,551,3,Directed
90,553,2,Directed
90,554,1,Directed
90,558,2,Directed
90,561,4,Directed
90,565,1,Directed
90,568,1,Directed
90,569,8,Directed
90,570,1,Directed
90,572,3,Directed
90,573,4,Directed
90,581,6,Directed
90,602,7,Directed
90,606,3,Directed
90,609,8,Directed
90,612,8,Directed
90,613,18,Directed
90,624,5,Directed
90,625,4,Directed
90,628,8,Directed
90,629,25,Directed
90,631,1,Directed
90,634,1,Directed
90,638,3,Directed
90,644,7,Directed
90,646,5,Directed
90,647,3,Directed
90,648,10,Directed
90,649,4,Directed
90,650,7,Directed
90,651,2,Directed
90,656,2,Directed
90,657,12,Directed
90,658,2,Directed
90,659,1,Directed
90,660,4,Directed
90,662,11,Directed
90,663,3,Directed
90,664,2,Directed
90,668,4,Directed
90,669,1,Directed
90,670,4,Directed
90,671,5,Directed
90,682,4,Directed
90,685,4,Directed
90,687,1,Directed
90,692,34,Directed
90,693,6,Directed
90,695,2,Directed
90,701,4,Directed
90,702,7,Directed
90,703,4,Directed
90,704,5,Directed
90,705,1,Directed
90,710,3,Directed
90,712,3,Directed
90,714,2,Directed
90,718,23,Directed
90,720,28,Directed
90,721,8,Directed
90,731,2,Directed
90,732,1,Directed
90,733,1,Directed
90,736,6,Directed
90,742,48,Directed
90,746,16,Directed
90,749,14,Directed
90,761,10,Directed
90,763,6,Directed
90,764,2,Directed
90,765,22,Directed
90,767,2,Directed
90,769,4,Directed
90,771,10,Directed
90,772,1,Directed
90,774,1,Directed
90,775,1,Directed
90,776,3,Directed
90,779,1,Directed
90,783,9,Directed
90,784,4,Directed
90,787,2,Directed
90,789,1,Directed
90,791,6,Directed
90,798,3,Directed
90,802,5,Directed
90,807,1,Directed
90,808,2,Directed
90,809,5,Directed
90,810,2,Directed
90,813,6,Directed
90,830,3,Directed
90,832,2,Directed
90,837,1,Directed
90,841,11,Directed
90,843,5,Directed
90,844,1,Directed
90,850,89,Directed
90,851,11,Directed
90,853,7,Directed
90,854,7,Directed
90,857,6,Directed
90,862,6,Directed
90,863,3,Directed
90,865,13,Directed
90,866,4,Directed
90,868,5,Directed
90,870,4,Directed
90,881,9,Directed
90,883,8,Directed
90,885,6,Directed
90,890,4,Directed
90,891,13,Directed
90,898,9,Directed
90,900,7,Directed
90,901,2,Directed
90,904,3,Directed
90,910,1,Directed
90,912,15,Directed
90,915,28,Directed
90,920,14,Directed
90,923,19,Directed
90,924,5,Directed
90,926,3,Directed
90,927,11,Directed
90,935,11,Directed
90,936,1,Directed
90,939,1,Directed
90,940,20,Directed
90,941,1,Directed
90,944,10,Directed
90,946,8,Directed
90,947,1,Directed
90,948,51,Directed
90,949,3,Directed
90,952,2,Directed
90,953,4,Directed
90,956,1,Directed
90,976,1,Directed
90,977,1,Directed
90,978,23,Directed
90,980,7,Directed
90,984,4,Directed
90,987,11,Directed
90,993,2,Directed
90,994,8,Directed
90,996,10,Directed
90,997,28,Directed
90,1001,6,Directed
90,1002,1,Directed
90,1003,4,Directed
91,4,1,Directed
91,24,3,Directed
91,29,1,Directed
91,30,1,Directed
91,38,4,Directed
91,52,2,Directed
91,70,7,Directed
91,77,1,Directed
91,83,1,Directed
91,86,1,Directed
91,97,2,Directed
91,106,2,Directed
91,107,3,Directed
91,120,4,Directed
91,125,1,Directed
91,127,2,Directed
91,132,1,Directed
91,139,1,Directed
91,149,3,Directed
91,152,1,Directed
91,157,1,Directed
91,166,1,Directed
91,167,1,Directed
91,169,2,Directed
91,178,3,Directed
91,185,1,Directed
91,189,3,Directed
91,191,1,Directed
91,207,1,Directed
91,220,3,Directed
91,229,1,Directed
91,233,1,Directed
91,280,1,Directed
91,301,2,Directed
91,307,5,Directed
91,315,2,Directed
91,323,1,Directed
91,334,1,Directed
91,343,2,Directed
91,347,2,Directed
91,356,6,Directed
91,371,1,Directed
91,388,3,Directed
91,392,1,Directed
91,404,1,Directed
91,407,2,Directed
91,409,1,Directed
91,415,25,Directed
91,416,5,Directed
91,421,1,Directed
91,423,1,Directed
91,433,1,Directed
91,485,1,Directed
91,491,1,Directed
91,499,3,Directed
91,502,1,Directed
91,514,2,Directed
91,517,1,Directed
91,530,1,Directed
91,534,2,Directed
91,535,2,Directed
91,542,6,Directed
91,565,1,Directed
91,566,1,Directed
91,570,2,Directed
91,580,2,Directed
91,581,2,Directed
91,595,4,Directed
91,599,2,Directed
91,607,3,Directed
91,612,1,Directed
91,613,6,Directed
91,617,2,Directed
91,629,2,Directed
91,634,2,Directed
91,638,2,Directed
91,647,2,Directed
91,660,1,Directed
91,674,2,Directed
91,684,2,Directed
91,688,1,Directed
91,692,1,Directed
91,693,2,Directed
91,702,1,Directed
91,704,2,Directed
91,716,2,Directed
91,718,1,Directed
91,720,2,Directed
91,723,1,Directed
91,724,1,Directed
91,740,5,Directed
91,742,2,Directed
91,758,1,Directed
91,763,1,Directed
91,772,1,Directed
91,774,1,Directed
91,779,1,Directed
91,809,2,Directed
91,810,2,Directed
91,823,1,Directed
91,830,2,Directed
91,832,1,Directed
91,833,1,Directed
91,842,1,Directed
91,843,1,Directed
91,844,1,Directed
91,850,7,Directed
91,851,1,Directed
91,866,4,Directed
91,901,2,Directed
91,912,1,Directed
91,915,2,Directed
91,933,1,Directed
91,939,4,Directed
91,948,1,Directed
91,950,2,Directed
91,953,1,Directed
91,957,1,Directed
91,962,1,Directed
91,978,1,Directed
91,987,1,Directed
91,995,1,Directed
91,1001,1,Directed
92,17,1,Directed
92,31,16,Directed
92,32,2,Directed
92,142,7,Directed
92,165,4,Directed
92,200,1,Directed
92,207,18,Directed
92,316,10,Directed
92,349,12,Directed
92,415,1,Directed
92,428,7,Directed
92,647,6,Directed
92,658,24,Directed
92,731,6,Directed
92,838,18,Directed
92,847,11,Directed
92,915,15,Directed
92,953,11,Directed
92,990,4,Directed
93,91,1,Directed
93,192,2,Directed
93,752,3,Directed
95,56,1,Directed
95,193,3,Directed
95,231,1,Directed
95,239,3,Directed
95,251,1,Directed
95,329,2,Directed
95,364,2,Directed
95,383,1,Directed
95,427,1,Directed
95,433,2,Directed
95,483,1,Directed
95,540,5,Directed
95,585,1,Directed
95,769,1,Directed
95,873,13,Directed
95,923,2,Directed
95,951,4,Directed
95,987,5,Directed
95,994,2,Directed
96,106,1,Directed
96,132,8,Directed
96,264,1,Directed
96,299,14,Directed
96,324,2,Directed
96,329,1,Directed
96,337,1,Directed
96,346,3,Directed
96,376,1,Directed
96,388,19,Directed
96,420,17,Directed
96,509,10,Directed
96,624,1,Directed
96,634,15,Directed
96,638,17,Directed
96,700,1,Directed
96,832,12,Directed
97,84,7,Directed
97,91,1,Directed
97,223,1,Directed
97,337,1,Directed
97,456,2,Directed
97,591,2,Directed
97,936,1,Directed
98,107,669,Directed
98,117,494,Directed
98,134,394,Directed
98,253,1,Directed
98,268,503,Directed
98,278,284,Directed
98,291,139,Directed
98,401,240,Directed
98,429,273,Directed
98,449,5,Directed
98,454,193,Directed
98,566,2,Directed
98,592,304,Directed
98,607,1,Directed
98,707,578,Directed
98,713,449,Directed
98,746,1,Directed
98,1003,1,Directed
99,0,1,Directed
99,78,2,Directed
99,178,5,Directed
99,207,2,Directed
99,228,1,Directed
99,249,1,Directed
99,314,2,Directed
99,333,1,Directed
99,409,1,Directed
99,470,1,Directed
99,491,1,Directed
99,502,10,Directed
99,538,1,Directed
99,547,2,Directed
99,569,1,Directed
99,599,5,Directed
99,605,2,Directed
99,669,1,Directed
99,693,2,Directed
99,710,3,Directed
99,767,2,Directed
99,791,1,Directed
99,862,13,Directed
99,878,2,Directed
99,929,8,Directed
99,976,1,Directed
100,765,1,Directed
101,16,3,Directed
101,56,3,Directed
101,90,1,Directed
101,127,9,Directed
101,149,5,Directed
101,175,3,Directed
101,184,2,Directed
101,225,2,Directed
101,246,23,Directed
101,275,2,Directed
101,377,21,Directed
101,423,15,Directed
101,457,4,Directed
101,597,1,Directed
101,685,2,Directed
101,710,2,Directed
101,716,4,Directed
101,718,17,Directed
101,724,10,Directed
101,729,2,Directed
101,779,3,Directed
101,849,2,Directed
101,866,22,Directed
101,867,1,Directed
101,876,2,Directed
101,883,2,Directed
101,897,2,Directed
101,921,1,Directed
101,951,1,Directed
101,977,1,Directed
101,996,1,Directed
102,16,4,Directed
102,125,2,Directed
102,154,1,Directed
102,239,1,Directed
102,322,2,Directed
102,323,2,Directed
102,324,1,Directed
102,477,1,Directed
102,510,4,Directed
102,524,1,Directed
102,534,10,Directed
102,548,1,Directed
102,638,2,Directed
102,939,4,Directed
103,1,1,Directed
103,46,2,Directed
103,70,4,Directed
103,90,1,Directed
103,91,2,Directed
103,106,3,Directed
103,125,1,Directed
103,139,1,Directed
103,164,14,Directed
103,206,3,Directed
103,223,2,Directed
103,303,35,Directed
103,310,46,Directed
103,322,3,Directed
103,343,5,Directed
103,368,2,Directed
103,378,8,Directed
103,399,2,Directed
103,402,2,Directed
103,423,76,Directed
103,510,4,Directed
103,514,96,Directed
103,612,3,Directed
103,638,2,Directed
103,663,7,Directed
103,706,1,Directed
103,780,37,Directed
103,788,1,Directed
103,832,22,Directed
103,879,1,Directed
103,943,10,Directed
103,950,79,Directed
103,977,26,Directed
103,1001,25,Directed
104,30,21,Directed
104,52,3,Directed
104,74,24,Directed
104,77,1,Directed
104,90,1,Directed
104,126,30,Directed
104,133,8,Directed
104,166,1,Directed
104,168,2,Directed
104,232,1,Directed
104,256,16,Directed
104,266,1,Directed
104,294,14,Directed
104,305,4,Directed
104,313,10,Directed
104,356,9,Directed
104,416,15,Directed
104,425,471,Directed
104,439,1,Directed
104,447,2,Directed
104,472,3,Directed
104,521,2,Directed
104,523,14,Directed
104,549,3,Directed
104,602,1,Directed
104,648,40,Directed
104,700,1,Directed
104,721,34,Directed
104,730,2,Directed
104,742,9,Directed
104,743,4,Directed
104,759,1,Directed
104,762,1,Directed
104,765,89,Directed
104,790,28,Directed
104,859,2,Directed
104,868,3,Directed
104,885,4,Directed
104,908,16,Directed
104,912,4,Directed
104,936,4,Directed
104,946,4,Directed
104,948,4,Directed
104,984,4,Directed
105,56,4,Directed
105,61,1,Directed
105,90,2,Directed
105,91,1,Directed
105,135,1,Directed
105,220,1,Directed
105,233,28,Directed
105,235,2,Directed
105,364,2,Directed
105,374,68,Directed
105,418,335,Directed
105,433,1,Directed
105,471,4,Directed
105,482,5,Directed
105,582,34,Directed
105,616,2,Directed
105,742,8,Directed
105,764,7,Directed
105,769,2,Directed
105,774,6,Directed
105,849,2,Directed
105,872,1,Directed
105,890,1,Directed
105,947,4,Directed
105,987,2,Directed
105,996,4,Directed
106,1,3,Directed
106,42,1,Directed
106,46,2,Directed
106,50,3,Directed
106,88,5,Directed
106,91,1,Directed
106,96,1,Directed
106,102,1,Directed
106,103,1,Directed
106,132,2,Directed
106,139,4,Directed
106,154,1,Directed
106,164,2,Directed
106,185,3,Directed
106,229,2,Directed
106,309,1,Directed
106,322,4,Directed
106,323,2,Directed
106,337,2,Directed
106,399,5,Directed
106,402,12,Directed
106,509,4,Directed
106,510,3,Directed
106,514,3,Directed
106,534,1,Directed
106,559,2,Directed
106,601,1,Directed
106,603,2,Directed
106,612,1,Directed
106,622,2,Directed
106,634,10,Directed
106,638,7,Directed
106,649,2,Directed
106,702,3,Directed
106,740,46,Directed
106,780,8,Directed
106,788,25,Directed
106,828,14,Directed
106,832,9,Directed
106,906,13,Directed
106,919,1,Directed
106,943,1,Directed
106,950,7,Directed
106,1001,17,Directed
107,5,93,Directed
107,29,55,Directed
107,65,6,Directed
107,75,9,Directed
107,90,2,Directed
107,98,175,Directed
107,118,55,Directed
107,120,12,Directed
107,127,6,Directed
107,134,2,Directed
107,159,2,Directed
107,175,44,Directed
107,178,2,Directed
107,191,2,Directed
107,192,54,Directed
107,201,107,Directed
107,208,44,Directed
107,214,2,Directed
107,226,2,Directed
107,235,1,Directed
107,236,70,Directed
107,289,24,Directed
107,299,1,Directed
107,320,63,Directed
107,327,18,Directed
107,334,5,Directed
107,335,104,Directed
107,367,1,Directed
107,381,81,Directed
107,383,4,Directed
107,393,34,Directed
107,415,5,Directed
107,440,7,Directed
107,464,54,Directed
107,465,1,Directed
107,468,50,Directed
107,471,1,Directed
107,502,1,Directed
107,528,2,Directed
107,532,25,Directed
107,537,60,Directed
107,553,67,Directed
107,569,1,Directed
107,591,1,Directed
107,607,4,Directed
107,633,1,Directed
107,643,32,Directed
107,652,28,Directed
107,664,51,Directed
107,670,72,Directed
107,687,2,Directed
107,688,37,Directed
107,696,1,Directed
107,713,5,Directed
107,718,13,Directed
107,724,1,Directed
107,737,29,Directed
107,772,4,Directed
107,808,41,Directed
107,810,59,Directed
107,850,4,Directed
107,890,6,Directed
107,898,55,Directed
107,899,24,Directed
107,962,1,Directed
107,980,59,Directed
107,985,49,Directed
107,987,1,Directed
107,1004,51,Directed
108,72,1,Directed
109,133,1,Directed
109,166,1,Directed
109,232,1,Directed
109,256,3,Directed
109,356,1,Directed
109,425,1,Directed
109,730,2,Directed
109,790,1,Directed
109,913,11,Directed
110,74,8,Directed
110,112,5,Directed
110,166,6,Directed
110,674,12,Directed
110,803,7,Directed
111,133,1,Directed
111,166,2,Directed
111,168,2,Directed
111,256,2,Directed
111,294,4,Directed
111,304,1,Directed
111,332,1,Directed
111,356,1,Directed
111,362,1,Directed
111,416,5,Directed
111,435,2,Directed
111,557,1,Directed
111,573,2,Directed
111,586,22,Directed
111,602,8,Directed
111,648,1,Directed
111,743,4,Directed
111,759,1,Directed
111,762,10,Directed
111,765,2,Directed
111,782,7,Directed
111,790,2,Directed
111,885,7,Directed
111,946,2,Directed
112,30,1,Directed
112,40,1,Directed
112,52,2,Directed
112,61,1,Directed
112,74,48,Directed
112,110,3,Directed
112,126,1,Directed
112,149,2,Directed
112,159,2,Directed
112,166,33,Directed
112,168,7,Directed
112,187,1,Directed
112,224,2,Directed
112,231,1,Directed
112,232,5,Directed
112,267,138,Directed
112,280,1,Directed
112,294,1,Directed
112,313,24,Directed
112,316,2,Directed
112,332,1,Directed
112,344,1,Directed
112,356,24,Directed
112,383,2,Directed
112,392,80,Directed
112,416,4,Directed
112,466,1,Directed
112,472,12,Directed
112,517,40,Directed
112,530,1,Directed
112,573,2,Directed
112,586,2,Directed
112,607,1,Directed
112,630,1,Directed
112,631,1,Directed
112,646,8,Directed
112,648,1,Directed
112,662,1,Directed
112,674,117,Directed
112,700,1,Directed
112,730,5,Directed
112,751,1,Directed
112,782,6,Directed
112,803,48,Directed
112,846,2,Directed
112,870,1,Directed
112,888,1,Directed
112,912,1,Directed
112,915,6,Directed
112,948,9,Directed
112,952,1,Directed
112,1000,15,Directed
113,62,17,Directed
113,90,1,Directed
113,163,6,Directed
113,337,3,Directed
113,485,3,Directed
113,513,1,Directed
113,518,2,Directed
113,535,11,Directed
113,542,14,Directed
113,546,1,Directed
113,551,2,Directed
113,586,2,Directed
113,646,8,Directed
113,648,1,Directed
113,823,1,Directed
113,854,9,Directed
114,32,1,Directed
114,122,1,Directed
114,127,1,Directed
114,149,1,Directed
114,159,1,Directed
114,169,2,Directed
114,189,6,Directed
114,236,1,Directed
114,275,14,Directed
114,372,1,Directed
114,377,1,Directed
114,403,2,Directed
114,479,2,Directed
114,506,2,Directed
114,522,2,Directed
114,609,1,Directed
114,716,3,Directed
114,718,5,Directed
114,883,1,Directed
114,896,1,Directed
114,962,1,Directed
114,977,1,Directed
114,1004,1,Directed
116,90,2,Directed
116,159,7,Directed
116,214,2,Directed
116,272,1,Directed
116,692,1,Directed
116,769,4,Directed
116,772,1,Directed
117,268,1,Directed
118,0,18,Directed
118,2,5,Directed
118,5,14,Directed
118,14,1,Directed
118,29,6,Directed
118,32,2,Directed
118,75,1,Directed
118,107,8,Directed
118,135,1,Directed
118,178,1,Directed
118,335,27,Directed
118,365,9,Directed
118,502,55,Directed
118,532,26,Directed
118,553,12,Directed
118,585,1,Directed
118,670,3,Directed
118,716,2,Directed
118,724,3,Directed
118,732,32,Directed
118,790,5,Directed
118,862,21,Directed
118,867,5,Directed
119,2,12,Directed
119,126,1,Directed
119,332,1,Directed
119,335,7,Directed
119,465,11,Directed
119,700,12,Directed
119,790,28,Directed
119,812,31,Directed
119,880,1,Directed
119,979,2,Directed
120,4,3,Directed
120,6,4,Directed
120,8,3,Directed
120,13,3,Directed
120,16,1,Directed
120,24,2,Directed
120,30,3,Directed
120,36,1,Directed
120,39,2,Directed
120,40,11,Directed
120,53,42,Directed
120,56,1,Directed
120,58,1,Directed
120,61,13,Directed
120,62,10,Directed
120,65,24,Directed
120,68,2,Directed
120,70,28,Directed
120,72,7,Directed
120,75,17,Directed
120,90,8,Directed
120,91,6,Directed
120,98,1,Directed
120,107,13,Directed
120,117,3,Directed
120,127,16,Directed
120,135,13,Directed
120,136,3,Directed
120,141,2,Directed
120,143,1,Directed
120,147,9,Directed
120,151,2,Directed
120,157,4,Directed
120,160,5,Directed
120,161,1,Directed
120,166,1,Directed
120,178,18,Directed
120,188,6,Directed
120,189,17,Directed
120,190,44,Directed
120,191,43,Directed
120,193,19,Directed
120,196,43,Directed
120,197,6,Directed
120,198,40,Directed
120,200,3,Directed
120,201,1,Directed
120,203,1,Directed
120,214,1,Directed
120,220,13,Directed
120,221,1,Directed
120,226,3,Directed
120,229,1,Directed
120,231,1,Directed
120,233,5,Directed
120,235,4,Directed
120,239,6,Directed
120,243,1,Directed
120,245,1,Directed
120,248,4,Directed
120,253,5,Directed
120,257,4,Directed
120,267,12,Directed
120,268,2,Directed
120,272,1,Directed
120,274,6,Directed
120,278,4,Directed
120,280,10,Directed
120,290,8,Directed
120,291,10,Directed
120,292,2,Directed
120,293,2,Directed
120,306,5,Directed
120,310,4,Directed
120,316,15,Directed
120,326,13,Directed
120,334,11,Directed
120,335,1,Directed
120,338,1,Directed
120,343,2,Directed
120,356,8,Directed
120,362,2,Directed
120,364,2,Directed
120,371,2,Directed
120,381,1,Directed
120,383,3,Directed
120,388,8,Directed
120,414,1,Directed
120,415,2,Directed
120,416,33,Directed
120,425,7,Directed
120,433,6,Directed
120,435,7,Directed
120,443,9,Directed
120,450,3,Directed
120,454,53,Directed
120,462,2,Directed
120,469,3,Directed
120,471,2,Directed
120,476,3,Directed
120,485,3,Directed
120,499,7,Directed
120,500,7,Directed
120,502,6,Directed
120,505,3,Directed
120,517,8,Directed
120,518,4,Directed
120,522,3,Directed
120,528,7,Directed
120,530,12,Directed
120,534,13,Directed
120,535,6,Directed
120,540,11,Directed
120,542,33,Directed
120,544,5,Directed
120,546,4,Directed
120,547,2,Directed
120,549,3,Directed
120,553,1,Directed
120,565,1,Directed
120,566,50,Directed
120,569,2,Directed
120,572,8,Directed
120,573,10,Directed
120,581,1,Directed
120,586,26,Directed
120,587,2,Directed
120,589,2,Directed
120,590,1,Directed
120,591,3,Directed
120,592,1,Directed
120,595,1,Directed
120,607,1,Directed
120,609,27,Directed
120,612,1,Directed
120,614,2,Directed
120,617,4,Directed
120,629,36,Directed
120,630,1,Directed
120,633,26,Directed
120,637,1,Directed
120,642,1,Directed
120,656,1,Directed
120,660,10,Directed
120,663,1,Directed
120,671,3,Directed
120,674,1,Directed
120,684,4,Directed
120,687,12,Directed
120,696,1,Directed
120,703,13,Directed
120,707,10,Directed
120,711,1,Directed
120,715,1,Directed
120,716,1,Directed
120,718,9,Directed
120,720,4,Directed
120,724,1,Directed
120,731,6,Directed
120,734,1,Directed
120,739,4,Directed
120,742,18,Directed
120,743,5,Directed
120,752,79,Directed
120,754,5,Directed
120,762,1,Directed
120,764,1,Directed
120,765,12,Directed
120,769,1,Directed
120,772,203,Directed
120,775,12,Directed
120,776,1,Directed
120,782,2,Directed
120,783,13,Directed
120,796,2,Directed
120,804,1,Directed
120,807,4,Directed
120,812,3,Directed
120,823,21,Directed
120,833,2,Directed
120,834,4,Directed
120,841,5,Directed
120,843,4,Directed
120,850,18,Directed
120,851,3,Directed
120,854,21,Directed
120,857,5,Directed
120,862,1,Directed
120,865,17,Directed
120,866,1,Directed
120,868,6,Directed
120,870,3,Directed
120,875,2,Directed
120,880,4,Directed
120,883,3,Directed
120,890,4,Directed
120,893,6,Directed
120,900,2,Directed
120,907,1,Directed
120,909,4,Directed
120,912,9,Directed
120,915,11,Directed
120,920,8,Directed
120,923,47,Directed
120,926,6,Directed
120,927,22,Directed
120,935,2,Directed
120,940,3,Directed
120,948,54,Directed
120,951,6,Directed
120,952,4,Directed
120,963,1,Directed
120,977,5,Directed
120,978,9,Directed
120,980,1,Directed
120,983,1,Directed
120,987,13,Directed
120,993,1,Directed
120,994,5,Directed
120,996,4,Directed
120,997,15,Directed
121,648,1,Directed
122,2,1,Directed
122,38,1,Directed
122,61,12,Directed
122,114,5,Directed
122,135,1,Directed
122,136,2,Directed
122,141,1,Directed
122,142,1,Directed
122,166,1,Directed
122,167,2,Directed
122,178,4,Directed
122,189,2,Directed
122,200,3,Directed
122,272,2,Directed
122,275,2,Directed
122,280,3,Directed
122,306,2,Directed
122,316,2,Directed
122,356,1,Directed
122,388,2,Directed
122,398,1,Directed
122,408,1,Directed
122,410,1,Directed
122,426,2,Directed
122,428,41,Directed
122,450,2,Directed
122,469,2,Directed
122,479,6,Directed
122,502,2,Directed
122,517,2,Directed
122,530,2,Directed
122,534,2,Directed
122,591,1,Directed
122,599,1,Directed
122,602,1,Directed
122,628,2,Directed
122,629,1,Directed
122,656,1,Directed
122,692,1,Directed
122,693,20,Directed
122,711,1,Directed
122,716,3,Directed
122,718,11,Directed
122,742,2,Directed
122,802,1,Directed
122,830,1,Directed
122,851,2,Directed
122,857,14,Directed
122,862,2,Directed
122,866,1,Directed
122,883,2,Directed
122,900,1,Directed
122,915,21,Directed
122,920,2,Directed
122,924,16,Directed
122,926,1,Directed
122,977,2,Directed
122,980,12,Directed
125,102,2,Directed
125,139,3,Directed
125,154,3,Directed
125,174,3,Directed
125,206,10,Directed
125,323,7,Directed
125,324,5,Directed
125,337,2,Directed
125,460,1,Directed
125,477,3,Directed
125,487,3,Directed
125,510,10,Directed
125,524,3,Directed
125,534,6,Directed
125,622,37,Directed
125,676,17,Directed
125,939,3,Directed
126,2,19,Directed
126,30,7,Directed
126,37,6,Directed
126,45,7,Directed
126,52,38,Directed
126,66,11,Directed
126,74,10,Directed
126,77,4,Directed
126,104,30,Directed
126,133,6,Directed
126,166,27,Directed
126,168,30,Directed
126,232,28,Directed
126,239,2,Directed
126,240,2,Directed
126,250,3,Directed
126,256,7,Directed
126,260,5,Directed
126,294,50,Directed
126,313,2,Directed
126,332,18,Directed
126,356,78,Directed
126,416,75,Directed
126,435,9,Directed
126,447,1,Directed
126,454,1,Directed
126,491,1,Directed
126,500,17,Directed
126,521,5,Directed
126,528,2,Directed
126,542,4,Directed
126,550,2,Directed
126,573,26,Directed
126,586,169,Directed
126,602,16,Directed
126,648,26,Directed
126,700,18,Directed
126,721,12,Directed
126,730,5,Directed
126,759,8,Directed
126,762,5,Directed
126,765,9,Directed
126,782,52,Directed
126,790,152,Directed
126,812,7,Directed
126,868,22,Directed
126,869,2,Directed
126,885,10,Directed
126,889,7,Directed
126,912,16,Directed
126,948,16,Directed
126,974,3,Directed
126,984,36,Directed
127,16,9,Directed
127,19,3,Directed
127,32,12,Directed
127,61,9,Directed
127,65,3,Directed
127,75,1,Directed
127,89,1,Directed
127,101,3,Directed
127,107,3,Directed
127,114,4,Directed
127,120,7,Directed
127,122,3,Directed
127,149,5,Directed
127,150,1,Directed
127,159,3,Directed
127,178,2,Directed
127,184,4,Directed
127,189,20,Directed
127,193,1,Directed
127,214,3,Directed
127,229,1,Directed
127,246,3,Directed
127,265,1,Directed
127,281,17,Directed
127,290,1,Directed
127,293,11,Directed
127,325,3,Directed
127,334,1,Directed
127,365,1,Directed
127,377,10,Directed
127,404,3,Directed
127,407,1,Directed
127,410,4,Directed
127,415,8,Directed
127,423,7,Directed
127,454,2,Directed
127,471,1,Directed
127,479,1,Directed
127,483,1,Directed
127,491,1,Directed
127,522,3,Directed
127,546,1,Directed
127,569,3,Directed
127,595,29,Directed
127,607,3,Directed
127,687,7,Directed
127,696,1,Directed
127,708,1,Directed
127,716,20,Directed
127,718,45,Directed
127,724,16,Directed
127,732,8,Directed
127,754,10,Directed
127,772,4,Directed
127,777,2,Directed
127,779,3,Directed
127,843,16,Directed
127,861,2,Directed
127,866,8,Directed
127,883,12,Directed
127,890,3,Directed
127,896,1,Directed
127,904,6,Directed
127,907,3,Directed
127,916,8,Directed
127,923,3,Directed
127,934,2,Directed
127,977,1,Directed
127,999,2,Directed
128,765,1,Directed
129,577,3,Directed
129,715,1,Directed
130,178,2,Directed
130,502,2,Directed
132,46,2,Directed
132,61,1,Directed
132,96,1,Directed
132,139,3,Directed
132,323,1,Directed
132,337,3,Directed
132,369,2,Directed
132,388,10,Directed
132,399,2,Directed
132,591,1,Directed
132,612,1,Directed
132,676,1,Directed
132,828,2,Directed
132,842,45,Directed
132,879,1,Directed
132,1001,1,Directed
133,52,4,Directed
133,74,1,Directed
133,90,2,Directed
133,104,7,Directed
133,109,2,Directed
133,111,2,Directed
133,126,7,Directed
133,166,1,Directed
133,168,8,Directed
133,232,2,Directed
133,256,14,Directed
133,294,2,Directed
133,313,9,Directed
133,356,5,Directed
133,383,1,Directed
133,416,20,Directed
133,472,1,Directed
133,521,12,Directed
133,528,1,Directed
133,585,1,Directed
133,586,4,Directed
133,602,60,Directed
133,648,20,Directed
133,721,2,Directed
133,765,29,Directed
133,908,5,Directed
133,912,1,Directed
133,948,4,Directed
133,951,1,Directed
133,984,8,Directed
134,14,1,Directed
134,32,1,Directed
134,65,1,Directed
134,98,41,Directed
134,117,1,Directed
134,147,4,Directed
134,151,3,Directed
134,168,6,Directed
134,178,4,Directed
134,226,1,Directed
134,232,1,Directed
134,257,2,Directed
134,260,3,Directed
134,291,73,Directed
134,306,1,Directed
134,316,1,Directed
134,334,1,Directed
134,347,1,Directed
134,356,4,Directed
134,401,2,Directed
134,416,2,Directed
134,454,73,Directed
134,515,1,Directed
134,530,1,Directed
134,535,1,Directed
134,565,3,Directed
134,566,1,Directed
134,592,97,Directed
134,614,1,Directed
134,644,1,Directed
134,660,2,Directed
134,683,1,Directed
134,695,1,Directed
134,738,4,Directed
134,763,1,Directed
134,807,1,Directed
134,837,1,Directed
134,850,7,Directed
134,863,1,Directed
134,923,4,Directed
134,963,1,Directed
134,997,1,Directed
135,2,2,Directed
135,4,158,Directed
135,5,5,Directed
135,30,2,Directed
135,34,4,Directed
135,61,29,Directed
135,65,26,Directed
135,72,38,Directed
135,75,12,Directed
135,82,154,Directed
135,90,15,Directed
135,91,1,Directed
135,105,2,Directed
135,120,26,Directed
135,137,8,Directed
135,141,1,Directed
135,153,1,Directed
135,157,4,Directed
135,159,3,Directed
135,161,16,Directed
135,170,127,Directed
135,176,4,Directed
135,178,4,Directed
135,189,1,Directed
135,191,1,Directed
135,193,1,Directed
135,197,3,Directed
135,214,15,Directed
135,233,42,Directed
135,245,1,Directed
135,248,10,Directed
135,267,3,Directed
135,272,2,Directed
135,278,1,Directed
135,290,1,Directed
135,292,68,Directed
135,306,1,Directed
135,316,1,Directed
135,317,2,Directed
135,318,2,Directed
135,326,1,Directed
135,329,3,Directed
135,334,29,Directed
135,337,36,Directed
135,341,3,Directed
135,362,11,Directed
135,364,1,Directed
135,371,241,Directed
135,383,2,Directed
135,405,57,Directed
135,414,1,Directed
135,415,3,Directed
135,443,2,Directed
135,449,1,Directed
135,450,29,Directed
135,462,8,Directed
135,469,1,Directed
135,471,2,Directed
135,502,2,Directed
135,517,5,Directed
135,527,1,Directed
135,528,4,Directed
135,530,3,Directed
135,531,2,Directed
135,534,2,Directed
135,540,5,Directed
135,542,2,Directed
135,546,1,Directed
135,549,44,Directed
135,569,1,Directed
135,580,4,Directed
135,581,762,Directed
135,585,1,Directed
135,586,3,Directed
135,587,1,Directed
135,591,1,Directed
135,594,11,Directed
135,607,8,Directed
135,609,2,Directed
135,617,5,Directed
135,628,345,Directed
135,629,1,Directed
135,662,1,Directed
135,679,1,Directed
135,684,1,Directed
135,687,1,Directed
135,692,79,Directed
135,697,2,Directed
135,700,10,Directed
135,703,41,Directed
135,718,21,Directed
135,720,50,Directed
135,736,2,Directed
135,742,39,Directed
135,743,2,Directed
135,746,26,Directed
135,749,1,Directed
135,765,7,Directed
135,769,1,Directed
135,772,20,Directed
135,776,1,Directed
135,783,1,Directed
135,790,6,Directed
135,798,2,Directed
135,812,3,Directed
135,813,1,Directed
135,830,3,Directed
135,834,3,Directed
135,835,1,Directed
135,851,8,Directed
135,855,21,Directed
135,870,203,Directed
135,890,3,Directed
135,909,1,Directed
135,914,1,Directed
135,915,7,Directed
135,920,3,Directed
135,922,4,Directed
135,923,10,Directed
135,936,66,Directed
135,942,255,Directed
135,951,1,Directed
135,963,2,Directed
135,973,1,Directed
135,980,1,Directed
135,987,1,Directed
135,993,3,Directed
135,994,1,Directed
136,24,7,Directed
136,31,1,Directed
136,61,1,Directed
136,90,3,Directed
136,92,1,Directed
136,122,1,Directed
136,142,13,Directed
136,159,8,Directed
136,160,4,Directed
136,165,6,Directed
136,200,120,Directed
136,207,16,Directed
136,267,2,Directed
136,280,2,Directed
136,302,6,Directed
136,316,28,Directed
136,344,5,Directed
136,371,3,Directed
136,383,2,Directed
136,428,52,Directed
136,450,1,Directed
136,526,1,Directed
136,543,1,Directed
136,591,1,Directed
136,629,16,Directed
136,647,7,Directed
136,772,1,Directed
136,806,1,Directed
136,838,25,Directed
136,857,62,Directed
136,915,72,Directed
136,920,2,Directed
136,952,8,Directed
136,953,7,Directed
136,971,4,Directed
136,990,2,Directed
137,90,1,Directed
137,134,1,Directed
137,135,6,Directed
137,239,1,Directed
137,273,2,Directed
137,306,3,Directed
137,374,1,Directed
137,443,9,Directed
137,523,2,Directed
137,581,14,Directed
137,659,1,Directed
137,692,4,Directed
137,703,7,Directed
137,742,37,Directed
137,769,2,Directed
137,771,27,Directed
137,936,23,Directed
138,30,1,Directed
138,107,1,Directed
138,245,2,Directed
138,264,1,Directed
138,383,27,Directed
138,397,1,Directed
138,415,1,Directed
138,444,2,Directed
138,499,1,Directed
138,528,6,Directed
138,542,3,Directed
138,674,1,Directed
138,783,2,Directed
138,850,3,Directed
138,867,5,Directed
138,887,6,Directed
139,42,2,Directed
139,46,1,Directed
139,64,10,Directed
139,102,14,Directed
139,103,1,Directed
139,106,2,Directed
139,125,26,Directed
139,132,5,Directed
139,154,17,Directed
139,174,12,Directed
139,206,17,Directed
139,309,2,Directed
139,322,9,Directed
139,323,34,Directed
139,324,11,Directed
139,343,1,Directed
139,369,2,Directed
139,402,3,Directed
139,423,1,Directed
139,477,36,Directed
139,487,23,Directed
139,510,29,Directed
139,513,5,Directed
139,524,8,Directed
139,534,36,Directed
139,548,1,Directed
139,601,8,Directed
139,622,9,Directed
139,634,4,Directed
139,638,5,Directed
139,676,11,Directed
139,706,1,Directed
139,780,7,Directed
139,828,1,Directed
139,832,11,Directed
139,893,1,Directed
139,939,19,Directed
139,951,1,Directed
139,977,1,Directed
139,1001,5,Directed
141,61,2,Directed
141,120,1,Directed
141,135,1,Directed
141,165,1,Directed
141,188,29,Directed
141,241,12,Directed
141,280,7,Directed
141,421,1,Directed
141,428,1,Directed
141,469,15,Directed
141,512,4,Directed
141,530,1,Directed
141,614,11,Directed
141,630,14,Directed
141,718,1,Directed
141,851,6,Directed
141,870,1,Directed
141,920,1,Directed
141,978,9,Directed
142,2,1,Directed
142,24,5,Directed
142,31,8,Directed
142,61,1,Directed
142,90,2,Directed
142,92,10,Directed
142,134,1,Directed
142,136,20,Directed
142,143,3,Directed
142,159,10,Directed
142,165,13,Directed
142,188,3,Directed
142,200,24,Directed
142,207,14,Directed
142,214,4,Directed
142,224,1,Directed
142,239,1,Directed
142,267,109,Directed
142,274,6,Directed
142,275,12,Directed
142,280,6,Directed
142,301,3,Directed
142,302,8,Directed
142,316,42,Directed
142,344,10,Directed
142,349,1,Directed
142,351,2,Directed
142,408,1,Directed
142,428,37,Directed
142,469,2,Directed
142,493,1,Directed
142,543,9,Directed
142,547,1,Directed
142,585,1,Directed
142,607,1,Directed
142,630,11,Directed
142,631,1,Directed
142,647,29,Directed
142,658,2,Directed
142,712,2,Directed
142,831,1,Directed
142,838,2,Directed
142,846,1,Directed
142,857,35,Directed
142,891,1,Directed
142,892,2,Directed
142,915,125,Directed
142,920,2,Directed
142,951,2,Directed
142,952,11,Directed
142,953,15,Directed
142,971,11,Directed
142,978,2,Directed
142,990,10,Directed
143,8,2,Directed
143,24,3,Directed
143,31,2,Directed
143,32,20,Directed
143,56,1,Directed
143,90,4,Directed
143,134,2,Directed
143,142,3,Directed
143,144,3,Directed
143,159,14,Directed
143,193,1,Directed
143,214,1,Directed
143,235,1,Directed
143,278,1,Directed
143,280,5,Directed
143,362,1,Directed
143,410,6,Directed
143,422,7,Directed
143,502,1,Directed
143,528,1,Directed
143,544,6,Directed
143,563,3,Directed
143,580,10,Directed
143,658,3,Directed
143,669,13,Directed
143,696,9,Directed
143,731,3,Directed
143,739,7,Directed
143,741,3,Directed
143,791,2,Directed
143,796,16,Directed
143,862,2,Directed
143,872,8,Directed
143,890,1,Directed
144,8,7,Directed
144,90,3,Directed
144,175,2,Directed
146,326,8,Directed
147,27,12,Directed
147,40,4,Directed
147,53,4,Directed
147,65,11,Directed
147,75,11,Directed
147,90,21,Directed
147,91,6,Directed
147,120,12,Directed
147,134,6,Directed
147,150,5,Directed
147,157,28,Directed
147,159,27,Directed
147,171,108,Directed
147,191,1,Directed
147,193,3,Directed
147,196,15,Directed
147,214,53,Directed
147,230,47,Directed
147,232,3,Directed
147,235,4,Directed
147,239,2,Directed
147,255,2,Directed
147,257,8,Directed
147,268,1,Directed
147,272,2,Directed
147,277,105,Directed
147,278,7,Directed
147,285,71,Directed
147,290,4,Directed
147,299,1,Directed
147,308,8,Directed
147,334,3,Directed
147,336,5,Directed
147,347,115,Directed
147,355,63,Directed
147,367,1,Directed
147,383,4,Directed
147,415,12,Directed
147,416,38,Directed
147,454,44,Directed
147,471,4,Directed
147,499,3,Directed
147,515,1,Directed
147,518,1,Directed
147,528,3,Directed
147,546,6,Directed
147,550,1,Directed
147,557,1,Directed
147,565,1,Directed
147,577,152,Directed
147,590,91,Directed
147,607,21,Directed
147,609,2,Directed
147,617,1,Directed
147,629,1,Directed
147,633,1,Directed
147,683,1,Directed
147,686,84,Directed
147,707,1,Directed
147,715,48,Directed
147,720,6,Directed
147,748,28,Directed
147,752,3,Directed
147,772,5,Directed
147,813,1,Directed
147,833,1,Directed
147,844,1,Directed
147,880,1,Directed
147,890,12,Directed
147,926,122,Directed
147,927,4,Directed
147,931,52,Directed
147,933,87,Directed
147,951,3,Directed
147,962,1,Directed
147,972,68,Directed
149,0,1,Directed
149,78,2,Directed
149,101,2,Directed
149,114,2,Directed
149,127,4,Directed
149,208,3,Directed
149,239,1,Directed
149,246,1,Directed
149,249,1,Directed
149,275,4,Directed
149,293,4,Directed
149,372,17,Directed
149,377,3,Directed
149,423,2,Directed
149,595,1,Directed
149,599,2,Directed
149,643,1,Directed
149,700,2,Directed
149,716,58,Directed
149,718,3,Directed
149,724,1,Directed
149,790,1,Directed
149,849,3,Directed
149,866,2,Directed
149,904,1,Directed
149,977,3,Directed
150,40,3,Directed
150,65,1,Directed
150,91,1,Directed
150,107,1,Directed
150,127,2,Directed
150,135,1,Directed
150,147,10,Directed
150,178,4,Directed
150,190,2,Directed
150,191,8,Directed
150,229,1,Directed
150,235,1,Directed
150,306,1,Directed
150,311,1,Directed
150,316,2,Directed
150,318,2,Directed
150,322,1,Directed
150,343,1,Directed
150,415,36,Directed
150,416,1,Directed
150,435,1,Directed
150,444,2,Directed
150,471,24,Directed
150,499,1,Directed
150,546,1,Directed
150,587,1,Directed
150,600,1,Directed
150,617,1,Directed
150,629,4,Directed
150,718,1,Directed
150,752,6,Directed
150,772,2,Directed
150,833,6,Directed
150,850,1,Directed
150,962,1,Directed
150,978,2,Directed
150,987,2,Directed
150,997,1,Directed
151,2,2,Directed
151,65,3,Directed
151,75,1,Directed
151,90,1,Directed
151,165,1,Directed
151,196,1,Directed
151,214,2,Directed
151,253,3,Directed
151,278,27,Directed
151,280,2,Directed
151,290,12,Directed
151,316,4,Directed
151,367,1,Directed
151,566,13,Directed
151,609,1,Directed
151,617,5,Directed
151,626,1,Directed
151,629,1,Directed
151,687,3,Directed
151,700,5,Directed
151,706,3,Directed
151,890,2,Directed
151,923,37,Directed
151,962,2,Directed
152,83,1,Directed
152,86,48,Directed
152,362,1,Directed
152,422,2,Directed
152,443,107,Directed
152,662,2,Directed
152,742,1,Directed
152,765,1,Directed
153,16,1,Directed
153,122,1,Directed
153,135,5,Directed
153,175,1,Directed
153,229,3,Directed
153,245,5,Directed
153,250,1,Directed
153,322,2,Directed
153,329,5,Directed
153,364,1,Directed
153,410,10,Directed
153,411,6,Directed
153,418,60,Directed
153,482,10,Directed
153,483,3,Directed
153,532,1,Directed
153,540,7,Directed
153,541,1,Directed
153,581,5,Directed
153,588,5,Directed
153,633,2,Directed
153,650,1,Directed
153,692,5,Directed
153,746,5,Directed
153,761,1,Directed
153,764,5,Directed
153,769,8,Directed
153,777,1,Directed
153,782,2,Directed
153,818,2,Directed
153,836,4,Directed
153,837,1,Directed
153,855,5,Directed
153,891,7,Directed
153,924,1,Directed
153,969,4,Directed
153,977,140,Directed
153,994,1,Directed
153,995,5,Directed
153,996,52,Directed
153,1001,16,Directed
153,1004,4,Directed
154,106,1,Directed
154,324,1,Directed
154,534,2,Directed
154,1001,1,Directed
155,54,1,Directed
155,771,1,Directed
155,784,2,Directed
157,61,7,Directed
157,65,1,Directed
157,75,1,Directed
157,90,1,Directed
157,120,2,Directed
157,135,2,Directed
157,147,18,Directed
157,159,4,Directed
157,166,1,Directed
157,171,7,Directed
157,185,1,Directed
157,193,3,Directed
157,223,1,Directed
157,229,1,Directed
157,248,22,Directed
157,277,18,Directed
157,285,8,Directed
157,334,6,Directed
157,347,19,Directed
157,355,1,Directed
157,356,26,Directed
157,362,1,Directed
157,415,3,Directed
157,450,1,Directed
157,462,2,Directed
157,472,8,Directed
157,500,1,Directed
157,502,3,Directed
157,517,28,Directed
157,530,4,Directed
157,535,13,Directed
157,542,30,Directed
157,546,1,Directed
157,577,20,Directed
157,586,43,Directed
157,590,13,Directed
157,591,4,Directed
157,592,1,Directed
157,607,9,Directed
157,617,1,Directed
157,670,1,Directed
157,684,26,Directed
157,686,12,Directed
157,687,2,Directed
157,692,2,Directed
157,696,1,Directed
157,718,24,Directed
157,731,2,Directed
157,740,28,Directed
157,742,1,Directed
157,743,4,Directed
157,746,1,Directed
157,762,2,Directed
157,765,5,Directed
157,775,8,Directed
157,776,1,Directed
157,851,1,Directed
157,862,1,Directed
157,891,6,Directed
157,915,6,Directed
157,926,14,Directed
157,931,4,Directed
157,933,11,Directed
158,58,1,Directed
158,176,1,Directed
158,249,2,Directed
158,292,1,Directed
158,391,1,Directed
158,414,2,Directed
158,445,1,Directed
158,506,4,Directed
158,563,1,Directed
158,576,1,Directed
158,716,6,Directed
158,719,3,Directed
158,731,1,Directed
158,775,1,Directed
158,865,2,Directed
158,891,2,Directed
158,922,1,Directed
158,997,1,Directed
159,0,1,Directed
159,4,1,Directed
159,6,1,Directed
159,8,3,Directed
159,15,2,Directed
159,29,4,Directed
159,32,13,Directed
159,38,5,Directed
159,40,41,Directed
159,42,1,Directed
159,53,6,Directed
159,56,22,Directed
159,61,6,Directed
159,62,32,Directed
159,65,1,Directed
159,70,3,Directed
159,72,10,Directed
159,107,3,Directed
159,112,2,Directed
159,116,2,Directed
159,127,3,Directed
159,135,1,Directed
159,136,14,Directed
159,142,6,Directed
159,143,16,Directed
159,147,20,Directed
159,157,1,Directed
159,160,2,Directed
159,161,1,Directed
159,166,1,Directed
159,167,6,Directed
159,168,1,Directed
159,171,6,Directed
159,178,8,Directed
159,188,5,Directed
159,189,4,Directed
159,190,5,Directed
159,193,1,Directed
159,194,1,Directed
159,200,4,Directed
159,209,12,Directed
159,214,181,Directed
159,220,13,Directed
159,230,5,Directed
159,233,17,Directed
159,239,2,Directed
159,243,2,Directed
159,248,1,Directed
159,251,20,Directed
159,272,1,Directed
159,274,4,Directed
159,278,16,Directed
159,283,4,Directed
159,290,5,Directed
159,306,5,Directed
159,307,1,Directed
159,316,20,Directed
159,321,2,Directed
159,322,1,Directed
159,324,6,Directed
159,329,1,Directed
159,334,17,Directed
159,343,7,Directed
159,356,9,Directed
159,359,1,Directed
159,369,2,Directed
159,377,7,Directed
159,381,1,Directed
159,388,3,Directed
159,398,7,Directed
159,406,1,Directed
159,407,1,Directed
159,415,1,Directed
159,416,10,Directed
159,425,3,Directed
159,428,1,Directed
159,433,2,Directed
159,435,1,Directed
159,443,4,Directed
159,450,17,Directed
159,469,3,Directed
159,472,5,Directed
159,493,8,Directed
159,499,4,Directed
159,500,18,Directed
159,502,19,Directed
159,506,3,Directed
159,517,13,Directed
159,524,1,Directed
159,530,1,Directed
159,531,1,Directed
159,534,5,Directed
159,535,3,Directed
159,542,5,Directed
159,544,6,Directed
159,551,6,Directed
159,557,1,Directed
159,558,2,Directed
159,565,3,Directed
159,569,3,Directed
159,572,1,Directed
159,578,3,Directed
159,586,21,Directed
159,590,2,Directed
159,591,2,Directed
159,595,5,Directed
159,607,28,Directed
159,609,6,Directed
159,612,4,Directed
159,617,10,Directed
159,629,6,Directed
159,633,1,Directed
159,638,2,Directed
159,646,2,Directed
159,651,1,Directed
159,659,1,Directed
159,660,1,Directed
159,662,5,Directed
159,663,4,Directed
159,669,1,Directed
159,671,7,Directed
159,680,1,Directed
159,687,10,Directed
159,692,12,Directed
159,693,1,Directed
159,695,3,Directed
159,696,3,Directed
159,700,1,Directed
159,703,6,Directed
159,704,6,Directed
159,707,2,Directed
159,712,32,Directed
159,713,15,Directed
159,716,1,Directed
159,718,4,Directed
159,719,7,Directed
159,720,7,Directed
159,724,16,Directed
159,731,8,Directed
159,735,1,Directed
159,738,6,Directed
159,739,4,Directed
159,741,1,Directed
159,742,45,Directed
159,743,3,Directed
159,746,14,Directed
159,752,1,Directed
159,765,1,Directed
159,768,1,Directed
159,769,1,Directed
159,772,1,Directed
159,776,19,Directed
159,783,10,Directed
159,784,3,Directed
159,787,10,Directed
159,798,5,Directed
159,802,10,Directed
159,807,1,Directed
159,809,1,Directed
159,810,3,Directed
159,830,1,Directed
159,832,1,Directed
159,841,9,Directed
159,844,7,Directed
159,850,3,Directed
159,851,4,Directed
159,854,4,Directed
159,865,12,Directed
159,866,16,Directed
159,868,2,Directed
159,883,2,Directed
159,891,5,Directed
159,900,2,Directed
159,912,30,Directed
159,915,21,Directed
159,920,13,Directed
159,923,83,Directed
159,927,4,Directed
159,931,1,Directed
159,935,6,Directed
159,940,60,Directed
159,944,1,Directed
159,946,1,Directed
159,951,12,Directed
159,963,18,Directed
159,978,15,Directed
159,983,1,Directed
159,987,6,Directed
159,997,2,Directed
160,24,20,Directed
160,61,1,Directed
160,87,10,Directed
160,90,1,Directed
160,120,4,Directed
160,136,6,Directed
160,159,2,Directed
160,165,3,Directed
160,167,1,Directed
160,200,7,Directed
160,202,2,Directed
160,214,2,Directed
160,267,6,Directed
160,280,7,Directed
160,288,3,Directed
160,301,1,Directed
160,360,16,Directed
160,428,9,Directed
160,484,2,Directed
160,507,5,Directed
160,526,31,Directed
160,528,1,Directed
160,530,38,Directed
160,543,1,Directed
160,550,6,Directed
160,552,2,Directed
160,561,12,Directed
160,586,2,Directed
160,591,1,Directed
160,607,2,Directed
160,614,1,Directed
160,629,94,Directed
160,630,17,Directed
160,631,5,Directed
160,658,36,Directed
160,685,4,Directed
160,687,2,Directed
160,750,2,Directed
160,838,16,Directed
160,846,6,Directed
160,851,2,Directed
160,857,8,Directed
160,858,7,Directed
160,891,20,Directed
160,915,9,Directed
160,920,1,Directed
160,948,1,Directed
161,35,2,Directed
161,53,1,Directed
161,61,1,Directed
161,83,3,Directed
161,135,17,Directed
161,193,2,Directed
161,214,1,Directed
161,235,1,Directed
161,239,5,Directed
161,272,2,Directed
161,306,3,Directed
161,338,2,Directed
161,388,2,Directed
161,443,10,Directed
161,450,1,Directed
161,540,6,Directed
161,572,9,Directed
161,581,13,Directed
161,586,2,Directed
161,659,2,Directed
161,662,8,Directed
161,692,1,Directed
161,771,9,Directed
161,784,19,Directed
161,835,3,Directed
161,863,8,Directed
161,890,1,Directed
161,900,16,Directed
161,901,2,Directed
161,936,2,Directed
161,951,4,Directed
161,993,1,Directed
161,994,6,Directed
162,595,1,Directed
163,2,1,Directed
163,62,10,Directed
163,113,5,Directed
163,250,1,Directed
163,369,1,Directed
163,383,1,Directed
163,518,4,Directed
163,542,2,Directed
163,646,5,Directed
163,732,1,Directed
163,799,5,Directed
163,895,4,Directed
163,913,5,Directed
164,42,1,Directed
164,46,2,Directed
164,70,3,Directed
164,103,8,Directed
164,106,4,Directed
164,139,2,Directed
164,174,1,Directed
164,223,9,Directed
164,299,2,Directed
164,310,2,Directed
164,322,14,Directed
164,324,1,Directed
164,337,1,Directed
164,343,6,Directed
164,368,5,Directed
164,402,9,Directed
164,420,33,Directed
164,477,1,Directed
164,487,1,Directed
164,498,1,Directed
164,509,1,Directed
164,510,1,Directed
164,528,1,Directed
164,548,23,Directed
164,559,1,Directed
164,634,1,Directed
164,638,68,Directed
164,649,1,Directed
164,740,5,Directed
164,780,1,Directed
164,788,1,Directed
164,832,3,Directed
164,853,6,Directed
164,879,19,Directed
164,893,3,Directed
164,943,22,Directed
164,950,5,Directed
165,17,7,Directed
165,31,590,Directed
165,35,3,Directed
165,65,1,Directed
165,67,321,Directed
165,75,4,Directed
165,92,6,Directed
165,122,1,Directed
165,136,30,Directed
165,141,2,Directed
165,142,16,Directed
165,151,2,Directed
165,160,3,Directed
165,190,1,Directed
165,200,12,Directed
165,207,43,Directed
165,257,3,Directed
165,267,4,Directed
165,274,1,Directed
165,280,2,Directed
165,302,7,Directed
165,316,375,Directed
165,344,228,Directed
165,349,3,Directed
165,401,451,Directed
165,422,1,Directed
165,428,24,Directed
165,454,2,Directed
165,543,5,Directed
165,547,1,Directed
165,552,2,Directed
165,586,3,Directed
165,626,1,Directed
165,629,2,Directed
165,647,9,Directed
165,656,1,Directed
165,683,3,Directed
165,707,2,Directed
165,838,15,Directed
165,846,1,Directed
165,857,65,Directed
165,858,18,Directed
165,890,1,Directed
165,915,15,Directed
165,920,1,Directed
165,948,5,Directed
165,952,6,Directed
165,953,6,Directed
165,971,6,Directed
165,990,51,Directed
166,2,5,Directed
166,9,1,Directed
166,30,3,Directed
166,52,13,Directed
166,61,6,Directed
166,74,123,Directed
166,75,2,Directed
166,90,4,Directed
166,91,2,Directed
166,109,1,Directed
166,110,3,Directed
166,112,55,Directed
166,126,23,Directed
166,133,1,Directed
166,157,4,Directed
166,159,1,Directed
166,168,9,Directed
166,184,2,Directed
166,185,1,Directed
166,209,1,Directed
166,214,2,Directed
166,225,1,Directed
166,232,9,Directed
166,240,3,Directed
166,267,11,Directed
166,290,2,Directed
166,294,13,Directed
166,332,3,Directed
166,340,1,Directed
166,356,22,Directed
166,383,6,Directed
166,392,27,Directed
166,407,1,Directed
166,416,69,Directed
166,435,14,Directed
166,447,4,Directed
166,500,7,Directed
166,515,2,Directed
166,516,2,Directed
166,517,14,Directed
166,521,1,Directed
166,528,1,Directed
166,557,1,Directed
166,565,2,Directed
166,573,34,Directed
166,574,3,Directed
166,586,130,Directed
166,602,24,Directed
166,609,4,Directed
166,648,3,Directed
166,674,51,Directed
166,704,4,Directed
166,716,1,Directed
166,718,2,Directed
166,724,1,Directed
166,743,68,Directed
166,759,25,Directed
166,762,37,Directed
166,765,10,Directed
166,779,1,Directed
166,782,27,Directed
166,803,16,Directed
166,843,1,Directed
166,854,1,Directed
166,866,1,Directed
166,868,3,Directed
166,883,13,Directed
166,885,6,Directed
166,890,1,Directed
166,907,1,Directed
166,912,3,Directed
166,946,2,Directed
166,948,5,Directed
166,974,1,Directed
166,984,9,Directed
167,2,1,Directed
167,35,5,Directed
167,120,1,Directed
167,122,1,Directed
167,141,3,Directed
167,159,3,Directed
167,160,1,Directed
167,181,2,Directed
167,188,10,Directed
167,207,5,Directed
167,214,1,Directed
167,229,2,Directed
167,274,14,Directed
167,280,4,Directed
167,281,1,Directed
167,301,3,Directed
167,383,1,Directed
167,410,1,Directed
167,421,1,Directed
167,424,4,Directed
167,469,16,Directed
167,502,4,Directed
167,512,1,Directed
167,547,19,Directed
167,552,1,Directed
167,607,4,Directed
167,614,2,Directed
167,630,37,Directed
167,656,3,Directed
167,716,1,Directed
167,718,2,Directed
167,795,4,Directed
167,817,13,Directed
167,851,58,Directed
167,862,2,Directed
167,891,1,Directed
167,915,1,Directed
167,920,4,Directed
167,954,13,Directed
167,957,1,Directed
167,964,2,Directed
167,978,50,Directed
167,988,16,Directed
168,2,11,Directed
168,30,20,Directed
168,37,3,Directed
168,45,3,Directed
168,52,76,Directed
168,62,1,Directed
168,66,3,Directed
168,74,23,Directed
168,77,292,Directed
168,90,15,Directed
168,104,2,Directed
168,112,12,Directed
168,126,28,Directed
168,133,38,Directed
168,134,4,Directed
168,166,16,Directed
168,177,6,Directed
168,196,1,Directed
168,197,1,Directed
168,209,10,Directed
168,214,1,Directed
168,232,282,Directed
168,256,2,Directed
168,260,435,Directed
168,266,220,Directed
168,267,1,Directed
168,294,3,Directed
168,305,21,Directed
168,313,42,Directed
168,316,1,Directed
168,324,1,Directed
168,332,14,Directed
168,334,3,Directed
168,347,3,Directed
168,356,307,Directed
168,362,12,Directed
168,369,5,Directed
168,416,111,Directed
168,425,96,Directed
168,435,3,Directed
168,439,235,Directed
168,447,10,Directed
168,472,668,Directed
168,500,2,Directed
168,521,37,Directed
168,556,38,Directed
168,557,84,Directed
168,575,118,Directed
168,585,6,Directed
168,586,55,Directed
168,598,2,Directed
168,602,5,Directed
168,607,31,Directed
168,648,39,Directed
168,699,27,Directed
168,700,2,Directed
168,721,1,Directed
168,730,12,Directed
168,743,3,Directed
168,744,19,Directed
168,746,1,Directed
168,752,1,Directed
168,756,1,Directed
168,759,3,Directed
168,762,18,Directed
168,765,24,Directed
168,782,72,Directed
168,790,174,Directed
168,812,2,Directed
168,813,1,Directed
168,868,59,Directed
168,885,25,Directed
168,912,1212,Directed
168,918,1,Directed
168,923,4,Directed
168,935,2,Directed
168,946,14,Directed
168,948,47,Directed
168,949,335,Directed
168,951,1,Directed
168,956,1,Directed
168,966,73,Directed
168,984,71,Directed
169,55,1,Directed
169,78,1,Directed
169,114,3,Directed
169,189,1,Directed
169,239,1,Directed
169,281,1,Directed
169,314,1,Directed
169,372,11,Directed
169,387,1,Directed
169,404,5,Directed
169,484,1,Directed
169,595,27,Directed
169,688,3,Directed
169,934,2,Directed
169,951,2,Directed
169,969,1,Directed
170,75,1,Directed
170,82,1,Directed
170,90,5,Directed
170,135,22,Directed
170,214,2,Directed
170,231,25,Directed
170,245,9,Directed
170,264,1,Directed
170,267,3,Directed
170,337,3,Directed
170,360,1,Directed
170,405,7,Directed
170,540,5,Directed
170,581,30,Directed
170,626,1,Directed
170,628,2,Directed
170,692,2,Directed
170,697,30,Directed
170,700,1,Directed
170,703,2,Directed
170,720,13,Directed
170,742,2,Directed
170,771,4,Directed
170,782,2,Directed
170,784,1,Directed
170,840,7,Directed
170,855,54,Directed
170,870,1,Directed
170,936,1,Directed
170,951,5,Directed
171,147,16,Directed
171,157,5,Directed
171,159,5,Directed
171,185,2,Directed
171,214,4,Directed
171,277,6,Directed
171,347,27,Directed
171,367,1,Directed
171,577,12,Directed
171,590,21,Directed
171,700,2,Directed
171,715,4,Directed
171,926,2,Directed
171,931,1,Directed
171,933,18,Directed
171,951,5,Directed
173,10,5,Directed
173,13,1,Directed
173,14,15,Directed
173,16,1,Directed
173,90,4,Directed
173,199,3,Directed
173,248,1,Directed
173,364,1,Directed
173,428,25,Directed
173,506,119,Directed
173,532,1,Directed
173,541,29,Directed
173,582,4,Directed
173,644,4,Directed
173,657,12,Directed
173,670,1,Directed
173,702,2,Directed
173,743,2,Directed
173,783,1,Directed
173,850,1,Directed
173,921,1,Directed
173,924,7,Directed
173,996,1,Directed
174,102,3,Directed
174,125,3,Directed
174,139,2,Directed
174,510,5,Directed
174,524,1,Directed
174,534,7,Directed
174,832,2,Directed
175,5,87,Directed
175,29,1,Directed
175,101,5,Directed
175,107,4,Directed
175,144,2,Directed
175,246,24,Directed
175,275,250,Directed
175,327,1,Directed
175,335,11,Directed
175,423,34,Directed
175,442,1,Directed
175,446,5,Directed
175,473,2,Directed
175,491,2,Directed
175,532,26,Directed
175,553,4,Directed
175,582,3,Directed
175,650,2,Directed
175,670,11,Directed
175,688,1,Directed
175,710,7,Directed
175,737,51,Directed
175,832,2,Directed
175,849,217,Directed
175,898,1,Directed
175,977,3,Directed
175,1001,3,Directed
175,1004,13,Directed
176,61,4,Directed
176,68,10,Directed
176,135,10,Directed
176,220,1,Directed
176,245,10,Directed
176,329,10,Directed
176,334,1,Directed
176,482,10,Directed
176,581,10,Directed
176,586,5,Directed
176,588,10,Directed
176,591,2,Directed
176,641,10,Directed
176,690,1,Directed
176,692,10,Directed
176,704,3,Directed
176,718,4,Directed
176,746,7,Directed
176,764,10,Directed
176,769,10,Directed
176,836,10,Directed
176,855,10,Directed
176,887,2,Directed
176,995,10,Directed
177,77,1,Directed
177,168,4,Directed
177,266,1,Directed
177,439,1,Directed
177,521,1,Directed
177,699,1,Directed
177,790,1,Directed
177,912,2,Directed
177,949,1,Directed
178,0,238,Directed
178,2,6,Directed
178,6,216,Directed
178,29,2,Directed
178,31,2,Directed
178,32,6,Directed
178,53,3,Directed
178,61,12,Directed
178,65,3,Directed
178,70,4,Directed
178,75,21,Directed
178,78,222,Directed
178,90,40,Directed
178,91,3,Directed
178,99,94,Directed
178,107,1,Directed
178,118,3,Directed
178,120,10,Directed
178,122,6,Directed
178,127,4,Directed
178,130,4,Directed
178,134,1,Directed
178,143,1,Directed
178,150,3,Directed
178,159,5,Directed
178,188,12,Directed
178,189,22,Directed
178,214,11,Directed
178,228,219,Directed
178,231,27,Directed
178,232,5,Directed
178,243,1,Directed
178,249,228,Directed
178,250,17,Directed
178,257,1,Directed
178,280,15,Directed
178,281,2,Directed
178,293,2,Directed
178,295,176,Directed
178,299,1,Directed
178,314,68,Directed
178,333,256,Directed
178,334,6,Directed
178,339,125,Directed
178,356,1,Directed
178,359,8,Directed
178,360,2,Directed
178,362,2,Directed
178,367,6,Directed
178,381,3,Directed
178,383,1,Directed
178,388,12,Directed
178,409,203,Directed
178,415,37,Directed
178,418,17,Directed
178,422,2,Directed
178,464,6,Directed
178,465,1,Directed
178,470,238,Directed
178,482,38,Directed
178,491,2,Directed
178,502,670,Directed
178,519,34,Directed
178,528,4,Directed
178,530,2,Directed
178,534,1,Directed
178,538,216,Directed
178,546,5,Directed
178,550,1,Directed
178,565,4,Directed
178,569,125,Directed
178,572,4,Directed
178,577,1,Directed
178,580,2,Directed
178,591,1,Directed
178,599,215,Directed
178,605,228,Directed
178,607,21,Directed
178,628,7,Directed
178,629,21,Directed
178,631,2,Directed
178,633,3,Directed
178,646,8,Directed
178,657,8,Directed
178,669,4,Directed
178,685,2,Directed
178,687,1,Directed
178,692,6,Directed
178,693,272,Directed
178,700,4,Directed
178,710,199,Directed
178,716,4,Directed
178,718,4,Directed
178,724,3,Directed
178,749,10,Directed
178,752,16,Directed
178,762,5,Directed
178,767,207,Directed
178,772,9,Directed
178,786,1,Directed
178,833,5,Directed
178,851,1,Directed
178,862,389,Directed
178,878,4,Directed
178,890,3,Directed
178,915,4,Directed
178,923,1,Directed
178,929,75,Directed
178,951,3,Directed
178,953,2,Directed
178,962,2,Directed
178,969,6,Directed
178,972,1,Directed
178,976,214,Directed
178,977,4,Directed
178,978,4,Directed
178,990,18,Directed
178,991,188,Directed
178,1004,2,Directed
179,193,2,Directed
179,383,2,Directed
179,633,2,Directed
179,789,1,Directed
179,887,1,Directed
180,123,1,Directed
180,215,19,Directed
180,217,3,Directed
180,639,1,Directed
180,727,51,Directed
180,829,12,Directed
180,847,2,Directed
180,897,11,Directed
180,958,55,Directed
180,990,2,Directed
181,61,4,Directed
181,167,13,Directed
181,189,27,Directed
181,190,1,Directed
181,249,6,Directed
181,274,28,Directed
181,338,3,Directed
181,353,8,Directed
181,383,1,Directed
181,486,1,Directed
181,537,13,Directed
181,552,5,Directed
181,630,4,Directed
181,656,11,Directed
181,696,6,Directed
181,724,30,Directed
181,851,1,Directed
181,866,1,Directed
181,915,1,Directed
181,920,21,Directed
181,953,1,Directed
181,1004,3,Directed
184,0,3,Directed
184,16,4,Directed
184,32,3,Directed
184,38,7,Directed
184,41,2,Directed
184,82,8,Directed
184,91,2,Directed
184,101,4,Directed
184,103,2,Directed
184,122,1,Directed
184,127,4,Directed
184,149,2,Directed
184,157,3,Directed
184,175,1,Directed
184,189,4,Directed
184,193,2,Directed
184,201,3,Directed
184,214,1,Directed
184,225,9,Directed
184,246,7,Directed
184,259,2,Directed
184,272,1,Directed
184,275,2,Directed
184,279,3,Directed
184,296,3,Directed
184,315,2,Directed
184,323,2,Directed
184,333,9,Directed
184,365,3,Directed
184,377,1,Directed
184,388,3,Directed
184,393,23,Directed
184,394,2,Directed
184,407,12,Directed
184,409,2,Directed
184,410,3,Directed
184,423,26,Directed
184,426,3,Directed
184,432,2,Directed
184,491,2,Directed
184,505,3,Directed
184,510,2,Directed
184,521,2,Directed
184,522,3,Directed
184,530,1,Directed
184,538,3,Directed
184,561,2,Directed
184,580,3,Directed
184,582,2,Directed
184,595,12,Directed
184,599,2,Directed
184,607,22,Directed
184,615,3,Directed
184,633,1,Directed
184,650,5,Directed
184,686,4,Directed
184,700,1,Directed
184,701,3,Directed
184,702,2,Directed
184,708,3,Directed
184,710,21,Directed
184,711,9,Directed
184,718,3,Directed
184,724,5,Directed
184,732,8,Directed
184,754,18,Directed
184,767,2,Directed
184,779,24,Directed
184,781,2,Directed
184,808,2,Directed
184,832,16,Directed
184,843,13,Directed
184,849,2,Directed
184,862,4,Directed
184,875,1,Directed
184,883,30,Directed
184,884,3,Directed
184,907,8,Directed
184,936,1,Directed
184,969,3,Directed
184,977,3,Directed
184,999,3,Directed
184,1004,10,Directed
185,14,1,Directed
185,30,1,Directed
185,61,1,Directed
185,78,1,Directed
185,106,1,Directed
185,122,1,Directed
185,166,1,Directed
185,171,1,Directed
185,181,1,Directed
185,182,1,Directed
185,191,1,Directed
185,199,1,Directed
185,201,2,Directed
185,213,3,Directed
185,220,2,Directed
185,231,6,Directed
185,233,3,Directed
185,236,1,Directed
185,248,12,Directed
185,338,1,Directed
185,343,1,Directed
185,353,1,Directed
185,364,1,Directed
185,371,1,Directed
185,383,1,Directed
185,415,4,Directed
185,433,1,Directed
185,458,1,Directed
185,462,1,Directed
185,501,3,Directed
185,502,14,Directed
185,506,1,Directed
185,526,1,Directed
185,528,1,Directed
185,532,1,Directed
185,534,1,Directed
185,535,1,Directed
185,554,3,Directed
185,568,1,Directed
185,570,1,Directed
185,586,2,Directed
185,605,1,Directed
185,614,1,Directed
185,617,4,Directed
185,657,1,Directed
185,670,9,Directed
185,684,10,Directed
185,692,1,Directed
185,720,2,Directed
185,742,3,Directed
185,752,1,Directed
185,762,43,Directed
185,763,1,Directed
185,769,1,Directed
185,830,15,Directed
185,833,14,Directed
185,850,4,Directed
185,854,7,Directed
185,910,1,Directed
185,915,18,Directed
185,940,1,Directed
185,942,1,Directed
185,994,1,Directed
186,53,1,Directed
186,112,13,Directed
186,173,2,Directed
186,256,19,Directed
186,267,25,Directed
186,313,6,Directed
186,325,2,Directed
186,329,1,Directed
186,517,19,Directed
186,528,2,Directed
186,648,21,Directed
186,671,2,Directed
186,722,3,Directed
186,783,2,Directed
186,975,2,Directed
187,4,1,Directed
187,40,30,Directed
187,60,5,Directed
187,61,1,Directed
187,65,2,Directed
187,90,1,Directed
187,112,2,Directed
187,198,1,Directed
187,214,3,Directed
187,254,5,Directed
187,267,15,Directed
187,272,10,Directed
187,337,6,Directed
187,450,24,Directed
187,466,6,Directed
187,568,6,Directed
187,572,5,Directed
187,596,3,Directed
187,662,14,Directed
187,695,15,Directed
187,696,1,Directed
187,700,3,Directed
187,712,1,Directed
187,801,1,Directed
187,802,14,Directed
187,900,5,Directed
187,947,16,Directed
187,965,1,Directed
188,24,1,Directed
188,32,2,Directed
188,35,11,Directed
188,90,1,Directed
188,120,4,Directed
188,141,40,Directed
188,142,1,Directed
188,159,3,Directed
188,167,7,Directed
188,178,6,Directed
188,200,1,Directed
188,207,2,Directed
188,241,1,Directed
188,274,2,Directed
188,280,10,Directed
188,301,14,Directed
188,360,1,Directed
188,421,41,Directed
188,424,2,Directed
188,431,8,Directed
188,461,1,Directed
188,469,16,Directed
188,493,2,Directed
188,502,12,Directed
188,512,2,Directed
188,526,1,Directed
188,530,3,Directed
188,534,3,Directed
188,546,3,Directed
188,547,9,Directed
188,552,1,Directed
188,561,1,Directed
188,569,3,Directed
188,607,2,Directed
188,614,27,Directed
188,629,3,Directed
188,630,5,Directed
188,631,1,Directed
188,633,3,Directed
188,656,17,Directed
188,658,2,Directed
188,718,1,Directed
188,724,1,Directed
188,752,1,Directed
188,772,2,Directed
188,795,2,Directed
188,817,1,Directed
188,824,1,Directed
188,851,22,Directed
188,862,4,Directed
188,920,24,Directed
188,951,1,Directed
188,954,1,Directed
188,957,2,Directed
188,978,48,Directed
188,988,4,Directed
189,0,25,Directed
189,5,7,Directed
189,6,37,Directed
189,14,9,Directed
189,24,16,Directed
189,29,2,Directed
189,31,2,Directed
189,32,4,Directed
189,68,14,Directed
189,90,2,Directed
189,114,26,Directed
189,120,8,Directed
189,127,15,Directed
189,135,1,Directed
189,149,1,Directed
189,159,1,Directed
189,178,6,Directed
189,181,12,Directed
189,200,3,Directed
189,201,25,Directed
189,214,8,Directed
189,229,1,Directed
189,236,52,Directed
189,239,2,Directed
189,249,38,Directed
189,270,1,Directed
189,280,3,Directed
189,281,15,Directed
189,316,2,Directed
189,333,1,Directed
189,334,1,Directed
189,362,2,Directed
189,364,4,Directed
189,365,23,Directed
189,376,1,Directed
189,377,4,Directed
189,381,5,Directed
189,404,1,Directed
189,409,1,Directed
189,410,79,Directed
189,415,1,Directed
189,423,1,Directed
189,428,23,Directed
189,433,1,Directed
189,440,4,Directed
189,442,4,Directed
189,462,1,Directed
189,470,20,Directed
189,491,5,Directed
189,502,30,Directed
189,506,26,Directed
189,517,1,Directed
189,528,1,Directed
189,530,13,Directed
189,546,6,Directed
189,569,1,Directed
189,585,1,Directed
189,595,50,Directed
189,605,10,Directed
189,607,4,Directed
189,609,1,Directed
189,629,8,Directed
189,652,21,Directed
189,670,5,Directed
189,687,1,Directed
189,690,4,Directed
189,693,1,Directed
189,696,2,Directed
189,716,45,Directed
189,718,142,Directed
189,724,9,Directed
189,729,1,Directed
189,731,15,Directed
189,732,1,Directed
189,742,1,Directed
189,749,8,Directed
189,772,3,Directed
189,783,5,Directed
189,796,1,Directed
189,862,3,Directed
189,883,9,Directed
189,884,1,Directed
189,891,2,Directed
189,896,1,Directed
189,904,21,Directed
189,915,14,Directed
189,920,1,Directed
189,923,1,Directed
189,951,1,Directed
189,969,8,Directed
189,977,29,Directed
189,980,1,Directed
189,994,4,Directed
189,1004,32,Directed
190,31,4,Directed
190,53,1,Directed
190,65,4,Directed
190,75,4,Directed
190,90,5,Directed
190,120,30,Directed
190,134,1,Directed
190,159,3,Directed
190,165,1,Directed
190,181,183,Directed
190,191,7,Directed
190,193,1,Directed
190,196,5,Directed
190,207,1,Directed
190,214,5,Directed
190,267,11,Directed
190,274,227,Directed
190,280,1,Directed
190,316,4,Directed
190,334,3,Directed
190,353,214,Directed
190,367,3,Directed
190,373,190,Directed
190,415,1,Directed
190,471,5,Directed
190,483,3,Directed
190,486,13,Directed
190,530,1,Directed
190,589,1,Directed
190,607,1,Directed
190,614,23,Directed
190,629,18,Directed
190,630,2,Directed
190,656,235,Directed
190,658,1,Directed
190,752,1,Directed
190,772,5,Directed
190,890,11,Directed
190,891,47,Directed
190,920,99,Directed
190,948,1,Directed
190,951,4,Directed
190,962,2,Directed
190,978,4,Directed
190,990,1,Directed
190,1003,1,Directed
191,40,1,Directed
191,65,15,Directed
191,70,1,Directed
191,75,11,Directed
191,90,5,Directed
191,107,1,Directed
191,120,17,Directed
191,135,1,Directed
191,147,1,Directed
191,150,5,Directed
191,190,6,Directed
191,196,1,Directed
191,209,3,Directed
191,220,3,Directed
191,233,1,Directed
191,253,1,Directed
191,316,2,Directed
191,326,2,Directed
191,332,4,Directed
191,334,3,Directed
191,371,2,Directed
191,374,1,Directed
191,413,7,Directed
191,415,65,Directed
191,416,4,Directed
191,471,5,Directed
191,499,2,Directed
191,517,1,Directed
191,581,1,Directed
191,595,1,Directed
191,607,4,Directed
191,609,1,Directed
191,617,5,Directed
191,629,1,Directed
191,633,1,Directed
191,661,1,Directed
191,671,3,Directed
191,675,1,Directed
191,684,1,Directed
191,687,1,Directed
191,692,52,Directed
191,749,6,Directed
191,752,31,Directed
191,770,1,Directed
191,830,1,Directed
191,850,1,Directed
191,890,1,Directed
191,891,1,Directed
191,912,1,Directed
191,915,2,Directed
191,923,1,Directed
191,927,13,Directed
191,935,1,Directed
191,944,1,Directed
191,948,10,Directed
191,949,2,Directed
191,951,1,Directed
191,962,1,Directed
191,987,1,Directed
191,997,2,Directed
192,29,6,Directed
192,93,1,Directed
192,107,14,Directed
192,215,1,Directed
192,289,2,Directed
192,327,4,Directed
192,335,4,Directed
192,381,132,Directed
192,506,8,Directed
192,532,1,Directed
192,553,1,Directed
192,639,1,Directed
192,643,1,Directed
192,644,1,Directed
192,664,4,Directed
192,690,1,Directed
192,977,1,Directed
193,40,11,Directed
193,48,2,Directed
193,53,89,Directed
193,56,4,Directed
193,61,3,Directed
193,65,10,Directed
193,70,1,Directed
193,75,4,Directed
193,90,14,Directed
193,91,1,Directed
193,95,4,Directed
193,120,5,Directed
193,127,3,Directed
193,143,1,Directed
193,147,5,Directed
193,157,5,Directed
193,159,5,Directed
193,167,1,Directed
193,178,1,Directed
193,184,2,Directed
193,189,2,Directed
193,190,1,Directed
193,196,1,Directed
193,205,1,Directed
193,214,4,Directed
193,230,10,Directed
193,239,1,Directed
193,245,3,Directed
193,255,1,Directed
193,264,4,Directed
193,272,7,Directed
193,281,1,Directed
193,290,8,Directed
193,305,1,Directed
193,306,2,Directed
193,311,1,Directed
193,316,2,Directed
193,334,1,Directed
193,335,1,Directed
193,338,3,Directed
193,367,2,Directed
193,404,1,Directed
193,415,1,Directed
193,416,11,Directed
193,435,2,Directed
193,443,5,Directed
193,454,17,Directed
193,470,1,Directed
193,499,4,Directed
193,500,15,Directed
193,512,1,Directed
193,528,6,Directed
193,540,15,Directed
193,542,2,Directed
193,544,2,Directed
193,546,11,Directed
193,550,13,Directed
193,557,1,Directed
193,569,1,Directed
193,581,2,Directed
193,592,3,Directed
193,595,8,Directed
193,607,1,Directed
193,609,6,Directed
193,612,2,Directed
193,614,3,Directed
193,617,15,Directed
193,624,1,Directed
193,629,6,Directed
193,633,55,Directed
193,660,1,Directed
193,662,4,Directed
193,671,2,Directed
193,687,2,Directed
193,692,1,Directed
193,700,3,Directed
193,703,2,Directed
193,712,1,Directed
193,714,36,Directed
193,718,1,Directed
193,720,3,Directed
193,721,1,Directed
193,731,4,Directed
193,739,2,Directed
193,743,1,Directed
193,746,1,Directed
193,752,1,Directed
193,776,3,Directed
193,782,1,Directed
193,784,2,Directed
193,789,1,Directed
193,823,3,Directed
193,830,4,Directed
193,843,1,Directed
193,844,1,Directed
193,850,6,Directed
193,851,1,Directed
193,854,2,Directed
193,857,2,Directed
193,870,2,Directed
193,873,1,Directed
193,880,3,Directed
193,887,1,Directed
193,890,7,Directed
193,891,2,Directed
193,900,2,Directed
193,910,5,Directed
193,912,2,Directed
193,923,58,Directed
193,927,3,Directed
193,940,4,Directed
193,946,2,Directed
193,948,1,Directed
193,963,2,Directed
193,987,3,Directed
193,994,1,Directed
193,997,6,Directed
194,74,1,Directed
194,159,1,Directed
194,229,14,Directed
194,306,6,Directed
194,316,1,Directed
194,399,2,Directed
194,528,1,Directed
194,587,1,Directed
194,769,16,Directed
194,863,15,Directed
194,901,11,Directed
194,951,9,Directed
195,18,1,Directed
195,189,1,Directed
195,595,10,Directed
195,896,2,Directed
196,4,1,Directed
196,40,10,Directed
196,65,3,Directed
196,120,26,Directed
196,134,1,Directed
196,147,17,Directed
196,151,1,Directed
196,168,1,Directed
196,190,1,Directed
196,259,1,Directed
196,268,1,Directed
196,278,4,Directed
196,291,5,Directed
196,318,1,Directed
196,401,18,Directed
196,413,11,Directed
196,429,23,Directed
196,454,17,Directed
196,468,1,Directed
196,731,16,Directed
196,850,16,Directed
196,873,6,Directed
196,900,1,Directed
196,912,1,Directed
196,927,2,Directed
196,949,2,Directed
197,32,27,Directed
197,38,1,Directed
197,120,1,Directed
197,135,1,Directed
197,239,1,Directed
197,326,1,Directed
197,437,1,Directed
197,515,1,Directed
197,530,1,Directed
197,546,6,Directed
197,550,1,Directed
197,586,3,Directed
197,607,1,Directed
197,630,1,Directed
197,687,1,Directed
197,702,1,Directed
197,718,3,Directed
197,738,2,Directed
197,782,1,Directed
197,790,1,Directed
197,890,1,Directed
197,923,39,Directed
197,987,2,Directed
198,40,2,Directed
198,120,5,Directed
198,187,1,Directed
198,488,4,Directed
198,568,4,Directed
199,14,2,Directed
199,173,2,Directed
199,270,1,Directed
199,381,1,Directed
199,433,2,Directed
199,506,78,Directed
199,541,37,Directed
199,644,15,Directed
199,702,3,Directed
199,738,2,Directed
199,837,3,Directed
199,850,9,Directed
199,924,47,Directed
199,996,34,Directed
199,1001,2,Directed
200,17,10,Directed
200,24,3,Directed
200,31,12,Directed
200,90,2,Directed
200,92,9,Directed
200,120,3,Directed
200,122,4,Directed
200,136,149,Directed
200,142,25,Directed
200,159,2,Directed
200,160,29,Directed
200,165,15,Directed
200,189,4,Directed
200,224,2,Directed
200,267,2,Directed
200,274,1,Directed
200,302,14,Directed
200,316,68,Directed
200,341,1,Directed
200,344,71,Directed
200,349,2,Directed
200,351,26,Directed
200,383,1,Directed
200,428,107,Directed
200,469,1,Directed
200,517,1,Directed
200,530,25,Directed
200,543,43,Directed
200,550,2,Directed
200,595,11,Directed
200,629,7,Directed
200,630,7,Directed
200,636,1,Directed
200,647,12,Directed
200,679,1,Directed
200,696,3,Directed
200,716,5,Directed
200,739,1,Directed
200,746,2,Directed
200,772,5,Directed
200,782,1,Directed
200,806,4,Directed
200,838,9,Directed
200,857,82,Directed
200,883,29,Directed
200,888,1,Directed
200,915,184,Directed
200,920,1,Directed
200,923,1,Directed
200,951,1,Directed
200,952,175,Directed
200,953,8,Directed
200,971,110,Directed
200,977,2,Directed
200,990,10,Directed
203,306,2,Directed
203,390,2,Directed
203,769,1,Directed
203,772,1,Directed
203,784,1,Directed
203,863,1,Directed
205,63,1,Directed
205,90,6,Directed
205,157,1,Directed
205,193,3,Directed
205,316,1,Directed
205,364,1,Directed
205,383,3,Directed
205,389,2,Directed
205,528,3,Directed
205,692,2,Directed
205,763,1,Directed
205,772,1,Directed
205,841,3,Directed
205,890,1,Directed
205,997,4,Directed
206,103,3,Directed
206,125,2,Directed
206,139,3,Directed
206,324,2,Directed
206,477,2,Directed
206,487,3,Directed
206,509,1,Directed
206,534,5,Directed
206,622,3,Directed
206,638,1,Directed
206,676,1,Directed
206,879,1,Directed
206,939,2,Directed
207,31,2,Directed
207,35,101,Directed
207,67,96,Directed
207,91,2,Directed
207,92,22,Directed
207,99,21,Directed
207,136,29,Directed
207,142,39,Directed
207,165,84,Directed
207,167,27,Directed
207,188,16,Directed
207,241,15,Directed
207,264,1,Directed
207,274,2,Directed
207,293,7,Directed
207,301,11,Directed
207,302,5,Directed
207,349,25,Directed
207,373,119,Directed
207,387,3,Directed
207,391,1,Directed
207,408,2,Directed
207,421,15,Directed
207,424,114,Directed
207,428,66,Directed
207,445,2,Directed
207,451,3,Directed
207,469,176,Directed
207,484,12,Directed
207,493,19,Directed
207,547,23,Directed
207,552,2,Directed
207,558,84,Directed
207,561,11,Directed
207,585,1,Directed
207,614,2,Directed
207,630,20,Directed
207,647,8,Directed
207,656,3,Directed
207,795,204,Directed
207,817,11,Directed
207,847,50,Directed
207,851,13,Directed
207,857,2,Directed
207,888,5,Directed
207,891,9,Directed
207,953,46,Directed
207,954,52,Directed
207,957,12,Directed
207,978,9,Directed
207,988,67,Directed
207,990,15,Directed
208,0,3,Directed
208,5,1,Directed
208,6,1,Directed
208,107,5,Directed
208,149,2,Directed
208,189,1,Directed
208,201,1,Directed
208,236,31,Directed
208,249,1,Directed
208,320,1,Directed
208,410,2,Directed
208,652,5,Directed
208,783,15,Directed
208,977,8,Directed
208,1004,9,Directed
213,185,7,Directed
213,229,1,Directed
213,374,7,Directed
214,0,1,Directed
214,4,1,Directed
214,5,1,Directed
214,8,1,Directed
214,13,2,Directed
214,25,1,Directed
214,32,24,Directed
214,38,1,Directed
214,40,43,Directed
214,42,1,Directed
214,48,1,Directed
214,53,3,Directed
214,56,1,Directed
214,61,3,Directed
214,62,18,Directed
214,65,3,Directed
214,70,5,Directed
214,72,4,Directed
214,74,10,Directed
214,107,22,Directed
214,112,1,Directed
214,124,1,Directed
214,127,8,Directed
214,134,2,Directed
214,135,1,Directed
214,141,12,Directed
214,142,8,Directed
214,143,1,Directed
214,147,29,Directed
214,157,3,Directed
214,159,158,Directed
214,160,10,Directed
214,161,3,Directed
214,166,1,Directed
214,167,3,Directed
214,168,4,Directed
214,170,2,Directed
214,171,5,Directed
214,178,32,Directed
214,187,1,Directed
214,189,11,Directed
214,190,8,Directed
214,193,1,Directed
214,212,2,Directed
214,220,33,Directed
214,223,2,Directed
214,226,1,Directed
214,228,2,Directed
214,230,6,Directed
214,233,9,Directed
214,236,1,Directed
214,239,6,Directed
214,243,2,Directed
214,245,1,Directed
214,248,3,Directed
214,255,2,Directed
214,267,2,Directed
214,272,9,Directed
214,277,1,Directed
214,278,47,Directed
214,280,4,Directed
214,283,1,Directed
214,290,33,Directed
214,292,1,Directed
214,305,1,Directed
214,306,22,Directed
214,316,52,Directed
214,321,4,Directed
214,324,24,Directed
214,329,2,Directed
214,334,33,Directed
214,343,9,Directed
214,356,17,Directed
214,367,41,Directed
214,371,30,Directed
214,377,4,Directed
214,381,1,Directed
214,388,6,Directed
214,398,1,Directed
214,413,4,Directed
214,415,2,Directed
214,416,5,Directed
214,425,4,Directed
214,428,16,Directed
214,433,2,Directed
214,435,6,Directed
214,443,12,Directed
214,450,10,Directed
214,458,2,Directed
214,464,4,Directed
214,472,5,Directed
214,499,6,Directed
214,500,21,Directed
214,502,25,Directed
214,515,19,Directed
214,517,4,Directed
214,518,15,Directed
214,528,2,Directed
214,530,34,Directed
214,531,21,Directed
214,534,11,Directed
214,535,5,Directed
214,540,5,Directed
214,542,4,Directed
214,544,35,Directed
214,550,1,Directed
214,551,1,Directed
214,558,2,Directed
214,569,26,Directed
214,577,7,Directed
214,578,6,Directed
214,586,15,Directed
214,590,1,Directed
214,595,13,Directed
214,607,1,Directed
214,609,6,Directed
214,612,4,Directed
214,614,6,Directed
214,617,7,Directed
214,623,4,Directed
214,628,1,Directed
214,629,59,Directed
214,630,3,Directed
214,633,1,Directed
214,647,5,Directed
214,648,2,Directed
214,651,1,Directed
214,659,1,Directed
214,662,24,Directed
214,671,2,Directed
214,684,22,Directed
214,687,30,Directed
214,692,35,Directed
214,693,1,Directed
214,700,1,Directed
214,703,6,Directed
214,704,1,Directed
214,707,3,Directed
214,712,21,Directed
214,713,1,Directed
214,718,3,Directed
214,720,35,Directed
214,724,1,Directed
214,731,16,Directed
214,736,1,Directed
214,738,32,Directed
214,739,4,Directed
214,742,51,Directed
214,743,22,Directed
214,746,59,Directed
214,754,1,Directed
214,763,10,Directed
214,765,38,Directed
214,771,2,Directed
214,772,1,Directed
214,775,7,Directed
214,776,40,Directed
214,783,9,Directed
214,784,1,Directed
214,787,3,Directed
214,798,2,Directed
214,802,1,Directed
214,807,3,Directed
214,811,3,Directed
214,812,2,Directed
214,813,7,Directed
214,834,2,Directed
214,835,21,Directed
214,841,5,Directed
214,843,1,Directed
214,844,25,Directed
214,850,5,Directed
214,851,11,Directed
214,852,21,Directed
214,854,2,Directed
214,857,12,Directed
214,865,32,Directed
214,868,3,Directed
214,882,1,Directed
214,887,4,Directed
214,890,7,Directed
214,891,12,Directed
214,900,3,Directed
214,910,2,Directed
214,912,50,Directed
214,915,7,Directed
214,920,33,Directed
214,923,96,Directed
214,927,3,Directed
214,931,2,Directed
214,935,20,Directed
214,940,51,Directed
214,944,1,Directed
214,948,6,Directed
214,951,33,Directed
214,963,12,Directed
214,978,8,Directed
214,983,2,Directed
214,984,5,Directed
214,987,26,Directed
214,993,2,Directed
214,994,5,Directed
214,997,4,Directed
215,2,1,Directed
216,25,1,Directed
216,41,1,Directed
216,48,8,Directed
216,73,2,Directed
216,318,2,Directed
216,319,4,Directed
216,321,54,Directed
216,383,1,Directed
216,458,13,Directed
216,499,21,Directed
216,558,27,Directed
216,565,3,Directed
216,618,10,Directed
216,672,1,Directed
216,684,1,Directed
216,723,1,Directed
216,844,1,Directed
216,956,10,Directed
218,862,1,Directed
219,448,6,Directed
220,53,1,Directed
220,65,67,Directed
220,75,152,Directed
220,90,27,Directed
220,91,8,Directed
220,120,17,Directed
220,150,7,Directed
220,159,10,Directed
220,185,4,Directed
220,191,9,Directed
220,196,7,Directed
220,214,6,Directed
220,229,1,Directed
220,278,7,Directed
220,290,3,Directed
220,334,79,Directed
220,362,3,Directed
220,364,8,Directed
220,367,1,Directed
220,383,14,Directed
220,415,3,Directed
220,425,1,Directed
220,450,6,Directed
220,465,1,Directed
220,471,17,Directed
220,482,5,Directed
220,483,4,Directed
220,499,1,Directed
220,546,4,Directed
220,587,3,Directed
220,607,11,Directed
220,609,10,Directed
220,629,1,Directed
220,633,5,Directed
220,692,9,Directed
220,720,1,Directed
220,749,25,Directed
220,752,12,Directed
220,764,4,Directed
220,769,5,Directed
220,772,16,Directed
220,833,2,Directed
220,890,7,Directed
220,927,1,Directed
220,987,2,Directed
223,90,3,Directed
223,96,1,Directed
223,103,1,Directed
223,120,3,Directed
223,164,2,Directed
223,303,1,Directed
223,310,4,Directed
223,322,19,Directed
223,343,58,Directed
223,399,3,Directed
223,415,5,Directed
223,462,1,Directed
223,510,1,Directed
223,531,1,Directed
223,534,1,Directed
223,638,7,Directed
223,663,4,Directed
223,718,7,Directed
223,735,1,Directed
223,746,3,Directed
223,822,1,Directed
223,853,6,Directed
223,879,9,Directed
223,939,1,Directed
223,950,1,Directed
224,31,2,Directed
224,136,1,Directed
224,142,2,Directed
224,165,1,Directed
224,200,2,Directed
224,316,4,Directed
224,349,19,Directed
224,428,5,Directed
224,806,4,Directed
224,857,1,Directed
224,915,1,Directed
224,952,1,Directed
224,976,1,Directed
224,990,2,Directed
225,16,1,Directed
225,184,3,Directed
225,407,4,Directed
225,423,2,Directed
225,700,3,Directed
225,716,2,Directed
225,779,3,Directed
225,883,7,Directed
225,951,13,Directed
225,977,1,Directed
227,45,72,Directed
227,66,76,Directed
227,966,8,Directed
228,2,2,Directed
228,61,2,Directed
228,90,1,Directed
228,178,15,Directed
228,214,2,Directed
228,333,6,Directed
228,464,1,Directed
228,502,42,Directed
228,538,2,Directed
228,569,6,Directed
228,605,88,Directed
228,693,30,Directed
228,724,3,Directed
229,24,1,Directed
229,40,1,Directed
229,61,4,Directed
229,106,7,Directed
229,120,1,Directed
229,127,2,Directed
229,147,1,Directed
229,153,1,Directed
229,157,3,Directed
229,167,3,Directed
229,188,5,Directed
229,189,5,Directed
229,190,1,Directed
229,194,1,Directed
229,220,1,Directed
229,232,1,Directed
229,241,12,Directed
229,248,3,Directed
229,273,2,Directed
229,293,6,Directed
229,299,1,Directed
229,301,3,Directed
229,306,26,Directed
229,316,2,Directed
229,319,1,Directed
229,329,1,Directed
229,334,10,Directed
229,343,7,Directed
229,356,4,Directed
229,371,1,Directed
229,374,9,Directed
229,383,2,Directed
229,388,2,Directed
229,410,2,Directed
229,415,3,Directed
229,421,17,Directed
229,428,7,Directed
229,443,5,Directed
229,450,1,Directed
229,469,12,Directed
229,472,1,Directed
229,483,30,Directed
229,491,1,Directed
229,499,1,Directed
229,518,1,Directed
229,523,3,Directed
229,534,5,Directed
229,568,10,Directed
229,580,3,Directed
229,586,1,Directed
229,607,33,Directed
229,612,1,Directed
229,628,3,Directed
229,629,2,Directed
229,637,2,Directed
229,638,2,Directed
229,657,1,Directed
229,659,3,Directed
229,684,1,Directed
229,687,3,Directed
229,692,14,Directed
229,693,2,Directed
229,696,4,Directed
229,718,2,Directed
229,731,1,Directed
229,739,1,Directed
229,742,20,Directed
229,743,1,Directed
229,769,2,Directed
229,771,1,Directed
229,775,1,Directed
229,776,1,Directed
229,782,1,Directed
229,783,1,Directed
229,784,2,Directed
229,790,11,Directed
229,812,2,Directed
229,832,1,Directed
229,834,1,Directed
229,850,1,Directed
229,851,7,Directed
229,863,1,Directed
229,890,1,Directed
229,891,1,Directed
229,901,2,Directed
229,915,4,Directed
229,920,1,Directed
229,977,2,Directed
229,987,2,Directed
229,997,1,Directed
230,147,6,Directed
230,157,1,Directed
230,159,1,Directed
230,193,6,Directed
230,214,6,Directed
230,239,1,Directed
230,347,2,Directed
230,454,1,Directed
230,577,29,Directed
230,633,1,Directed
230,890,2,Directed
230,951,2,Directed
230,972,2,Directed
231,2,51,Directed
231,4,1,Directed
231,5,1,Directed
231,28,10,Directed
231,61,1,Directed
231,120,1,Directed
231,170,27,Directed
231,178,6,Directed
231,185,1,Directed
231,233,5,Directed
231,245,73,Directed
231,264,11,Directed
231,311,3,Directed
231,329,5,Directed
231,334,1,Directed
231,338,20,Directed
231,350,1,Directed
231,364,1,Directed
231,383,4,Directed
231,415,2,Directed
231,416,2,Directed
231,423,1,Directed
231,427,1,Directed
231,433,1,Directed
231,448,2,Directed
231,468,1,Directed
231,483,1,Directed
231,502,15,Directed
231,511,3,Directed
231,531,5,Directed
231,538,1,Directed
231,540,77,Directed
231,582,5,Directed
231,607,5,Directed
231,624,16,Directed
231,633,1,Directed
231,646,1,Directed
231,657,1,Directed
231,693,2,Directed
231,698,1,Directed
231,700,1,Directed
231,731,1,Directed
231,736,9,Directed
231,738,23,Directed
231,742,1,Directed
231,749,6,Directed
231,763,1,Directed
231,764,5,Directed
231,772,2,Directed
231,782,1,Directed
231,783,2,Directed
231,789,3,Directed
231,807,1,Directed
231,819,1,Directed
231,830,8,Directed
231,836,1,Directed
231,840,13,Directed
231,849,1,Directed
231,863,2,Directed
231,867,3,Directed
231,873,17,Directed
231,910,3,Directed
231,915,1,Directed
231,921,6,Directed
231,923,2,Directed
231,925,2,Directed
231,946,1,Directed
231,947,1,Directed
231,955,4,Directed
231,969,1,Directed
231,987,7,Directed
231,994,21,Directed
232,30,9,Directed
232,37,10,Directed
232,43,4,Directed
232,52,23,Directed
232,74,13,Directed
232,75,3,Directed
232,77,4,Directed
232,94,1,Directed
232,109,2,Directed
232,112,4,Directed
232,126,24,Directed
232,133,3,Directed
232,134,1,Directed
232,147,3,Directed
232,166,3,Directed
232,168,200,Directed
232,178,5,Directed
232,229,1,Directed
232,240,1,Directed
232,250,2,Directed
232,256,4,Directed
232,260,17,Directed
232,266,3,Directed
232,294,6,Directed
232,305,2,Directed
232,313,44,Directed
232,332,9,Directed
232,356,18,Directed
232,415,1,Directed
232,416,27,Directed
232,425,94,Directed
232,439,14,Directed
232,447,3,Directed
232,472,261,Directed
232,517,1,Directed
232,545,1,Directed
232,556,1,Directed
232,557,1,Directed
232,573,1,Directed
232,574,1,Directed
232,575,54,Directed
232,586,1,Directed
232,602,1,Directed
232,607,9,Directed
232,648,10,Directed
232,687,1,Directed
232,699,2,Directed
232,704,1,Directed
232,730,2,Directed
232,742,2,Directed
232,744,15,Directed
232,759,1,Directed
232,765,7,Directed
232,782,32,Directed
232,790,49,Directed
232,868,2,Directed
232,885,2,Directed
232,912,57,Directed
232,946,55,Directed
232,948,1,Directed
232,949,15,Directed
232,966,5,Directed
232,984,9,Directed
233,53,8,Directed
233,61,8,Directed
233,75,1,Directed
233,86,1,Directed
233,90,12,Directed
233,91,1,Directed
233,120,2,Directed
233,135,20,Directed
233,152,1,Directed
233,159,16,Directed
233,185,4,Directed
233,214,9,Directed
233,229,1,Directed
233,231,9,Directed
233,245,22,Directed
233,278,1,Directed
233,306,2,Directed
233,329,22,Directed
233,334,1,Directed
233,364,4,Directed
233,367,1,Directed
233,400,1,Directed
233,415,2,Directed
233,443,1,Directed
233,450,8,Directed
233,462,1,Directed
233,540,10,Directed
233,550,3,Directed
233,581,5,Directed
233,591,1,Directed
233,607,2,Directed
233,617,2,Directed
233,659,1,Directed
233,687,1,Directed
233,692,164,Directed
233,718,1,Directed
233,746,25,Directed
233,749,1,Directed
233,752,1,Directed
233,764,1,Directed
233,769,15,Directed
233,771,1,Directed
233,835,18,Directed
233,863,1,Directed
233,890,1,Directed
233,901,1,Directed
233,923,4,Directed
233,935,37,Directed
233,993,1,Directed
235,90,1,Directed
235,120,1,Directed
235,161,1,Directed
235,214,3,Directed
235,273,1,Directed
235,316,1,Directed
235,638,1,Directed
235,648,2,Directed
235,746,1,Directed
235,772,2,Directed
235,890,2,Directed
235,896,1,Directed
235,923,13,Directed
236,0,4,Directed
236,2,14,Directed
236,5,3,Directed
236,6,5,Directed
236,29,4,Directed
236,32,2,Directed
236,90,18,Directed
236,107,31,Directed
236,114,1,Directed
236,185,1,Directed
236,189,45,Directed
236,201,1,Directed
236,208,42,Directed
236,214,1,Directed
236,249,1,Directed
236,320,4,Directed
236,335,6,Directed
236,359,1,Directed
236,364,3,Directed
236,383,7,Directed
236,393,3,Directed
236,410,1,Directed
236,506,11,Directed
236,532,17,Directed
236,537,152,Directed
236,670,1,Directed
236,671,3,Directed
236,690,2,Directed
236,716,3,Directed
236,743,4,Directed
236,783,1,Directed
236,790,2,Directed
236,834,1,Directed
236,867,2,Directed
236,898,3,Directed
236,975,1,Directed
236,977,33,Directed
236,980,8,Directed
236,1004,43,Directed
237,6,2,Directed
237,595,1,Directed
237,716,1,Directed
238,727,1,Directed
239,13,1,Directed
239,35,1,Directed
239,40,1,Directed
239,56,1,Directed
239,65,1,Directed
239,67,1,Directed
239,78,2,Directed
239,90,2,Directed
239,95,2,Directed
239,120,1,Directed
239,137,1,Directed
239,142,1,Directed
239,144,1,Directed
239,149,2,Directed
239,157,1,Directed
239,159,11,Directed
239,161,6,Directed
239,168,2,Directed
239,189,6,Directed
239,197,1,Directed
239,214,13,Directed
239,230,2,Directed
239,231,2,Directed
239,233,1,Directed
239,235,3,Directed
239,243,4,Directed
239,245,1,Directed
239,251,1,Directed
239,278,1,Directed
239,280,2,Directed
239,281,1,Directed
239,293,2,Directed
239,324,5,Directed
239,335,1,Directed
239,353,1,Directed
239,367,1,Directed
239,372,2,Directed
239,377,1,Directed
239,416,1,Directed
239,421,2,Directed
239,428,2,Directed
239,502,12,Directed
239,506,1,Directed
239,509,1,Directed
239,512,1,Directed
239,522,1,Directed
239,538,11,Directed
239,542,4,Directed
239,547,1,Directed
239,568,1,Directed
239,577,9,Directed
239,595,7,Directed
239,596,8,Directed
239,609,7,Directed
239,613,2,Directed
239,624,2,Directed
239,629,1,Directed
239,630,1,Directed
239,633,1,Directed
239,634,1,Directed
239,638,1,Directed
239,656,6,Directed
239,660,2,Directed
239,662,2,Directed
239,663,4,Directed
239,692,3,Directed
239,695,1,Directed
239,703,1,Directed
239,706,7,Directed
239,707,1,Directed
239,711,1,Directed
239,713,10,Directed
239,716,3,Directed
239,720,1,Directed
239,731,2,Directed
239,736,1,Directed
239,742,13,Directed
239,783,1,Directed
239,784,2,Directed
239,809,1,Directed
239,823,3,Directed
239,854,2,Directed
239,857,7,Directed
239,858,1,Directed
239,866,1,Directed
239,868,2,Directed
239,891,1,Directed
239,923,9,Directed
239,939,2,Directed
239,948,1,Directed
239,951,58,Directed
239,957,1,Directed
239,978,4,Directed
239,988,2,Directed
241,61,1,Directed
241,141,9,Directed
241,229,2,Directed
241,326,2,Directed
241,421,2,Directed
241,469,1,Directed
241,547,1,Directed
241,630,4,Directed
241,645,2,Directed
241,795,1,Directed
241,817,1,Directed
241,851,2,Directed
241,957,1,Directed
241,978,2,Directed
242,193,1,Directed
242,540,1,Directed
242,769,3,Directed
242,994,1,Directed
243,61,11,Directed
243,65,3,Directed
243,75,1,Directed
243,159,1,Directed
243,178,1,Directed
243,214,1,Directed
243,265,2,Directed
243,457,1,Directed
243,607,4,Directed
243,718,7,Directed
243,729,5,Directed
243,754,1,Directed
243,772,2,Directed
243,790,1,Directed
243,995,2,Directed
244,90,1,Directed
244,997,1,Directed
245,53,5,Directed
245,56,1,Directed
245,95,1,Directed
245,135,2,Directed
245,170,8,Directed
245,193,1,Directed
245,214,1,Directed
245,231,166,Directed
245,233,47,Directed
245,251,1,Directed
245,264,38,Directed
245,329,43,Directed
245,338,3,Directed
245,364,1,Directed
245,383,1,Directed
245,433,4,Directed
245,482,1,Directed
245,522,1,Directed
245,525,1,Directed
245,531,1,Directed
245,540,59,Directed
245,581,9,Directed
245,582,2,Directed
245,587,1,Directed
245,588,1,Directed
245,591,4,Directed
245,624,34,Directed
245,671,5,Directed
245,687,1,Directed
245,692,10,Directed
245,736,1,Directed
245,742,1,Directed
245,764,51,Directed
245,769,1,Directed
245,789,1,Directed
245,796,1,Directed
245,798,2,Directed
245,809,1,Directed
245,830,10,Directed
245,836,1,Directed
245,840,5,Directed
245,873,8,Directed
245,951,2,Directed
245,987,13,Directed
245,994,7,Directed
245,995,1,Directed
246,5,8,Directed
246,16,1,Directed
246,101,213,Directed
246,127,5,Directed
246,149,3,Directed
246,175,19,Directed
246,184,1,Directed
246,225,1,Directed
246,275,4,Directed
246,293,5,Directed
246,377,8,Directed
246,423,196,Directed
246,457,4,Directed
246,572,13,Directed
246,710,2,Directed
246,711,1,Directed
246,716,1,Directed
246,718,4,Directed
246,724,81,Directed
246,779,1,Directed
246,849,1,Directed
246,866,2,Directed
246,883,1,Directed
246,977,1,Directed
248,5,2,Directed
248,6,5,Directed
248,16,1,Directed
248,29,2,Directed
248,49,9,Directed
248,68,1,Directed
248,75,15,Directed
248,90,22,Directed
248,135,13,Directed
248,157,28,Directed
248,173,1,Directed
248,185,14,Directed
248,205,1,Directed
248,214,1,Directed
248,226,1,Directed
248,229,6,Directed
248,231,1,Directed
248,245,1,Directed
248,329,5,Directed
248,334,16,Directed
248,338,1,Directed
248,364,18,Directed
248,415,4,Directed
248,450,8,Directed
248,462,4,Directed
248,483,1,Directed
248,492,2,Directed
248,501,1,Directed
248,502,4,Directed
248,506,49,Directed
248,530,10,Directed
248,540,1,Directed
248,550,15,Directed
248,571,1,Directed
248,581,3,Directed
248,586,5,Directed
248,588,1,Directed
248,591,25,Directed
248,595,2,Directed
248,607,16,Directed
248,609,1,Directed
248,670,11,Directed
248,684,3,Directed
248,687,8,Directed
248,692,27,Directed
248,696,21,Directed
248,718,8,Directed
248,740,4,Directed
248,746,7,Directed
248,762,5,Directed
248,764,1,Directed
248,772,2,Directed
248,783,2,Directed
248,789,1,Directed
248,835,1,Directed
248,836,1,Directed
248,840,1,Directed
248,841,2,Directed
248,891,39,Directed
248,909,1,Directed
248,915,16,Directed
248,920,5,Directed
248,921,3,Directed
248,923,10,Directed
248,945,1,Directed
248,980,2,Directed
249,0,45,Directed
249,6,54,Directed
249,14,4,Directed
249,16,8,Directed
249,29,7,Directed
249,32,8,Directed
249,78,4,Directed
249,99,4,Directed
249,114,9,Directed
249,149,8,Directed
249,158,1,Directed
249,178,21,Directed
249,181,8,Directed
249,189,35,Directed
249,201,8,Directed
249,208,1,Directed
249,226,1,Directed
249,228,4,Directed
249,236,10,Directed
249,280,3,Directed
249,314,4,Directed
249,333,9,Directed
249,359,1,Directed
249,377,4,Directed
249,393,6,Directed
249,404,2,Directed
249,409,28,Directed
249,410,17,Directed
249,433,3,Directed
249,442,1,Directed
249,470,18,Directed
249,483,1,Directed
249,491,8,Directed
249,502,7,Directed
249,506,22,Directed
249,519,4,Directed
249,528,1,Directed
249,537,2,Directed
249,538,6,Directed
249,569,6,Directed
249,595,13,Directed
249,599,4,Directed
249,605,12,Directed
249,643,3,Directed
249,658,1,Directed
249,670,2,Directed
249,693,12,Directed
249,710,4,Directed
249,716,26,Directed
249,724,3,Directed
249,731,1,Directed
249,767,4,Directed
249,783,1,Directed
249,789,1,Directed
249,828,1,Directed
249,862,6,Directed
249,883,1,Directed
249,921,2,Directed
249,929,8,Directed
249,969,1,Directed
249,976,4,Directed
249,977,9,Directed
249,991,4,Directed
249,1004,17,Directed
250,62,10,Directed
250,113,8,Directed
250,124,2,Directed
250,126,1,Directed
250,178,3,Directed
250,232,1,Directed
250,332,43,Directed
250,356,2,Directed
250,369,9,Directed
250,415,1,Directed
250,416,2,Directed
250,425,1,Directed
250,443,1,Directed
250,444,9,Directed
250,471,1,Directed
250,485,15,Directed
250,500,1,Directed
250,513,8,Directed
250,518,7,Directed
250,535,18,Directed
250,542,10,Directed
250,551,10,Directed
250,607,8,Directed
250,646,8,Directed
250,648,2,Directed
250,662,6,Directed
250,700,1,Directed
250,722,10,Directed
250,749,3,Directed
250,770,8,Directed
250,782,12,Directed
250,818,1,Directed
250,823,12,Directed
250,854,12,Directed
250,880,1,Directed
250,886,5,Directed
250,890,1,Directed
250,913,1,Directed
250,927,4,Directed
250,948,4,Directed
250,962,1,Directed
251,68,2,Directed
251,95,3,Directed
251,159,8,Directed
251,239,1,Directed
251,383,1,Directed
251,482,15,Directed
251,506,9,Directed
251,528,1,Directed
251,540,1,Directed
251,633,1,Directed
251,641,1,Directed
251,671,4,Directed
251,687,1,Directed
251,769,1,Directed
251,849,3,Directed
251,873,1,Directed
251,928,1,Directed
251,977,1,Directed
251,987,21,Directed
251,994,2,Directed
253,98,2,Directed
253,151,126,Directed
253,191,3,Directed
253,290,104,Directed
253,566,108,Directed
253,607,2,Directed
253,752,3,Directed
253,890,1,Directed
253,923,2,Directed
254,187,3,Directed
254,568,1,Directed
256,30,29,Directed
256,37,3,Directed
256,52,1,Directed
256,74,14,Directed
256,77,1,Directed
256,104,16,Directed
256,109,2,Directed
256,111,1,Directed
256,112,13,Directed
256,126,5,Directed
256,133,8,Directed
256,168,1,Directed
256,186,20,Directed
256,232,4,Directed
256,266,1,Directed
256,267,44,Directed
256,294,56,Directed
256,313,91,Directed
256,332,2,Directed
256,356,81,Directed
256,416,75,Directed
256,425,1,Directed
256,447,4,Directed
256,472,14,Directed
256,478,25,Directed
256,515,1,Directed
256,517,21,Directed
256,586,1,Directed
256,602,2,Directed
256,648,40,Directed
256,721,2,Directed
256,743,1,Directed
256,759,4,Directed
256,765,2,Directed
256,790,1,Directed
256,854,3,Directed
256,885,19,Directed
256,889,1,Directed
256,912,3,Directed
256,984,1,Directed
257,75,1,Directed
257,120,1,Directed
257,401,4,Directed
257,421,1,Directed
257,640,1,Directed
257,876,1,Directed
259,127,1,Directed
259,196,1,Directed
260,2,4,Directed
260,30,1,Directed
260,45,2,Directed
260,66,2,Directed
260,74,1,Directed
260,77,149,Directed
260,90,10,Directed
260,91,1,Directed
260,126,6,Directed
260,134,2,Directed
260,168,381,Directed
260,232,19,Directed
260,266,43,Directed
260,313,3,Directed
260,356,8,Directed
260,416,28,Directed
260,425,5,Directed
260,439,30,Directed
260,447,3,Directed
260,472,10,Directed
260,557,1,Directed
260,573,7,Directed
260,575,14,Directed
260,602,1,Directed
260,648,3,Directed
260,699,5,Directed
260,743,2,Directed
260,762,33,Directed
260,790,41,Directed
260,912,145,Directed
260,948,5,Directed
260,949,22,Directed
262,289,1,Directed
264,28,1,Directed
264,35,1,Directed
264,40,5,Directed
264,53,1,Directed
264,67,1,Directed
264,70,1,Directed
264,96,1,Directed
264,131,1,Directed
264,135,1,Directed
264,165,1,Directed
264,193,4,Directed
264,207,1,Directed
264,231,17,Directed
264,245,27,Directed
264,329,42,Directed
264,338,7,Directed
264,343,1,Directed
264,360,1,Directed
264,361,1,Directed
264,364,1,Directed
264,375,1,Directed
264,376,1,Directed
264,388,1,Directed
264,450,1,Directed
264,454,20,Directed
264,462,1,Directed
264,469,2,Directed
264,510,1,Directed
264,540,28,Directed
264,547,1,Directed
264,581,7,Directed
264,582,1,Directed
264,586,1,Directed
264,596,2,Directed
264,597,1,Directed
264,601,1,Directed
264,617,2,Directed
264,632,1,Directed
264,644,3,Directed
264,647,1,Directed
264,663,1,Directed
264,692,3,Directed
264,698,2,Directed
264,738,2,Directed
264,749,1,Directed
264,764,3,Directed
264,789,1,Directed
264,858,1,Directed
264,955,2,Directed
264,994,1,Directed
264,995,1,Directed
265,149,1,Directed
265,243,1,Directed
266,52,2,Directed
266,74,12,Directed
266,77,37,Directed
266,168,123,Directed
266,177,1,Directed
266,232,6,Directed
266,260,39,Directed
266,313,1,Directed
266,356,2,Directed
266,416,7,Directed
266,425,4,Directed
266,439,51,Directed
266,521,1,Directed
266,557,1,Directed
266,575,7,Directed
266,699,6,Directed
266,790,42,Directed
266,912,39,Directed
266,949,33,Directed
267,24,17,Directed
267,31,1,Directed
267,40,6,Directed
267,52,3,Directed
267,80,1,Directed
267,82,7,Directed
267,90,1,Directed
267,112,160,Directed
267,120,8,Directed
267,135,2,Directed
267,136,5,Directed
267,142,81,Directed
267,160,5,Directed
267,165,6,Directed
267,166,8,Directed
267,170,1,Directed
267,181,1,Directed
267,186,40,Directed
267,187,8,Directed
267,190,8,Directed
267,200,1,Directed
267,202,1,Directed
267,204,1,Directed
267,214,4,Directed
267,256,41,Directed
267,274,1,Directed
267,280,4,Directed
267,302,1,Directed
267,313,3,Directed
267,316,4,Directed
267,344,3,Directed
267,349,1,Directed
267,353,3,Directed
267,360,1,Directed
267,362,1,Directed
267,371,1,Directed
267,373,1,Directed
267,392,45,Directed
267,405,1,Directed
267,408,1,Directed
267,416,3,Directed
267,428,5,Directed
267,435,76,Directed
267,443,3,Directed
267,445,1,Directed
267,450,3,Directed
267,459,1,Directed
267,466,2,Directed
267,478,104,Directed
267,485,1,Directed
267,493,4,Directed
267,517,128,Directed
267,526,15,Directed
267,530,40,Directed
267,535,2,Directed
267,561,8,Directed
267,577,7,Directed
267,581,4,Directed
267,586,191,Directed
267,614,2,Directed
267,628,2,Directed
267,629,42,Directed
267,630,11,Directed
267,631,2,Directed
267,647,3,Directed
267,648,73,Directed
267,656,8,Directed
267,658,7,Directed
267,662,23,Directed
267,674,34,Directed
267,677,1,Directed
267,684,1,Directed
267,685,5,Directed
267,686,3,Directed
267,700,13,Directed
267,717,1,Directed
267,720,1,Directed
267,731,1,Directed
267,751,32,Directed
267,782,4,Directed
267,790,15,Directed
267,803,16,Directed
267,823,3,Directed
267,838,29,Directed
267,846,1,Directed
267,847,2,Directed
267,851,1,Directed
267,854,10,Directed
267,855,1,Directed
267,857,3,Directed
267,869,1,Directed
267,870,1,Directed
267,891,171,Directed
267,912,2,Directed
267,915,5,Directed
267,920,1,Directed
267,936,4,Directed
267,944,31,Directed
267,947,1,Directed
267,948,23,Directed
267,951,4,Directed
267,952,4,Directed
267,971,2,Directed
267,978,2,Directed
267,984,8,Directed
267,988,8,Directed
268,53,1,Directed
268,90,1,Directed
268,98,45,Directed
268,117,62,Directed
268,120,1,Directed
268,134,8,Directed
268,147,1,Directed
268,193,1,Directed
268,196,9,Directed
268,257,2,Directed
268,291,48,Directed
268,401,3,Directed
268,429,1,Directed
268,454,52,Directed
268,592,13,Directed
268,633,74,Directed
268,683,6,Directed
268,713,44,Directed
268,1003,3,Directed
269,245,1,Directed
269,540,1,Directed
269,925,2,Directed
269,987,5,Directed
270,189,2,Directed
270,199,1,Directed
270,201,1,Directed
270,334,1,Directed
270,381,5,Directed
270,502,2,Directed
270,516,1,Directed
270,532,1,Directed
270,576,1,Directed
270,654,1,Directed
270,657,2,Directed
270,704,1,Directed
270,783,4,Directed
270,881,1,Directed
270,921,1,Directed
270,923,4,Directed
270,945,1,Directed
271,668,1,Directed
271,746,1,Directed
272,2,7,Directed
272,40,33,Directed
272,53,2,Directed
272,61,5,Directed
272,65,1,Directed
272,75,2,Directed
272,116,1,Directed
272,120,1,Directed
272,122,1,Directed
272,135,1,Directed
272,159,3,Directed
272,161,1,Directed
272,187,5,Directed
272,193,5,Directed
272,214,14,Directed
272,306,1,Directed
272,379,6,Directed
272,383,1,Directed
272,443,5,Directed
272,450,46,Directed
272,471,1,Directed
272,546,1,Directed
272,550,1,Directed
272,568,4,Directed
272,572,1,Directed
272,595,21,Directed
272,662,26,Directed
272,687,2,Directed
272,692,3,Directed
272,700,6,Directed
272,703,1,Directed
272,712,6,Directed
272,742,15,Directed
272,754,10,Directed
272,772,3,Directed
272,802,2,Directed
272,835,2,Directed
272,900,52,Directed
272,910,3,Directed
273,5,2,Directed
273,229,2,Directed
273,235,1,Directed
273,306,5,Directed
273,581,9,Directed
273,609,1,Directed
273,752,1,Directed
273,769,1,Directed
273,858,1,Directed
273,890,4,Directed
273,951,123,Directed
274,35,1,Directed
274,53,1,Directed
274,120,6,Directed
274,142,8,Directed
274,167,18,Directed
274,181,5,Directed
274,188,5,Directed
274,190,2,Directed
274,239,3,Directed
274,280,1,Directed
274,301,1,Directed
274,391,1,Directed
274,445,1,Directed
274,469,7,Directed
274,482,1,Directed
274,493,1,Directed
274,546,2,Directed
274,547,1,Directed
274,552,2,Directed
274,630,7,Directed
274,631,2,Directed
274,647,4,Directed
274,656,7,Directed
274,817,8,Directed
274,841,10,Directed
274,851,4,Directed
274,920,16,Directed
274,951,6,Directed
274,978,5,Directed
274,988,1,Directed
275,5,6,Directed
275,14,1,Directed
275,78,1,Directed
275,101,1,Directed
275,114,30,Directed
275,122,4,Directed
275,142,8,Directed
275,149,8,Directed
275,175,184,Directed
275,246,2,Directed
275,293,1,Directed
275,316,3,Directed
275,327,12,Directed
275,369,3,Directed
275,409,1,Directed
275,423,4,Directed
275,473,1,Directed
275,479,7,Directed
275,487,2,Directed
275,599,1,Directed
275,613,1,Directed
275,710,2,Directed
275,718,1,Directed
275,737,11,Directed
275,802,1,Directed
275,849,119,Directed
275,857,1,Directed
275,952,3,Directed
275,977,4,Directed
275,1004,2,Directed
276,674,1,Directed
277,48,1,Directed
277,53,2,Directed
277,73,1,Directed
277,147,11,Directed
277,157,20,Directed
277,171,4,Directed
277,193,1,Directed
277,195,1,Directed
277,230,5,Directed
277,285,22,Directed
277,308,3,Directed
277,347,4,Directed
277,355,6,Directed
277,458,1,Directed
277,546,4,Directed
277,577,3,Directed
277,587,1,Directed
277,590,4,Directed
277,668,1,Directed
277,686,3,Directed
277,700,8,Directed
277,715,10,Directed
277,720,1,Directed
277,723,1,Directed
277,746,2,Directed
277,748,3,Directed
277,813,1,Directed
277,844,1,Directed
277,890,2,Directed
277,926,3,Directed
277,931,10,Directed
277,933,6,Directed
277,935,1,Directed
277,972,4,Directed
278,13,1,Directed
278,24,1,Directed
278,61,5,Directed
278,65,2,Directed
278,90,2,Directed
278,98,12,Directed
278,120,2,Directed
278,135,1,Directed
278,143,1,Directed
278,147,2,Directed
278,151,10,Directed
278,159,3,Directed
278,196,1,Directed
278,214,9,Directed
278,220,5,Directed
278,233,1,Directed
278,239,1,Directed
278,316,3,Directed
278,332,2,Directed
278,415,2,Directed
278,423,1,Directed
278,429,1,Directed
278,449,1,Directed
278,454,3,Directed
278,499,1,Directed
278,500,1,Directed
278,540,7,Directed
278,569,1,Directed
278,591,1,Directed
278,592,2,Directed
278,617,3,Directed
278,629,2,Directed
278,633,4,Directed
278,687,5,Directed
278,713,1,Directed
278,731,1,Directed
278,772,1,Directed
278,776,6,Directed
278,798,1,Directed
278,833,2,Directed
278,866,1,Directed
278,890,3,Directed
278,915,1,Directed
278,923,34,Directed
278,936,1,Directed
278,940,1,Directed
278,951,1,Directed
278,1003,1,Directed
280,24,174,Directed
280,31,2,Directed
280,32,90,Directed
280,35,67,Directed
280,53,4,Directed
280,56,2,Directed
280,61,2,Directed
280,65,6,Directed
280,67,1,Directed
280,75,1,Directed
280,90,4,Directed
280,91,2,Directed
280,92,14,Directed
280,112,1,Directed
280,120,2,Directed
280,136,12,Directed
280,141,15,Directed
280,142,80,Directed
280,143,2,Directed
280,151,1,Directed
280,160,57,Directed
280,165,2,Directed
280,167,24,Directed
280,178,2,Directed
280,188,101,Directed
280,189,8,Directed
280,207,13,Directed
280,214,1,Directed
280,239,2,Directed
280,241,48,Directed
280,249,3,Directed
280,267,5,Directed
280,274,12,Directed
280,281,44,Directed
280,288,16,Directed
280,293,52,Directed
280,301,24,Directed
280,338,1,Directed
280,349,1,Directed
280,360,120,Directed
280,362,1,Directed
280,373,8,Directed
280,388,29,Directed
280,391,3,Directed
280,408,19,Directed
280,421,51,Directed
280,422,47,Directed
280,424,16,Directed
280,445,18,Directed
280,449,1,Directed
280,450,1,Directed
280,469,24,Directed
280,484,6,Directed
280,493,34,Directed
280,496,1,Directed
280,502,22,Directed
280,526,136,Directed
280,528,3,Directed
280,530,181,Directed
280,547,141,Directed
280,561,139,Directed
280,566,1,Directed
280,585,1,Directed
280,591,1,Directed
280,595,3,Directed
280,607,2,Directed
280,614,1,Directed
280,629,166,Directed
280,630,26,Directed
280,631,129,Directed
280,647,105,Directed
280,656,70,Directed
280,658,86,Directed
280,685,21,Directed
280,687,7,Directed
280,700,3,Directed
280,718,2,Directed
280,731,6,Directed
280,739,20,Directed
280,750,4,Directed
280,772,3,Directed
280,775,1,Directed
280,795,1,Directed
280,817,20,Directed
280,846,63,Directed
280,851,135,Directed
280,858,1,Directed
280,862,9,Directed
280,890,3,Directed
280,891,31,Directed
280,902,19,Directed
280,915,130,Directed
280,920,119,Directed
280,951,1,Directed
280,953,55,Directed
280,954,14,Directed
280,957,1,Directed
280,978,9,Directed
280,990,63,Directed
280,993,1,Directed
281,24,1,Directed
281,61,1,Directed
281,90,1,Directed
281,127,18,Directed
281,160,1,Directed
281,167,1,Directed
281,178,1,Directed
281,189,13,Directed
281,239,1,Directed
281,280,21,Directed
281,293,1,Directed
281,329,1,Directed
281,349,1,Directed
281,377,1,Directed
281,427,1,Directed
281,479,1,Directed
281,484,1,Directed
281,491,18,Directed
281,497,3,Directed
281,502,1,Directed
281,506,4,Directed
281,526,1,Directed
281,530,1,Directed
281,546,1,Directed
281,569,2,Directed
281,585,1,Directed
281,586,2,Directed
281,718,27,Directed
281,731,2,Directed
281,772,4,Directed
281,838,3,Directed
281,896,1,Directed
281,905,14,Directed
281,971,1,Directed
282,139,1,Directed
282,474,1,Directed
282,509,2,Directed
282,939,1,Directed
283,2,5,Directed
283,90,9,Directed
283,159,5,Directed
283,214,10,Directed
283,226,1,Directed
283,362,2,Directed
283,383,1,Directed
283,483,2,Directed
283,586,1,Directed
283,700,1,Directed
283,772,1,Directed
283,1004,2,Directed
284,406,1,Directed
284,422,36,Directed
284,584,5,Directed
284,680,26,Directed
284,731,64,Directed
284,951,1,Directed
285,147,2,Directed
285,157,3,Directed
285,171,1,Directed
285,277,6,Directed
285,308,1,Directed
285,577,7,Directed
285,915,2,Directed
285,933,1,Directed
286,891,4,Directed
288,24,1,Directed
288,160,1,Directed
288,280,1,Directed
288,360,1,Directed
288,391,490,Directed
288,445,284,Directed
288,484,515,Directed
288,493,364,Directed
288,526,1,Directed
288,530,5,Directed
288,561,332,Directed
288,610,208,Directed
288,629,672,Directed
288,630,88,Directed
288,658,1,Directed
288,662,1,Directed
288,685,1,Directed
288,750,10,Directed
288,773,297,Directed
288,838,3,Directed
288,846,528,Directed
288,891,2,Directed
289,78,4,Directed
289,107,3,Directed
289,192,4,Directed
289,262,2,Directed
289,335,10,Directed
289,381,1,Directed
289,506,2,Directed
289,810,28,Directed
289,899,5,Directed
290,40,9,Directed
290,53,20,Directed
290,56,1,Directed
290,98,1,Directed
290,107,2,Directed
290,120,1,Directed
290,127,1,Directed
290,135,1,Directed
290,147,5,Directed
290,151,15,Directed
290,157,1,Directed
290,159,114,Directed
290,166,2,Directed
290,178,1,Directed
290,190,1,Directed
290,193,23,Directed
290,214,191,Directed
290,220,3,Directed
290,248,1,Directed
290,253,9,Directed
290,278,31,Directed
290,280,1,Directed
290,305,5,Directed
290,321,3,Directed
290,326,1,Directed
290,356,1,Directed
290,364,1,Directed
290,367,14,Directed
290,416,6,Directed
290,425,1,Directed
290,450,1,Directed
290,454,4,Directed
290,499,4,Directed
290,502,1,Directed
290,517,1,Directed
290,528,1,Directed
290,530,1,Directed
290,534,1,Directed
290,540,4,Directed
290,542,2,Directed
290,544,1,Directed
290,553,1,Directed
290,566,28,Directed
290,569,1,Directed
290,586,1,Directed
290,589,31,Directed
290,595,1,Directed
290,612,1,Directed
290,614,7,Directed
290,617,2,Directed
290,629,4,Directed
290,633,1,Directed
290,669,2,Directed
290,671,3,Directed
290,684,1,Directed
290,687,14,Directed
290,692,1,Directed
290,718,2,Directed
290,720,2,Directed
290,731,1,Directed
290,739,4,Directed
290,742,1,Directed
290,743,1,Directed
290,765,1,Directed
290,775,1,Directed
290,776,1,Directed
290,783,3,Directed
290,834,1,Directed
290,836,1,Directed
290,850,1,Directed
290,851,1,Directed
290,865,1,Directed
290,866,4,Directed
290,891,1,Directed
290,915,3,Directed
290,920,1,Directed
290,923,3,Directed
290,927,1,Directed
290,940,1,Directed
290,948,1,Directed
290,978,1,Directed
290,987,1,Directed
291,98,22,Directed
291,117,10,Directed
291,120,2,Directed
291,134,32,Directed
291,196,7,Directed
291,268,34,Directed
291,278,2,Directed
291,401,16,Directed
291,429,18,Directed
291,454,20,Directed
291,609,3,Directed
291,713,22,Directed
291,1003,11,Directed
292,75,2,Directed
292,90,5,Directed
292,91,1,Directed
292,135,42,Directed
292,141,1,Directed
292,201,1,Directed
292,214,1,Directed
292,364,3,Directed
292,502,1,Directed
292,506,7,Directed
292,530,1,Directed
292,552,1,Directed
292,581,5,Directed
292,718,1,Directed
292,769,29,Directed
292,818,1,Directed
292,836,1,Directed
292,857,1,Directed
292,936,1,Directed
292,942,5,Directed
293,4,1,Directed
293,8,4,Directed
293,16,4,Directed
293,19,5,Directed
293,24,1,Directed
293,32,11,Directed
293,35,1,Directed
293,61,9,Directed
293,102,2,Directed
293,120,2,Directed
293,127,3,Directed
293,141,1,Directed
293,142,1,Directed
293,149,14,Directed
293,159,1,Directed
293,188,1,Directed
293,189,2,Directed
293,207,5,Directed
293,229,5,Directed
293,239,1,Directed
293,241,1,Directed
293,246,13,Directed
293,280,6,Directed
293,281,1,Directed
293,301,1,Directed
293,360,1,Directed
293,365,1,Directed
293,377,1,Directed
293,383,1,Directed
293,409,1,Directed
293,410,3,Directed
293,421,1,Directed
293,422,1,Directed
293,455,1,Directed
293,469,1,Directed
293,502,7,Directed
293,522,1,Directed
293,526,1,Directed
293,530,1,Directed
293,538,2,Directed
293,546,1,Directed
293,547,28,Directed
293,549,3,Directed
293,550,1,Directed
293,561,1,Directed
293,568,20,Directed
293,569,7,Directed
293,572,7,Directed
293,587,1,Directed
293,605,3,Directed
293,613,2,Directed
293,630,2,Directed
293,631,1,Directed
293,647,1,Directed
293,656,1,Directed
293,693,2,Directed
293,697,18,Directed
293,700,3,Directed
293,711,3,Directed
293,716,11,Directed
293,718,9,Directed
293,724,57,Directed
293,851,1,Directed
293,862,40,Directed
293,866,3,Directed
293,876,1,Directed
293,883,3,Directed
293,902,1,Directed
293,915,1,Directed
293,920,1,Directed
293,934,2,Directed
293,951,1,Directed
293,953,1,Directed
293,976,1,Directed
293,990,1,Directed
294,30,5,Directed
294,74,170,Directed
294,77,3,Directed
294,104,18,Directed
294,111,7,Directed
294,112,1,Directed
294,126,52,Directed
294,133,6,Directed
294,166,14,Directed
294,168,3,Directed
294,214,1,Directed
294,232,7,Directed
294,256,78,Directed
294,266,2,Directed
294,267,1,Directed
294,305,1,Directed
294,313,64,Directed
294,332,13,Directed
294,334,2,Directed
294,356,4,Directed
294,416,96,Directed
294,435,6,Directed
294,447,86,Directed
294,500,2,Directed
294,515,1,Directed
294,573,7,Directed
294,586,174,Directed
294,630,7,Directed
294,648,19,Directed
294,674,1,Directed
294,699,2,Directed
294,743,2,Directed
294,759,15,Directed
294,762,17,Directed
294,765,5,Directed
294,782,19,Directed
294,790,12,Directed
294,803,5,Directed
294,814,1,Directed
294,817,92,Directed
294,868,13,Directed
294,885,137,Directed
294,890,1,Directed
294,946,2,Directed
294,948,1,Directed
294,974,7,Directed
294,984,76,Directed
295,681,1,Directed
299,70,2,Directed
299,96,5,Directed
299,106,1,Directed
299,322,2,Directed
299,323,1,Directed
299,388,35,Directed
299,474,1,Directed
299,509,25,Directed
299,559,5,Directed
299,591,1,Directed
299,607,2,Directed
299,624,2,Directed
299,634,11,Directed
299,951,4,Directed
299,984,1,Directed
301,91,1,Directed
301,142,6,Directed
301,167,1,Directed
301,188,6,Directed
301,207,1,Directed
301,257,1,Directed
301,274,2,Directed
301,280,1,Directed
301,428,1,Directed
301,493,11,Directed
301,547,5,Directed
301,614,1,Directed
301,630,6,Directed
301,647,6,Directed
301,656,4,Directed
301,795,4,Directed
301,851,1,Directed
301,902,1,Directed
301,954,1,Directed
301,957,1,Directed
301,978,27,Directed
301,988,2,Directed
302,141,2,Directed
302,165,1,Directed
302,167,1,Directed
302,241,4,Directed
302,267,1,Directed
302,316,2,Directed
302,428,11,Directed
302,802,1,Directed
302,838,3,Directed
303,103,1,Directed
303,343,5,Directed
303,368,1,Directed
303,514,2,Directed
303,663,1,Directed
303,780,2,Directed
303,832,1,Directed
303,950,18,Directed
303,1001,1,Directed
304,4,34,Directed
304,317,20,Directed
304,441,21,Directed
304,456,4,Directed
304,752,1,Directed
304,848,2,Directed
304,860,1,Directed
304,936,4,Directed
305,53,1,Directed
305,65,2,Directed
305,104,3,Directed
305,120,1,Directed
305,168,9,Directed
305,232,9,Directed
305,290,1,Directed
305,318,1,Directed
305,356,8,Directed
305,416,16,Directed
305,425,13,Directed
305,472,5,Directed
305,517,1,Directed
305,743,6,Directed
305,765,8,Directed
305,782,1,Directed
305,790,3,Directed
305,859,3,Directed
305,885,3,Directed
305,912,11,Directed
305,946,19,Directed
306,2,2,Directed
306,61,3,Directed
306,75,2,Directed
306,83,5,Directed
306,90,1,Directed
306,120,1,Directed
306,122,1,Directed
306,134,1,Directed
306,137,8,Directed
306,150,1,Directed
306,159,1,Directed
306,194,4,Directed
306,203,5,Directed
306,214,18,Directed
306,229,51,Directed
306,233,1,Directed
306,272,3,Directed
306,273,9,Directed
306,292,1,Directed
306,307,1,Directed
306,334,6,Directed
306,343,1,Directed
306,362,1,Directed
306,374,69,Directed
306,383,4,Directed
306,400,6,Directed
306,443,2,Directed
306,450,9,Directed
306,523,13,Directed
306,528,2,Directed
306,531,5,Directed
306,570,3,Directed
306,585,4,Directed
306,591,2,Directed
306,607,1,Directed
306,626,1,Directed
306,629,2,Directed
306,659,83,Directed
306,660,22,Directed
306,687,3,Directed
306,700,1,Directed
306,703,17,Directed
306,720,2,Directed
306,742,133,Directed
306,746,1,Directed
306,749,1,Directed
306,752,4,Directed
306,769,6,Directed
306,771,26,Directed
306,772,1,Directed
306,784,80,Directed
306,790,44,Directed
306,807,2,Directed
306,863,5,Directed
306,864,1,Directed
306,873,1,Directed
306,890,1,Directed
306,901,2,Directed
306,951,2,Directed
306,981,1,Directed
307,83,1,Directed
307,90,1,Directed
307,91,2,Directed
307,159,6,Directed
307,229,1,Directed
307,306,1,Directed
307,454,1,Directed
307,659,2,Directed
307,692,3,Directed
307,769,4,Directed
307,835,1,Directed
307,863,1,Directed
307,901,1,Directed
308,27,1,Directed
308,91,1,Directed
308,147,2,Directed
308,157,1,Directed
308,171,1,Directed
308,230,1,Directed
308,255,1,Directed
308,277,1,Directed
308,285,1,Directed
308,347,3,Directed
308,355,1,Directed
308,418,19,Directed
308,577,1,Directed
308,590,1,Directed
308,673,1,Directed
308,686,1,Directed
308,715,1,Directed
308,748,6,Directed
308,926,9,Directed
308,931,1,Directed
308,933,2,Directed
308,972,1,Directed
309,1,49,Directed
309,38,10,Directed
309,70,1,Directed
309,97,6,Directed
309,139,2,Directed
309,299,1,Directed
309,322,1,Directed
309,474,3,Directed
309,514,1,Directed
309,534,2,Directed
309,638,1,Directed
309,780,1,Directed
309,832,2,Directed
309,893,2,Directed
310,1,11,Directed
310,42,1,Directed
310,46,42,Directed
310,70,8,Directed
310,84,1,Directed
310,103,60,Directed
310,120,1,Directed
310,223,2,Directed
310,303,1,Directed
310,322,2,Directed
310,329,2,Directed
310,334,2,Directed
310,337,7,Directed
310,343,38,Directed
310,362,2,Directed
310,368,7,Directed
310,388,1,Directed
310,399,5,Directed
310,415,2,Directed
310,423,1,Directed
310,477,45,Directed
310,524,2,Directed
310,528,3,Directed
310,534,6,Directed
310,586,15,Directed
310,612,2,Directed
310,638,4,Directed
310,663,2,Directed
310,706,11,Directed
310,735,9,Directed
310,853,2,Directed
310,863,1,Directed
310,879,1,Directed
310,943,19,Directed
310,950,3,Directed
311,53,6,Directed
311,196,3,Directed
311,269,1,Directed
311,329,2,Directed
311,540,13,Directed
311,582,1,Directed
311,633,5,Directed
311,697,1,Directed
311,707,1,Directed
311,773,9,Directed
311,840,4,Directed
311,855,1,Directed
311,925,1,Directed
311,955,2,Directed
311,987,2,Directed
311,994,1,Directed
313,2,3,Directed
313,30,62,Directed
313,37,29,Directed
313,52,11,Directed
313,74,8,Directed
313,77,1,Directed
313,90,7,Directed
313,104,8,Directed
313,112,28,Directed
313,126,4,Directed
313,133,8,Directed
313,166,1,Directed
313,168,23,Directed
313,186,3,Directed
313,232,19,Directed
313,256,71,Directed
313,260,2,Directed
313,267,3,Directed
313,294,66,Directed
313,356,88,Directed
313,416,80,Directed
313,425,1,Directed
313,447,31,Directed
313,472,46,Directed
313,478,3,Directed
313,500,1,Directed
313,517,3,Directed
313,521,1,Directed
313,557,1,Directed
313,575,2,Directed
313,598,4,Directed
313,602,6,Directed
313,648,14,Directed
313,730,35,Directed
313,744,1,Directed
313,759,1,Directed
313,765,41,Directed
313,790,2,Directed
313,885,35,Directed
313,912,19,Directed
313,946,39,Directed
313,948,8,Directed
313,984,6,Directed
314,0,2,Directed
314,13,2,Directed
314,73,1,Directed
314,78,5,Directed
314,99,11,Directed
314,169,4,Directed
314,178,13,Directed
314,228,8,Directed
314,249,1,Directed
314,277,2,Directed
314,333,7,Directed
314,409,3,Directed
314,502,1,Directed
314,538,7,Directed
314,599,26,Directed
314,605,17,Directed
314,693,21,Directed
314,710,17,Directed
314,767,11,Directed
314,862,1,Directed
314,929,39,Directed
314,976,1,Directed
315,91,1,Directed
315,159,1,Directed
315,383,1,Directed
315,423,5,Directed
315,658,3,Directed
315,769,1,Directed
315,855,2,Directed
315,936,14,Directed
315,951,1,Directed
316,2,3,Directed
316,11,2,Directed
316,17,93,Directed
316,31,138,Directed
316,32,3,Directed
316,40,4,Directed
316,45,1,Directed
316,53,5,Directed
316,65,3,Directed
316,66,1,Directed
316,72,1,Directed
316,75,1,Directed
316,90,26,Directed
316,91,2,Directed
316,92,123,Directed
316,107,4,Directed
316,112,6,Directed
316,120,12,Directed
316,122,4,Directed
316,127,3,Directed
316,134,7,Directed
316,135,1,Directed
316,136,154,Directed
316,141,1,Directed
316,142,180,Directed
316,147,2,Directed
316,150,2,Directed
316,151,3,Directed
316,159,19,Directed
316,165,176,Directed
316,178,3,Directed
316,185,1,Directed
316,189,3,Directed
316,190,7,Directed
316,191,1,Directed
316,193,4,Directed
316,194,1,Directed
316,200,182,Directed
316,205,1,Directed
316,214,70,Directed
316,224,37,Directed
316,229,1,Directed
316,235,4,Directed
316,257,1,Directed
316,267,8,Directed
316,275,9,Directed
316,278,6,Directed
316,280,1,Directed
316,299,1,Directed
316,302,128,Directed
316,332,1,Directed
316,334,1,Directed
316,344,106,Directed
316,349,70,Directed
316,351,47,Directed
316,367,9,Directed
316,392,113,Directed
316,397,2,Directed
316,415,14,Directed
316,416,4,Directed
316,428,285,Directed
316,431,2,Directed
316,450,1,Directed
316,454,1,Directed
316,483,8,Directed
316,499,2,Directed
316,502,2,Directed
316,530,2,Directed
316,543,130,Directed
316,544,4,Directed
316,569,1,Directed
316,586,2,Directed
316,592,2,Directed
316,607,8,Directed
316,609,1,Directed
316,612,2,Directed
316,617,2,Directed
316,629,32,Directed
316,630,3,Directed
316,633,1,Directed
316,647,137,Directed
316,651,1,Directed
316,656,1,Directed
316,687,2,Directed
316,696,1,Directed
316,702,2,Directed
316,718,1,Directed
316,720,4,Directed
316,724,2,Directed
316,725,1,Directed
316,731,2,Directed
316,739,2,Directed
316,742,1,Directed
316,752,3,Directed
316,772,8,Directed
316,776,1,Directed
316,782,1,Directed
316,787,1,Directed
316,806,7,Directed
316,833,2,Directed
316,838,32,Directed
316,850,4,Directed
316,851,3,Directed
316,857,192,Directed
316,868,1,Directed
316,888,27,Directed
316,890,6,Directed
316,892,1,Directed
316,915,431,Directed
316,917,1,Directed
316,920,2,Directed
316,923,4,Directed
316,927,2,Directed
316,940,1,Directed
316,948,1,Directed
316,952,141,Directed
316,953,137,Directed
316,962,8,Directed
316,963,1,Directed
316,971,132,Directed
316,978,6,Directed
316,987,4,Directed
316,990,140,Directed
316,997,4,Directed
317,86,3,Directed
317,91,1,Directed
317,135,1,Directed
317,152,1,Directed
317,229,2,Directed
317,304,20,Directed
317,306,1,Directed
317,374,28,Directed
317,441,3,Directed
317,517,1,Directed
317,692,4,Directed
317,769,2,Directed
317,771,6,Directed
317,784,1,Directed
317,835,1,Directed
317,951,1,Directed
318,25,3,Directed
318,41,1,Directed
318,61,1,Directed
318,71,7,Directed
318,73,1,Directed
318,135,1,Directed
318,196,2,Directed
318,216,4,Directed
318,319,5,Directed
318,321,2,Directed
318,326,2,Directed
318,332,42,Directed
318,356,2,Directed
318,366,1,Directed
318,400,3,Directed
318,454,1,Directed
318,458,2,Directed
318,472,3,Directed
318,499,12,Directed
318,558,18,Directed
318,565,4,Directed
318,566,3,Directed
318,585,1,Directed
318,589,2,Directed
318,595,2,Directed
318,679,2,Directed
318,684,40,Directed
318,704,5,Directed
318,765,2,Directed
318,790,1,Directed
318,809,1,Directed
318,840,12,Directed
318,844,8,Directed
318,918,4,Directed
318,934,7,Directed
318,946,4,Directed
318,956,7,Directed
319,25,5,Directed
319,41,1,Directed
319,48,44,Directed
319,73,1,Directed
319,159,2,Directed
319,216,34,Directed
319,229,1,Directed
319,318,7,Directed
319,347,2,Directed
319,386,22,Directed
319,423,12,Directed
319,458,16,Directed
319,499,18,Directed
319,558,21,Directed
319,618,4,Directed
319,684,3,Directed
319,723,4,Directed
319,736,7,Directed
319,758,2,Directed
319,832,21,Directed
319,844,5,Directed
319,918,5,Directed
319,956,17,Directed
319,1000,1,Directed
319,1002,39,Directed
320,90,1,Directed
320,107,13,Directed
320,201,3,Directed
320,208,1,Directed
320,236,2,Directed
320,337,13,Directed
320,383,1,Directed
320,411,1,Directed
320,506,1,Directed
320,537,2,Directed
320,617,1,Directed
320,843,12,Directed
320,980,2,Directed
320,1004,13,Directed
321,25,1,Directed
321,48,6,Directed
321,53,1,Directed
321,73,1,Directed
321,159,3,Directed
321,214,2,Directed
321,216,97,Directed
321,290,2,Directed
321,318,1,Directed
321,383,5,Directed
321,458,9,Directed
321,499,54,Directed
321,558,3,Directed
321,565,22,Directed
321,618,19,Directed
321,679,1,Directed
321,684,17,Directed
321,700,1,Directed
321,704,21,Directed
321,784,1,Directed
321,844,8,Directed
321,918,1,Directed
321,956,6,Directed
322,1,1,Directed
322,2,6,Directed
322,38,6,Directed
322,42,5,Directed
322,46,1,Directed
322,64,3,Directed
322,65,1,Directed
322,70,15,Directed
322,102,2,Directed
322,103,1,Directed
322,106,7,Directed
322,125,3,Directed
322,139,9,Directed
322,153,2,Directed
322,159,2,Directed
322,164,12,Directed
322,206,1,Directed
322,223,35,Directed
322,245,1,Directed
322,299,7,Directed
322,309,3,Directed
322,310,11,Directed
322,323,3,Directed
322,324,2,Directed
322,334,22,Directed
322,337,4,Directed
322,343,106,Directed
322,368,16,Directed
322,376,1,Directed
322,379,1,Directed
322,388,11,Directed
322,399,2,Directed
322,420,7,Directed
322,460,4,Directed
322,474,1,Directed
322,477,1,Directed
322,505,1,Directed
322,509,2,Directed
322,510,2,Directed
322,528,1,Directed
322,534,35,Directed
322,548,7,Directed
322,591,18,Directed
322,601,2,Directed
322,603,1,Directed
322,622,1,Directed
322,634,1,Directed
322,638,20,Directed
322,649,2,Directed
322,663,26,Directed
322,706,7,Directed
322,735,1,Directed
322,740,17,Directed
322,752,2,Directed
322,768,1,Directed
322,780,1,Directed
322,788,2,Directed
322,822,1,Directed
322,832,4,Directed
322,853,9,Directed
322,867,1,Directed
322,879,78,Directed
322,919,1,Directed
322,939,2,Directed
322,943,3,Directed
322,951,1,Directed
323,1,1,Directed
323,42,8,Directed
323,46,1,Directed
323,102,3,Directed
323,125,7,Directed
323,139,13,Directed
323,206,1,Directed
323,247,2,Directed
323,299,1,Directed
323,337,3,Directed
323,369,1,Directed
323,402,6,Directed
323,474,2,Directed
323,509,1,Directed
323,510,6,Directed
323,514,1,Directed
323,524,1,Directed
323,534,6,Directed
323,562,1,Directed
323,601,2,Directed
323,622,4,Directed
323,638,1,Directed
323,676,3,Directed
323,706,1,Directed
323,788,1,Directed
323,906,1,Directed
323,939,1,Directed
323,950,1,Directed
323,951,6,Directed
324,1,2,Directed
324,38,48,Directed
324,69,1,Directed
324,70,18,Directed
324,75,1,Directed
324,84,1,Directed
324,90,2,Directed
324,96,5,Directed
324,125,1,Directed
324,154,1,Directed
324,159,15,Directed
324,164,1,Directed
324,168,1,Directed
324,172,1,Directed
324,206,3,Directed
324,214,1,Directed
324,239,3,Directed
324,310,2,Directed
324,322,1,Directed
324,334,1,Directed
324,337,5,Directed
324,343,3,Directed
324,367,1,Directed
324,369,1,Directed
324,388,16,Directed
324,402,3,Directed
324,415,5,Directed
324,460,6,Directed
324,474,1,Directed
324,509,2,Directed
324,510,1,Directed
324,534,59,Directed
324,585,6,Directed
324,586,2,Directed
324,589,1,Directed
324,591,54,Directed
324,592,1,Directed
324,601,1,Directed
324,607,2,Directed
324,609,1,Directed
324,612,5,Directed
324,633,1,Directed
324,638,48,Directed
324,676,3,Directed
324,700,2,Directed
324,706,2,Directed
324,832,2,Directed
324,890,5,Directed
324,939,1,Directed
324,951,1,Directed
325,127,2,Directed
325,195,1,Directed
325,671,1,Directed
325,718,1,Directed
326,2,1,Directed
326,65,3,Directed
326,120,2,Directed
326,135,1,Directed
326,146,7,Directed
326,197,2,Directed
326,318,2,Directed
326,324,1,Directed
326,334,2,Directed
326,557,2,Directed
326,581,1,Directed
326,586,3,Directed
326,687,7,Directed
326,692,4,Directed
326,696,1,Directed
326,782,1,Directed
326,930,6,Directed
326,938,3,Directed
327,14,2,Directed
327,90,2,Directed
327,107,2,Directed
327,149,2,Directed
327,175,1,Directed
327,192,3,Directed
327,275,18,Directed
327,341,1,Directed
327,358,1,Directed
327,381,185,Directed
327,414,7,Directed
327,506,3,Directed
327,537,1,Directed
327,644,5,Directed
327,650,2,Directed
327,657,4,Directed
327,702,6,Directed
327,737,3,Directed
327,745,2,Directed
327,761,1,Directed
327,849,14,Directed
327,850,1,Directed
327,897,6,Directed
327,921,14,Directed
327,924,1,Directed
327,1001,3,Directed
329,56,1,Directed
329,95,1,Directed
329,135,3,Directed
329,231,6,Directed
329,233,2,Directed
329,245,10,Directed
329,264,17,Directed
329,281,1,Directed
329,299,1,Directed
329,310,1,Directed
329,334,1,Directed
329,338,3,Directed
329,343,11,Directed
329,364,1,Directed
329,388,3,Directed
329,395,1,Directed
329,421,1,Directed
329,427,4,Directed
329,443,1,Directed
329,448,1,Directed
329,450,1,Directed
329,510,2,Directed
329,534,1,Directed
329,540,7,Directed
329,582,3,Directed
329,587,1,Directed
329,607,3,Directed
329,624,40,Directed
329,660,2,Directed
329,692,12,Directed
329,731,1,Directed
329,738,2,Directed
329,775,17,Directed
329,789,3,Directed
329,798,3,Directed
329,819,22,Directed
329,832,2,Directed
329,842,1,Directed
329,849,4,Directed
329,910,2,Directed
329,987,1,Directed
329,994,2,Directed
330,0,1,Directed
330,764,2,Directed
330,818,2,Directed
332,52,2,Directed
332,53,2,Directed
332,61,3,Directed
332,74,4,Directed
332,119,1,Directed
332,126,18,Directed
332,166,5,Directed
332,168,18,Directed
332,170,2,Directed
332,191,3,Directed
332,193,1,Directed
332,232,15,Directed
332,250,47,Directed
332,256,1,Directed
332,278,2,Directed
332,294,8,Directed
332,318,45,Directed
332,347,4,Directed
332,353,1,Directed
332,356,11,Directed
332,362,2,Directed
332,383,1,Directed
332,416,15,Directed
332,425,10,Directed
332,435,99,Directed
332,443,1,Directed
332,447,10,Directed
332,448,1,Directed
332,472,12,Directed
332,500,217,Directed
332,517,6,Directed
332,539,5,Directed
332,542,4,Directed
332,558,3,Directed
332,573,8,Directed
332,575,30,Directed
332,586,72,Directed
332,587,1,Directed
332,617,4,Directed
332,633,1,Directed
332,648,1,Directed
332,684,1,Directed
332,687,1,Directed
332,700,6,Directed
332,759,5,Directed
332,765,2,Directed
332,782,111,Directed
332,844,3,Directed
332,854,2,Directed
332,868,1,Directed
332,870,1,Directed
332,885,3,Directed
332,912,13,Directed
332,918,1,Directed
332,923,2,Directed
332,948,7,Directed
332,974,4,Directed
332,984,2,Directed
333,0,22,Directed
333,6,34,Directed
333,16,3,Directed
333,19,35,Directed
333,29,17,Directed
333,75,2,Directed
333,78,15,Directed
333,99,1,Directed
333,120,1,Directed
333,160,1,Directed
333,178,26,Directed
333,184,8,Directed
333,189,1,Directed
333,228,23,Directed
333,249,27,Directed
333,312,13,Directed
333,314,2,Directed
333,364,4,Directed
333,409,17,Directed
333,470,24,Directed
333,502,32,Directed
333,506,7,Directed
333,538,17,Directed
333,569,25,Directed
333,592,1,Directed
333,599,19,Directed
333,605,26,Directed
333,607,2,Directed
333,693,21,Directed
333,700,1,Directed
333,710,19,Directed
333,712,2,Directed
333,743,16,Directed
333,749,1,Directed
333,767,61,Directed
333,772,3,Directed
333,783,2,Directed
333,789,1,Directed
333,816,1,Directed
333,862,18,Directed
333,929,1,Directed
333,969,1,Directed
333,976,2,Directed
333,980,1,Directed
334,2,23,Directed
334,6,2,Directed
334,11,1,Directed
334,38,8,Directed
334,40,1,Directed
334,53,3,Directed
334,61,30,Directed
334,65,21,Directed
334,70,53,Directed
334,75,100,Directed
334,90,8,Directed
334,91,2,Directed
334,97,1,Directed
334,102,1,Directed
334,107,4,Directed
334,120,6,Directed
334,127,13,Directed
334,132,2,Directed
334,134,1,Directed
334,135,14,Directed
334,147,1,Directed
334,157,13,Directed
334,159,96,Directed
334,168,4,Directed
334,176,1,Directed
334,178,8,Directed
334,185,7,Directed
334,189,4,Directed
334,190,5,Directed
334,191,14,Directed
334,193,6,Directed
334,214,73,Directed
334,220,12,Directed
334,223,4,Directed
334,229,24,Directed
334,231,7,Directed
334,233,2,Directed
334,245,3,Directed
334,248,12,Directed
334,250,5,Directed
334,257,1,Directed
334,270,2,Directed
334,272,1,Directed
334,278,12,Directed
334,280,3,Directed
334,281,1,Directed
334,294,1,Directed
334,299,2,Directed
334,306,13,Directed
334,310,4,Directed
334,316,3,Directed
334,322,31,Directed
334,324,8,Directed
334,326,2,Directed
334,343,3,Directed
334,356,13,Directed
334,381,1,Directed
334,383,3,Directed
334,388,16,Directed
334,414,2,Directed
334,415,10,Directed
334,416,13,Directed
334,423,6,Directed
334,425,1,Directed
334,433,1,Directed
334,435,4,Directed
334,443,1,Directed
334,450,10,Directed
334,454,2,Directed
334,460,2,Directed
334,462,5,Directed
334,471,1,Directed
334,472,1,Directed
334,474,3,Directed
334,483,1,Directed
334,500,4,Directed
334,502,32,Directed
334,506,1,Directed
334,517,3,Directed
334,522,3,Directed
334,524,1,Directed
334,528,1,Directed
334,530,8,Directed
334,534,105,Directed
334,535,4,Directed
334,542,6,Directed
334,546,7,Directed
334,550,18,Directed
334,586,18,Directed
334,587,1,Directed
334,591,18,Directed
334,602,1,Directed
334,607,124,Directed
334,609,9,Directed
334,612,26,Directed
334,617,29,Directed
334,628,2,Directed
334,629,5,Directed
334,630,2,Directed
334,633,6,Directed
334,638,24,Directed
334,646,2,Directed
334,663,1,Directed
334,671,9,Directed
334,684,3,Directed
334,687,100,Directed
334,692,94,Directed
334,693,2,Directed
334,696,53,Directed
334,700,9,Directed
334,718,32,Directed
334,720,2,Directed
334,724,1,Directed
334,731,2,Directed
334,739,1,Directed
334,742,32,Directed
334,746,47,Directed
334,749,10,Directed
334,752,1,Directed
334,762,1,Directed
334,763,1,Directed
334,765,1,Directed
334,768,4,Directed
334,772,33,Directed
334,775,5,Directed
334,776,43,Directed
334,783,1,Directed
334,789,1,Directed
334,807,1,Directed
334,809,1,Directed
334,811,1,Directed
334,812,2,Directed
334,833,3,Directed
334,834,1,Directed
334,835,1,Directed
334,843,2,Directed
334,850,1,Directed
334,851,10,Directed
334,879,2,Directed
334,890,6,Directed
334,891,1,Directed
334,900,1,Directed
334,910,6,Directed
334,915,18,Directed
334,920,5,Directed
334,923,48,Directed
334,926,8,Directed
334,940,3,Directed
334,948,1,Directed
334,962,1,Directed
334,963,1,Directed
334,978,1,Directed
334,980,3,Directed
334,987,7,Directed
334,993,1,Directed
334,994,6,Directed
334,995,16,Directed
334,997,2,Directed
334,1003,3,Directed
335,2,15,Directed
335,5,41,Directed
335,29,40,Directed
335,53,2,Directed
335,65,2,Directed
335,90,3,Directed
335,107,88,Directed
335,118,60,Directed
335,119,10,Directed
335,175,34,Directed
335,192,13,Directed
335,193,1,Directed
335,201,32,Directed
335,208,36,Directed
335,228,7,Directed
335,235,1,Directed
335,236,29,Directed
335,262,3,Directed
335,289,12,Directed
335,381,51,Directed
335,385,5,Directed
335,440,11,Directed
335,464,53,Directed
335,468,32,Directed
335,516,13,Directed
335,528,4,Directed
335,532,64,Directed
335,537,69,Directed
335,553,39,Directed
335,591,1,Directed
335,607,2,Directed
335,609,1,Directed
335,639,1,Directed
335,643,42,Directed
335,657,3,Directed
335,664,59,Directed
335,670,46,Directed
335,687,3,Directed
335,688,44,Directed
335,700,5,Directed
335,726,2,Directed
335,737,58,Directed
335,790,9,Directed
335,808,23,Directed
335,810,63,Directed
335,867,11,Directed
335,890,3,Directed
335,898,9,Directed
335,899,41,Directed
335,923,3,Directed
335,941,1,Directed
335,951,1,Directed
335,980,56,Directed
335,985,25,Directed
335,1004,34,Directed
336,147,1,Directed
336,285,8,Directed
336,700,1,Directed
336,715,1,Directed
337,1,7,Directed
337,32,4,Directed
337,38,9,Directed
337,42,7,Directed
337,46,2,Directed
337,61,1,Directed
337,84,5,Directed
337,96,2,Directed
337,97,3,Directed
337,106,5,Directed
337,113,3,Directed
337,125,2,Directed
337,132,5,Directed
337,135,25,Directed
337,164,2,Directed
337,170,2,Directed
337,187,4,Directed
337,223,1,Directed
337,299,3,Directed
337,310,5,Directed
337,320,14,Directed
337,322,5,Directed
337,323,3,Directed
337,324,6,Directed
337,378,3,Directed
337,388,2,Directed
337,477,1,Directed
337,479,4,Directed
337,502,2,Directed
337,505,88,Directed
337,509,11,Directed
337,510,4,Directed
337,514,5,Directed
337,528,2,Directed
337,534,1,Directed
337,548,1,Directed
337,581,8,Directed
337,586,1,Directed
337,591,2,Directed
337,603,9,Directed
337,607,5,Directed
337,612,1,Directed
337,617,1,Directed
337,628,2,Directed
337,634,11,Directed
337,638,11,Directed
337,646,3,Directed
337,649,7,Directed
337,663,12,Directed
337,676,1,Directed
337,692,1,Directed
337,695,7,Directed
337,700,1,Directed
337,718,1,Directed
337,735,2,Directed
337,740,1,Directed
337,780,7,Directed
337,788,1,Directed
337,822,5,Directed
337,832,4,Directed
337,853,4,Directed
337,854,5,Directed
337,870,5,Directed
337,904,3,Directed
337,919,18,Directed
337,927,2,Directed
337,935,1,Directed
337,936,12,Directed
337,939,1,Directed
337,942,6,Directed
337,950,1,Directed
338,28,3,Directed
338,53,1,Directed
338,58,3,Directed
338,61,1,Directed
338,65,1,Directed
338,68,1,Directed
338,75,1,Directed
338,90,1,Directed
338,95,1,Directed
338,120,1,Directed
338,193,16,Directed
338,196,1,Directed
338,226,1,Directed
338,231,29,Directed
338,245,6,Directed
338,264,6,Directed
338,278,1,Directed
338,329,6,Directed
338,415,5,Directed
338,427,1,Directed
338,433,9,Directed
338,531,1,Directed
338,540,23,Directed
338,581,1,Directed
338,582,1,Directed
338,591,1,Directed
338,609,1,Directed
338,617,1,Directed
338,624,14,Directed
338,633,2,Directed
338,641,2,Directed
338,687,2,Directed
338,692,7,Directed
338,700,1,Directed
338,773,2,Directed
338,789,2,Directed
338,801,2,Directed
338,840,1,Directed
338,849,6,Directed
338,873,1,Directed
338,890,1,Directed
338,922,1,Directed
338,951,6,Directed
338,955,1,Directed
338,987,4,Directed
338,994,6,Directed
341,135,3,Directed
341,136,4,Directed
341,200,5,Directed
341,383,1,Directed
341,739,6,Directed
341,915,32,Directed
341,942,5,Directed
343,38,4,Directed
343,46,1,Directed
343,53,4,Directed
343,61,2,Directed
343,69,6,Directed
343,70,14,Directed
343,84,3,Directed
343,88,3,Directed
343,90,1,Directed
343,91,2,Directed
343,103,5,Directed
343,120,1,Directed
343,139,1,Directed
343,159,4,Directed
343,164,2,Directed
343,214,5,Directed
343,223,56,Directed
343,229,5,Directed
343,299,2,Directed
343,303,15,Directed
343,306,1,Directed
343,310,65,Directed
343,322,82,Directed
343,323,1,Directed
343,324,3,Directed
343,329,9,Directed
343,334,1,Directed
343,337,1,Directed
343,368,8,Directed
343,388,17,Directed
343,399,48,Directed
343,427,1,Directed
343,429,1,Directed
343,528,1,Directed
343,534,37,Directed
343,587,3,Directed
343,591,2,Directed
343,607,1,Directed
343,609,1,Directed
343,612,1,Directed
343,624,1,Directed
343,633,3,Directed
343,638,4,Directed
343,649,1,Directed
343,663,153,Directed
343,706,3,Directed
343,735,1,Directed
343,740,3,Directed
343,749,10,Directed
343,822,1,Directed
343,853,23,Directed
343,863,1,Directed
343,879,6,Directed
343,939,1,Directed
343,943,9,Directed
343,950,54,Directed
343,993,2,Directed
344,31,1,Directed
344,48,1,Directed
344,67,95,Directed
344,136,8,Directed
344,142,1,Directed
344,165,148,Directed
344,200,24,Directed
344,267,1,Directed
344,316,1,Directed
344,373,83,Directed
344,543,11,Directed
344,838,15,Directed
344,952,26,Directed
344,971,9,Directed
345,479,2,Directed
346,96,1,Directed
346,139,1,Directed
346,299,2,Directed
346,376,1,Directed
346,388,1,Directed
346,509,1,Directed
346,559,4,Directed
346,634,4,Directed
346,638,3,Directed
346,832,3,Directed
347,2,2,Directed
347,90,1,Directed
347,134,2,Directed
347,147,54,Directed
347,157,23,Directed
347,168,2,Directed
347,171,41,Directed
347,230,1,Directed
347,257,1,Directed
347,277,8,Directed
347,285,2,Directed
347,308,2,Directed
347,319,1,Directed
347,332,6,Directed
347,355,8,Directed
347,472,11,Directed
347,575,1,Directed
347,577,9,Directed
347,590,10,Directed
347,686,4,Directed
347,700,1,Directed
347,715,8,Directed
347,748,7,Directed
347,790,4,Directed
347,912,4,Directed
347,926,5,Directed
347,931,1,Directed
347,933,89,Directed
347,935,1,Directed
347,966,41,Directed
347,972,2,Directed
348,72,1,Directed
348,984,1,Directed
349,31,2,Directed
349,92,11,Directed
349,165,1,Directed
349,207,6,Directed
349,224,17,Directed
349,267,1,Directed
349,281,2,Directed
349,316,9,Directed
349,376,1,Directed
349,428,18,Directed
349,724,3,Directed
349,838,16,Directed
349,888,4,Directed
349,915,1,Directed
349,953,7,Directed
349,976,112,Directed
349,990,3,Directed
350,231,2,Directed
351,17,1,Directed
351,31,4,Directed
351,92,4,Directed
351,136,4,Directed
351,142,5,Directed
351,165,4,Directed
351,200,5,Directed
351,224,1,Directed
351,302,4,Directed
351,316,8,Directed
351,344,2,Directed
351,349,1,Directed
351,428,4,Directed
351,543,4,Directed
351,647,4,Directed
351,806,2,Directed
351,838,2,Directed
351,857,7,Directed
351,888,2,Directed
351,915,5,Directed
351,952,4,Directed
351,953,4,Directed
351,971,4,Directed
351,990,4,Directed
353,21,2,Directed
353,24,1,Directed
353,181,6,Directed
353,185,3,Directed
353,190,34,Directed
353,239,1,Directed
353,267,3,Directed
353,274,5,Directed
353,373,6,Directed
353,391,32,Directed
353,630,5,Directed
353,656,6,Directed
353,750,4,Directed
353,838,1,Directed
353,891,184,Directed
353,920,10,Directed
353,951,2,Directed
353,957,3,Directed
355,129,1,Directed
355,147,1,Directed
355,171,1,Directed
355,277,4,Directed
355,347,1,Directed
355,577,9,Directed
355,590,1,Directed
355,686,3,Directed
355,715,1,Directed
355,933,2,Directed
356,30,142,Directed
356,37,8,Directed
356,52,124,Directed
356,61,58,Directed
356,62,2,Directed
356,65,2,Directed
356,74,15,Directed
356,77,24,Directed
356,90,44,Directed
356,91,7,Directed
356,104,11,Directed
356,109,15,Directed
356,111,2,Directed
356,112,83,Directed
356,120,6,Directed
356,126,61,Directed
356,133,17,Directed
356,134,5,Directed
356,157,24,Directed
356,159,6,Directed
356,166,74,Directed
356,168,325,Directed
356,182,1,Directed
356,209,183,Directed
356,214,9,Directed
356,229,2,Directed
356,232,57,Directed
356,250,14,Directed
356,256,136,Directed
356,260,9,Directed
356,266,3,Directed
356,294,3,Directed
356,305,12,Directed
356,306,1,Directed
356,313,259,Directed
356,318,3,Directed
356,332,9,Directed
356,334,6,Directed
356,340,1,Directed
356,362,1,Directed
356,383,7,Directed
356,415,1,Directed
356,416,107,Directed
356,425,118,Directed
356,435,11,Directed
356,439,3,Directed
356,447,6,Directed
356,450,2,Directed
356,462,7,Directed
356,472,753,Directed
356,499,1,Directed
356,500,13,Directed
356,502,11,Directed
356,505,2,Directed
356,515,14,Directed
356,516,1,Directed
356,517,80,Directed
356,528,3,Directed
356,530,5,Directed
356,534,1,Directed
356,535,8,Directed
356,542,25,Directed
356,550,3,Directed
356,557,8,Directed
356,569,4,Directed
356,573,7,Directed
356,574,15,Directed
356,586,98,Directed
356,591,14,Directed
356,602,133,Directed
356,607,21,Directed
356,617,2,Directed
356,629,1,Directed
356,633,1,Directed
356,648,67,Directed
356,671,2,Directed
356,674,3,Directed
356,684,24,Directed
356,687,23,Directed
356,696,2,Directed
356,699,2,Directed
356,704,1,Directed
356,718,36,Directed
356,721,33,Directed
356,730,207,Directed
356,742,3,Directed
356,743,164,Directed
356,744,19,Directed
356,746,1,Directed
356,762,35,Directed
356,765,306,Directed
356,770,2,Directed
356,772,3,Directed
356,775,1,Directed
356,776,3,Directed
356,782,9,Directed
356,790,24,Directed
356,813,1,Directed
356,851,1,Directed
356,854,2,Directed
356,859,1,Directed
356,868,85,Directed
356,885,1,Directed
356,889,1,Directed
356,912,414,Directed
356,915,6,Directed
356,923,5,Directed
356,927,3,Directed
356,946,16,Directed
356,948,135,Directed
356,949,6,Directed
356,980,1,Directed
356,984,7,Directed
357,217,1,Directed
360,24,2,Directed
360,160,2,Directed
360,170,1,Directed
360,189,1,Directed
360,280,2,Directed
360,454,1,Directed
360,493,2,Directed
360,526,7,Directed
360,530,7,Directed
360,543,1,Directed
360,547,1,Directed
360,561,2,Directed
360,569,1,Directed
360,629,9,Directed
360,630,3,Directed
360,631,1,Directed
360,658,1,Directed
360,697,3,Directed
360,891,9,Directed
360,902,1,Directed
360,936,1,Directed
361,90,1,Directed
361,226,2,Directed
361,364,1,Directed
361,591,1,Directed
361,687,1,Directed
361,700,1,Directed
361,840,1,Directed
361,994,1,Directed
362,4,6,Directed
362,5,1,Directed
362,8,1,Directed
362,12,1,Directed
362,16,1,Directed
362,26,3,Directed
362,29,1,Directed
362,30,3,Directed
362,31,1,Directed
362,35,3,Directed
362,61,2,Directed
362,74,1,Directed
362,82,2,Directed
362,104,2,Directed
362,105,1,Directed
362,111,1,Directed
362,118,1,Directed
362,126,9,Directed
362,135,13,Directed
362,141,8,Directed
362,143,2,Directed
362,149,3,Directed
362,152,7,Directed
362,157,2,Directed
362,166,2,Directed
362,167,6,Directed
362,168,18,Directed
362,171,1,Directed
362,178,1,Directed
362,181,1,Directed
362,184,2,Directed
362,188,5,Directed
362,189,12,Directed
362,191,1,Directed
362,192,3,Directed
362,200,1,Directed
362,201,3,Directed
362,207,2,Directed
362,216,4,Directed
362,220,2,Directed
362,225,1,Directed
362,228,4,Directed
362,246,1,Directed
362,249,2,Directed
362,254,1,Directed
362,256,1,Directed
362,267,1,Directed
362,272,1,Directed
362,280,8,Directed
362,283,2,Directed
362,293,2,Directed
362,299,1,Directed
362,301,1,Directed
362,306,4,Directed
362,310,1,Directed
362,316,1,Directed
362,318,3,Directed
362,324,14,Directed
362,332,1,Directed
362,333,1,Directed
362,335,1,Directed
362,343,1,Directed
362,356,3,Directed
362,360,1,Directed
362,369,2,Directed
362,371,31,Directed
362,372,2,Directed
362,377,1,Directed
362,381,2,Directed
362,383,144,Directed
362,392,1,Directed
362,421,4,Directed
362,423,1,Directed
362,424,1,Directed
362,428,10,Directed
362,444,1,Directed
362,450,3,Directed
362,464,4,Directed
362,469,1,Directed
362,484,1,Directed
362,485,3,Directed
362,486,2,Directed
362,491,3,Directed
362,502,10,Directed
362,512,2,Directed
362,514,1,Directed
362,517,3,Directed
362,526,2,Directed
362,528,3,Directed
362,535,1,Directed
362,538,6,Directed
362,542,2,Directed
362,547,6,Directed
362,561,4,Directed
362,563,2,Directed
362,565,2,Directed
362,568,2,Directed
362,573,1,Directed
362,580,1,Directed
362,585,2,Directed
362,586,4,Directed
362,595,1,Directed
362,599,1,Directed
362,602,1,Directed
362,605,3,Directed
362,609,2,Directed
362,613,4,Directed
362,618,2,Directed
362,628,1,Directed
362,637,3,Directed
362,645,1,Directed
362,647,1,Directed
362,658,1,Directed
362,659,3,Directed
362,660,4,Directed
362,661,2,Directed
362,662,2,Directed
362,664,3,Directed
362,669,2,Directed
362,670,1,Directed
362,671,1,Directed
362,672,1,Directed
362,688,1,Directed
362,695,19,Directed
362,704,2,Directed
362,716,5,Directed
362,718,1,Directed
362,719,1,Directed
362,724,2,Directed
362,731,5,Directed
362,758,1,Directed
362,759,5,Directed
362,765,3,Directed
362,770,1,Directed
362,771,17,Directed
362,784,1,Directed
362,795,2,Directed
362,802,5,Directed
362,803,1,Directed
362,808,1,Directed
362,812,8,Directed
362,841,2,Directed
362,849,1,Directed
362,854,14,Directed
362,857,3,Directed
362,862,1,Directed
362,866,3,Directed
362,868,6,Directed
362,870,16,Directed
362,891,1,Directed
362,900,2,Directed
362,901,1,Directed
362,909,21,Directed
362,912,8,Directed
362,915,2,Directed
362,918,3,Directed
362,922,8,Directed
362,925,1,Directed
362,946,1,Directed
362,952,3,Directed
362,953,1,Directed
362,954,7,Directed
362,957,1,Directed
362,969,1,Directed
362,971,2,Directed
362,974,2,Directed
362,978,1,Directed
362,980,3,Directed
362,984,2,Directed
362,990,4,Directed
362,993,3,Directed
365,0,2,Directed
365,6,1,Directed
365,14,8,Directed
365,32,1,Directed
365,53,1,Directed
365,118,29,Directed
365,127,3,Directed
365,189,7,Directed
365,281,1,Directed
365,293,1,Directed
365,377,7,Directed
365,393,1,Directed
365,410,1,Directed
365,457,2,Directed
365,522,2,Directed
365,528,1,Directed
365,595,1,Directed
365,687,1,Directed
365,716,5,Directed
365,718,2,Directed
365,732,15,Directed
365,866,14,Directed
365,977,1,Directed
366,972,7,Directed
367,40,7,Directed
367,65,5,Directed
367,70,8,Directed
367,107,11,Directed
367,127,6,Directed
367,135,1,Directed
367,147,7,Directed
367,151,1,Directed
367,157,2,Directed
367,160,6,Directed
367,171,1,Directed
367,178,15,Directed
367,190,7,Directed
367,214,11,Directed
367,220,11,Directed
367,243,2,Directed
367,248,1,Directed
367,280,1,Directed
367,290,1,Directed
367,316,19,Directed
367,324,10,Directed
367,334,7,Directed
367,356,1,Directed
367,371,5,Directed
367,425,3,Directed
367,428,1,Directed
367,435,7,Directed
367,472,1,Directed
367,499,8,Directed
367,502,3,Directed
367,517,1,Directed
367,518,2,Directed
367,528,2,Directed
367,530,6,Directed
367,534,2,Directed
367,535,1,Directed
367,542,1,Directed
367,544,11,Directed
367,557,5,Directed
367,569,9,Directed
367,586,1,Directed
367,609,2,Directed
367,613,1,Directed
367,614,1,Directed
367,629,12,Directed
367,671,1,Directed
367,684,7,Directed
367,692,6,Directed
367,696,3,Directed
367,703,1,Directed
367,712,1,Directed
367,713,2,Directed
367,718,1,Directed
367,720,13,Directed
367,731,6,Directed
367,738,5,Directed
367,739,1,Directed
367,742,3,Directed
367,743,5,Directed
367,775,1,Directed
367,776,7,Directed
367,783,1,Directed
367,809,2,Directed
367,812,2,Directed
367,834,1,Directed
367,835,5,Directed
367,836,1,Directed
367,841,1,Directed
367,844,5,Directed
367,850,6,Directed
367,851,2,Directed
367,852,5,Directed
367,865,11,Directed
367,868,5,Directed
367,887,1,Directed
367,915,1,Directed
367,920,6,Directed
367,923,1,Directed
367,927,6,Directed
367,940,12,Directed
367,946,14,Directed
367,948,3,Directed
367,951,4,Directed
367,963,11,Directed
367,978,6,Directed
367,987,13,Directed
367,997,7,Directed
368,1,1,Directed
368,42,1,Directed
368,46,1,Directed
368,103,2,Directed
368,164,1,Directed
368,223,2,Directed
368,303,3,Directed
368,310,7,Directed
368,322,8,Directed
368,343,7,Directed
368,399,2,Directed
368,663,1,Directed
368,879,8,Directed
368,943,1,Directed
368,950,4,Directed
369,46,2,Directed
369,62,32,Directed
369,77,16,Directed
369,112,1,Directed
369,132,1,Directed
369,139,3,Directed
369,159,2,Directed
369,168,4,Directed
369,232,1,Directed
369,235,1,Directed
369,250,25,Directed
369,263,18,Directed
369,275,4,Directed
369,323,2,Directed
369,324,1,Directed
369,392,9,Directed
369,407,18,Directed
369,423,4,Directed
369,444,11,Directed
369,485,17,Directed
369,513,33,Directed
369,518,3,Directed
369,535,91,Directed
369,542,2,Directed
369,551,2,Directed
369,556,1,Directed
369,582,1,Directed
369,586,1,Directed
369,646,5,Directed
369,700,1,Directed
369,770,1,Directed
369,801,1,Directed
369,823,16,Directed
369,832,4,Directed
369,854,1,Directed
369,913,62,Directed
369,936,1,Directed
369,951,5,Directed
371,4,22,Directed
371,82,1,Directed
371,120,2,Directed
371,135,11,Directed
371,136,1,Directed
371,185,1,Directed
371,214,1,Directed
371,267,1,Directed
371,362,1,Directed
371,415,1,Directed
371,441,11,Directed
371,522,1,Directed
371,528,2,Directed
371,572,1,Directed
371,581,3,Directed
371,628,1,Directed
371,700,1,Directed
371,720,4,Directed
371,860,2,Directed
371,870,4,Directed
371,909,1,Directed
371,951,1,Directed
372,114,2,Directed
372,149,57,Directed
372,169,81,Directed
372,239,1,Directed
372,325,1,Directed
372,404,125,Directed
372,415,8,Directed
372,558,2,Directed
372,572,12,Directed
372,595,103,Directed
372,609,2,Directed
372,700,2,Directed
372,716,5,Directed
372,718,1,Directed
372,934,63,Directed
372,951,8,Directed
373,316,1,Directed
374,46,2,Directed
374,105,54,Directed
374,137,1,Directed
374,213,4,Directed
374,229,8,Directed
374,306,21,Directed
374,317,21,Directed
374,400,12,Directed
374,443,1,Directed
374,659,6,Directed
374,660,2,Directed
374,742,9,Directed
374,752,1,Directed
374,784,2,Directed
374,790,3,Directed
374,864,1,Directed
374,953,7,Directed
374,957,2,Directed
376,70,1,Directed
376,139,2,Directed
376,143,1,Directed
376,169,1,Directed
376,189,1,Directed
376,264,1,Directed
376,314,1,Directed
376,349,1,Directed
376,559,1,Directed
376,601,1,Directed
376,634,1,Directed
376,676,1,Directed
376,718,1,Directed
376,731,3,Directed
376,832,4,Directed
376,919,1,Directed
376,969,1,Directed
376,976,1,Directed
377,2,3,Directed
377,5,1,Directed
377,16,5,Directed
377,19,1,Directed
377,29,2,Directed
377,32,1,Directed
377,53,3,Directed
377,59,1,Directed
377,61,3,Directed
377,65,5,Directed
377,68,1,Directed
377,75,1,Directed
377,90,2,Directed
377,101,68,Directed
377,114,2,Directed
377,127,10,Directed
377,149,7,Directed
377,159,3,Directed
377,184,1,Directed
377,189,8,Directed
377,243,2,Directed
377,246,40,Directed
377,249,1,Directed
377,275,1,Directed
377,281,4,Directed
377,293,2,Directed
377,362,3,Directed
377,364,2,Directed
377,365,2,Directed
377,367,1,Directed
377,393,9,Directed
377,410,3,Directed
377,422,59,Directed
377,423,67,Directed
377,450,2,Directed
377,457,69,Directed
377,479,2,Directed
377,502,2,Directed
377,506,5,Directed
377,522,2,Directed
377,528,3,Directed
377,530,9,Directed
377,566,1,Directed
377,580,1,Directed
377,586,4,Directed
377,605,11,Directed
377,607,12,Directed
377,630,39,Directed
377,681,1,Directed
377,685,3,Directed
377,687,3,Directed
377,696,12,Directed
377,700,3,Directed
377,708,3,Directed
377,711,1,Directed
377,716,26,Directed
377,718,84,Directed
377,724,7,Directed
377,729,71,Directed
377,731,9,Directed
377,738,7,Directed
377,754,2,Directed
377,772,4,Directed
377,866,65,Directed
377,883,2,Directed
377,951,3,Directed
377,977,2,Directed
379,187,1,Directed
379,272,4,Directed
379,466,1,Directed
379,568,48,Directed
379,662,4,Directed
379,900,2,Directed
379,996,1,Directed
381,5,5,Directed
381,6,1,Directed
381,14,5,Directed
381,29,36,Directed
381,90,1,Directed
381,107,90,Directed
381,178,3,Directed
381,189,2,Directed
381,192,108,Directed
381,199,2,Directed
381,236,2,Directed
381,270,2,Directed
381,327,139,Directed
381,335,26,Directed
381,468,9,Directed
381,502,1,Directed
381,506,16,Directed
381,532,131,Directed
381,537,4,Directed
381,541,1,Directed
381,553,4,Directed
381,576,2,Directed
381,591,1,Directed
381,643,14,Directed
381,658,4,Directed
381,664,3,Directed
381,666,1,Directed
381,670,28,Directed
381,702,4,Directed
381,738,1,Directed
381,761,10,Directed
381,783,1,Directed
381,810,23,Directed
381,881,1,Directed
381,921,3,Directed
381,924,1,Directed
381,980,8,Directed
381,1001,4,Directed
383,5,1,Directed
383,25,1,Directed
383,40,2,Directed
383,42,3,Directed
383,61,2,Directed
383,68,1,Directed
383,70,1,Directed
383,74,1,Directed
383,95,1,Directed
383,107,5,Directed
383,133,1,Directed
383,135,3,Directed
383,141,3,Directed
383,163,1,Directed
383,166,5,Directed
383,167,1,Directed
383,179,2,Directed
383,181,1,Directed
383,185,1,Directed
383,205,5,Directed
383,220,14,Directed
383,229,1,Directed
383,236,4,Directed
383,251,1,Directed
383,293,2,Directed
383,306,1,Directed
383,311,4,Directed
383,315,1,Directed
383,321,1,Directed
383,333,1,Directed
383,356,6,Directed
383,362,134,Directed
383,388,2,Directed
383,418,1,Directed
383,421,2,Directed
383,422,1,Directed
383,428,1,Directed
383,444,2,Directed
383,469,1,Directed
383,477,1,Directed
383,499,7,Directed
383,500,3,Directed
383,518,3,Directed
383,526,5,Directed
383,528,37,Directed
383,530,1,Directed
383,531,4,Directed
383,532,3,Directed
383,568,1,Directed
383,577,2,Directed
383,580,2,Directed
383,586,64,Directed
383,589,38,Directed
383,595,1,Directed
383,597,1,Directed
383,624,2,Directed
383,628,2,Directed
383,644,1,Directed
383,646,1,Directed
383,669,1,Directed
383,716,1,Directed
383,720,114,Directed
383,731,1,Directed
383,732,4,Directed
383,742,2,Directed
383,765,3,Directed
383,769,1,Directed
383,807,1,Directed
383,810,1,Directed
383,850,3,Directed
383,851,1,Directed
383,854,1,Directed
383,867,4,Directed
383,868,1,Directed
383,887,17,Directed
383,890,1,Directed
383,891,3,Directed
383,909,27,Directed
383,912,3,Directed
383,913,1,Directed
383,922,17,Directed
383,941,1,Directed
383,942,1,Directed
383,952,1,Directed
383,996,3,Directed
383,1001,1,Directed
387,114,1,Directed
387,167,1,Directed
387,169,1,Directed
387,383,1,Directed
387,445,1,Directed
387,484,1,Directed
387,667,1,Directed
387,676,1,Directed
387,730,1,Directed
387,795,1,Directed
387,851,4,Directed
387,957,1,Directed
387,978,2,Directed
388,2,1,Directed
388,38,1,Directed
388,61,6,Directed
388,70,14,Directed
388,84,1,Directed
388,90,9,Directed
388,96,10,Directed
388,120,3,Directed
388,132,10,Directed
388,159,2,Directed
388,178,9,Directed
388,189,1,Directed
388,214,1,Directed
388,280,6,Directed
388,299,19,Directed
388,310,1,Directed
388,322,8,Directed
388,324,2,Directed
388,337,3,Directed
388,343,5,Directed
388,383,3,Directed
388,427,1,Directed
388,491,1,Directed
388,502,6,Directed
388,509,7,Directed
388,528,2,Directed
388,534,30,Directed
388,550,4,Directed
388,565,1,Directed
388,591,5,Directed
388,607,3,Directed
388,612,5,Directed
388,634,5,Directed
388,638,37,Directed
388,663,1,Directed
388,687,1,Directed
388,718,4,Directed
388,742,6,Directed
388,771,1,Directed
388,790,2,Directed
388,832,21,Directed
388,843,1,Directed
388,851,1,Directed
388,853,2,Directed
388,862,1,Directed
388,900,1,Directed
388,923,1,Directed
388,951,5,Directed
389,471,1,Directed
389,528,1,Directed
389,913,1,Directed
390,203,3,Directed
390,400,1,Directed
390,742,2,Directed
390,771,21,Directed
390,784,65,Directed
390,851,4,Directed
391,67,1,Directed
391,274,1,Directed
391,288,134,Directed
391,353,107,Directed
391,373,163,Directed
391,445,27,Directed
391,484,44,Directed
391,610,32,Directed
391,750,20,Directed
391,891,4,Directed
392,2,2,Directed
392,61,2,Directed
392,74,37,Directed
392,90,2,Directed
392,112,28,Directed
392,166,13,Directed
392,267,28,Directed
392,316,70,Directed
392,369,4,Directed
392,517,6,Directed
392,630,10,Directed
392,674,40,Directed
392,685,1,Directed
392,696,3,Directed
392,803,4,Directed
392,838,1,Directed
392,948,6,Directed
393,16,3,Directed
393,61,5,Directed
393,107,13,Directed
393,201,2,Directed
393,236,3,Directed
393,243,2,Directed
393,249,4,Directed
393,377,10,Directed
393,522,1,Directed
393,754,2,Directed
393,843,21,Directed
393,883,1,Directed
393,980,1,Directed
393,1004,3,Directed
395,38,1,Directed
395,378,1,Directed
395,402,1,Directed
395,505,2,Directed
395,514,9,Directed
395,735,1,Directed
395,780,1,Directed
395,943,1,Directed
396,761,14,Directed
396,804,1,Directed
397,90,2,Directed
397,229,2,Directed
397,299,1,Directed
397,316,2,Directed
397,607,1,Directed
397,671,32,Directed
397,687,1,Directed
397,835,1,Directed
397,891,5,Directed
397,975,38,Directed
397,995,1,Directed
398,61,4,Directed
398,159,2,Directed
398,450,7,Directed
398,602,1,Directed
398,712,40,Directed
398,772,1,Directed
398,775,1,Directed
398,900,2,Directed
399,1,1,Directed
399,46,10,Directed
399,70,3,Directed
399,76,10,Directed
399,88,1,Directed
399,106,2,Directed
399,132,1,Directed
399,139,1,Directed
399,194,1,Directed
399,303,1,Directed
399,310,1,Directed
399,322,4,Directed
399,323,2,Directed
399,343,36,Directed
399,427,3,Directed
399,474,1,Directed
399,480,2,Directed
399,612,1,Directed
399,943,3,Directed
399,950,3,Directed
399,955,1,Directed
399,962,1,Directed
399,977,5,Directed
399,1001,3,Directed
400,83,3,Directed
400,306,3,Directed
400,318,4,Directed
400,374,18,Directed
400,390,2,Directed
400,659,1,Directed
400,769,1,Directed
400,784,2,Directed
400,807,2,Directed
400,813,9,Directed
400,832,2,Directed
401,98,344,Directed
401,165,520,Directed
401,257,1,Directed
401,268,1,Directed
401,278,2,Directed
401,291,306,Directed
401,415,607,Directed
401,429,692,Directed
401,454,420,Directed
401,683,30,Directed
401,1003,1,Directed
402,42,21,Directed
402,50,4,Directed
402,69,1,Directed
402,88,1,Directed
402,103,1,Directed
402,106,6,Directed
402,125,1,Directed
402,139,5,Directed
402,164,14,Directed
402,206,1,Directed
402,299,1,Directed
402,310,1,Directed
402,324,3,Directed
402,343,1,Directed
402,395,1,Directed
402,399,1,Directed
402,474,1,Directed
402,477,1,Directed
402,510,1,Directed
402,514,1,Directed
402,534,3,Directed
402,603,1,Directed
402,622,1,Directed
402,634,14,Directed
402,649,4,Directed
402,676,1,Directed
402,735,1,Directed
402,788,14,Directed
402,832,3,Directed
402,879,1,Directed
402,943,2,Directed
402,950,8,Directed
403,0,2,Directed
403,114,2,Directed
403,410,1,Directed
403,890,1,Directed
403,929,1,Directed
403,977,2,Directed
404,55,3,Directed
404,78,3,Directed
404,149,1,Directed
404,169,11,Directed
404,249,2,Directed
404,372,43,Directed
404,419,2,Directed
404,506,2,Directed
404,595,52,Directed
404,607,1,Directed
404,688,2,Directed
404,718,2,Directed
404,732,1,Directed
404,772,2,Directed
405,135,11,Directed
405,267,1,Directed
405,581,1,Directed
405,628,4,Directed
406,12,3,Directed
406,15,7,Directed
406,422,7,Directed
406,469,1,Directed
406,527,2,Directed
406,680,9,Directed
406,696,1,Directed
406,731,3,Directed
407,16,3,Directed
407,19,2,Directed
407,127,1,Directed
407,159,1,Directed
407,184,7,Directed
407,225,6,Directed
407,299,1,Directed
407,369,13,Directed
407,423,1,Directed
407,538,2,Directed
407,732,1,Directed
407,754,4,Directed
407,779,12,Directed
407,843,49,Directed
407,883,6,Directed
407,896,1,Directed
407,907,4,Directed
407,936,1,Directed
407,951,1,Directed
407,1004,3,Directed
408,136,1,Directed
408,428,1,Directed
408,847,1,Directed
409,6,1,Directed
409,78,4,Directed
409,178,1,Directed
409,249,1,Directed
409,293,1,Directed
409,470,3,Directed
409,506,4,Directed
409,569,1,Directed
409,580,1,Directed
409,599,8,Directed
409,638,1,Directed
409,710,1,Directed
409,724,1,Directed
409,767,5,Directed
409,789,1,Directed
409,862,2,Directed
409,923,1,Directed
409,976,1,Directed
409,977,3,Directed
410,0,4,Directed
410,6,3,Directed
410,14,37,Directed
410,16,48,Directed
410,31,4,Directed
410,32,3,Directed
410,38,3,Directed
410,56,17,Directed
410,76,24,Directed
410,78,2,Directed
410,114,2,Directed
410,122,30,Directed
410,127,4,Directed
410,143,8,Directed
410,149,1,Directed
410,153,38,Directed
410,175,30,Directed
410,184,6,Directed
410,189,104,Directed
410,195,3,Directed
410,201,1,Directed
410,208,2,Directed
410,236,2,Directed
410,249,9,Directed
410,251,31,Directed
410,293,4,Directed
410,365,1,Directed
410,376,1,Directed
410,377,1,Directed
410,422,2,Directed
410,423,1,Directed
410,433,31,Directed
410,470,1,Directed
410,482,30,Directed
410,497,1,Directed
410,502,1,Directed
410,541,30,Directed
410,595,5,Directed
410,607,1,Directed
410,638,2,Directed
410,650,46,Directed
410,652,2,Directed
410,658,2,Directed
410,663,27,Directed
410,687,1,Directed
410,696,6,Directed
410,700,2,Directed
410,716,3,Directed
410,718,4,Directed
410,719,50,Directed
410,724,1,Directed
410,767,5,Directed
410,777,31,Directed
410,779,1,Directed
410,815,2,Directed
410,832,7,Directed
410,837,30,Directed
410,862,2,Directed
410,883,2,Directed
410,896,1,Directed
410,904,1,Directed
410,923,1,Directed
410,924,30,Directed
410,929,3,Directed
410,951,3,Directed
410,969,33,Directed
410,976,4,Directed
410,977,49,Directed
410,994,35,Directed
410,996,4,Directed
410,1001,31,Directed
410,1004,4,Directed
413,90,1,Directed
413,120,1,Directed
413,157,2,Directed
413,191,1,Directed
413,214,1,Directed
413,221,1,Directed
413,550,1,Directed
413,607,1,Directed
413,668,2,Directed
413,684,1,Directed
413,692,3,Directed
413,696,1,Directed
413,700,2,Directed
413,746,70,Directed
413,752,1,Directed
413,813,3,Directed
413,844,1,Directed
413,900,1,Directed
413,926,1,Directed
413,927,6,Directed
413,935,62,Directed
413,992,1,Directed
414,6,1,Directed
414,8,12,Directed
414,24,1,Directed
414,135,1,Directed
414,157,1,Directed
414,159,1,Directed
414,278,1,Directed
414,327,14,Directed
414,329,1,Directed
414,364,2,Directed
414,391,1,Directed
414,445,3,Directed
414,506,4,Directed
414,530,6,Directed
414,563,6,Directed
414,572,5,Directed
414,591,3,Directed
414,607,6,Directed
414,684,1,Directed
414,687,9,Directed
414,692,2,Directed
414,718,1,Directed
414,731,1,Directed
414,739,1,Directed
414,746,7,Directed
414,891,202,Directed
414,923,4,Directed
414,980,1,Directed
414,995,16,Directed
415,40,12,Directed
415,61,3,Directed
415,65,2,Directed
415,70,14,Directed
415,75,5,Directed
415,82,1,Directed
415,89,2,Directed
415,90,1,Directed
415,91,15,Directed
415,92,1,Directed
415,107,9,Directed
415,127,19,Directed
415,135,3,Directed
415,147,6,Directed
415,150,91,Directed
415,157,15,Directed
415,178,24,Directed
415,185,5,Directed
415,189,1,Directed
415,190,4,Directed
415,191,55,Directed
415,193,1,Directed
415,214,2,Directed
415,223,17,Directed
415,229,4,Directed
415,231,4,Directed
415,232,2,Directed
415,233,4,Directed
415,241,2,Directed
415,245,1,Directed
415,248,15,Directed
415,250,4,Directed
415,257,2,Directed
415,278,13,Directed
415,305,1,Directed
415,310,1,Directed
415,316,19,Directed
415,324,13,Directed
415,329,1,Directed
415,334,25,Directed
415,338,8,Directed
415,362,1,Directed
415,371,2,Directed
415,372,11,Directed
415,401,109,Directed
415,413,1,Directed
415,416,21,Directed
415,425,3,Directed
415,429,45,Directed
415,435,6,Directed
415,450,17,Directed
415,454,1,Directed
415,462,3,Directed
415,471,4,Directed
415,499,2,Directed
415,500,1,Directed
415,502,5,Directed
415,504,1,Directed
415,517,15,Directed
415,518,2,Directed
415,522,3,Directed
415,535,2,Directed
415,540,4,Directed
415,542,16,Directed
415,544,7,Directed
415,546,3,Directed
415,558,1,Directed
415,569,47,Directed
415,573,1,Directed
415,581,1,Directed
415,586,1,Directed
415,587,19,Directed
415,591,16,Directed
415,595,5,Directed
415,607,27,Directed
415,609,2,Directed
415,612,9,Directed
415,617,24,Directed
415,629,7,Directed
415,630,17,Directed
415,660,4,Directed
415,670,16,Directed
415,671,1,Directed
415,683,1,Directed
415,687,12,Directed
415,692,17,Directed
415,696,1,Directed
415,712,1,Directed
415,718,39,Directed
415,720,4,Directed
415,742,13,Directed
415,749,1,Directed
415,752,6,Directed
415,762,11,Directed
415,765,1,Directed
415,769,1,Directed
415,772,2,Directed
415,775,1,Directed
415,783,13,Directed
415,784,2,Directed
415,803,3,Directed
415,811,26,Directed
415,833,65,Directed
415,834,1,Directed
415,836,2,Directed
415,844,1,Directed
415,850,3,Directed
415,851,17,Directed
415,865,4,Directed
415,878,1,Directed
415,883,1,Directed
415,890,2,Directed
415,923,10,Directed
415,926,1,Directed
415,927,1,Directed
415,935,1,Directed
415,940,11,Directed
415,946,9,Directed
415,948,4,Directed
415,963,1,Directed
415,978,11,Directed
415,987,8,Directed
415,995,5,Directed
415,997,4,Directed
416,2,8,Directed
416,7,1,Directed
416,30,13,Directed
416,52,23,Directed
416,53,5,Directed
416,61,6,Directed
416,62,3,Directed
416,65,3,Directed
416,74,20,Directed
416,75,7,Directed
416,77,9,Directed
416,90,11,Directed
416,91,3,Directed
416,104,20,Directed
416,109,1,Directed
416,111,7,Directed
416,112,12,Directed
416,120,11,Directed
416,126,26,Directed
416,133,13,Directed
416,134,3,Directed
416,147,96,Directed
416,150,5,Directed
416,157,1,Directed
416,159,17,Directed
416,166,53,Directed
416,168,118,Directed
416,185,1,Directed
416,191,5,Directed
416,193,10,Directed
416,196,3,Directed
416,214,15,Directed
416,231,6,Directed
416,232,22,Directed
416,235,1,Directed
416,250,4,Directed
416,256,96,Directed
416,257,6,Directed
416,260,21,Directed
416,266,10,Directed
416,267,6,Directed
416,290,4,Directed
416,294,49,Directed
416,305,24,Directed
416,313,76,Directed
416,316,1,Directed
416,326,4,Directed
416,332,17,Directed
416,334,6,Directed
416,356,99,Directed
416,362,2,Directed
416,415,7,Directed
416,425,56,Directed
416,426,1,Directed
416,435,31,Directed
416,439,14,Directed
416,444,1,Directed
416,447,24,Directed
416,454,8,Directed
416,471,3,Directed
416,472,30,Directed
416,500,14,Directed
416,517,9,Directed
416,542,2,Directed
416,546,2,Directed
416,556,2,Directed
416,557,1,Directed
416,573,22,Directed
416,586,144,Directed
416,592,3,Directed
416,602,22,Directed
416,607,2,Directed
416,609,1,Directed
416,617,6,Directed
416,629,18,Directed
416,633,14,Directed
416,646,1,Directed
416,648,49,Directed
416,674,6,Directed
416,687,1,Directed
416,699,2,Directed
416,707,8,Directed
416,718,1,Directed
416,721,3,Directed
416,730,2,Directed
416,742,1,Directed
416,743,11,Directed
416,752,8,Directed
416,759,7,Directed
416,762,16,Directed
416,765,30,Directed
416,772,9,Directed
416,782,86,Directed
416,790,37,Directed
416,803,3,Directed
416,832,1,Directed
416,833,3,Directed
416,854,13,Directed
416,859,3,Directed
416,868,52,Directed
416,880,3,Directed
416,885,34,Directed
416,887,1,Directed
416,890,8,Directed
416,912,90,Directed
416,923,1,Directed
416,927,71,Directed
416,946,19,Directed
416,948,65,Directed
416,949,13,Directed
416,951,5,Directed
416,962,3,Directed
416,984,12,Directed
416,1003,2,Directed
418,7,6,Directed
418,105,330,Directed
418,153,42,Directed
418,178,24,Directed
418,308,30,Directed
418,331,10,Directed
418,364,4,Directed
418,383,1,Directed
418,411,7,Directed
418,502,2,Directed
418,506,2,Directed
418,531,3,Directed
418,532,1,Directed
418,538,11,Directed
418,541,2,Directed
418,705,1,Directed
418,761,3,Directed
418,804,3,Directed
418,969,5,Directed
418,977,331,Directed
418,994,2,Directed
418,996,1248,Directed
418,1001,2,Directed
419,404,1,Directed
419,688,1,Directed
419,977,3,Directed
420,50,2,Directed
420,96,131,Directed
420,164,14,Directed
420,223,1,Directed
420,322,1,Directed
420,509,1,Directed
420,548,1,Directed
420,559,71,Directed
420,638,1,Directed
420,740,4,Directed
420,879,22,Directed
420,950,1,Directed
421,32,2,Directed
421,141,16,Directed
421,188,16,Directed
421,207,1,Directed
421,229,3,Directed
421,241,1,Directed
421,257,1,Directed
421,329,1,Directed
421,383,2,Directed
421,424,124,Directed
421,512,1,Directed
421,630,17,Directed
421,647,2,Directed
421,795,43,Directed
421,817,1,Directed
421,870,1,Directed
421,978,6,Directed
421,988,1,Directed
422,8,1,Directed
422,12,3,Directed
422,15,42,Directed
422,31,2,Directed
422,68,2,Directed
422,78,6,Directed
422,112,1,Directed
422,134,1,Directed
422,143,5,Directed
422,152,2,Directed
422,165,5,Directed
422,181,1,Directed
422,284,42,Directed
422,377,23,Directed
422,383,1,Directed
422,406,6,Directed
422,410,1,Directed
422,427,1,Directed
422,491,1,Directed
422,527,16,Directed
422,540,3,Directed
422,563,3,Directed
422,569,2,Directed
422,572,1,Directed
422,584,2,Directed
422,613,12,Directed
422,630,2,Directed
422,652,1,Directed
422,658,1,Directed
422,680,85,Directed
422,696,11,Directed
422,700,1,Directed
422,718,1,Directed
422,724,1,Directed
422,731,257,Directed
422,739,2,Directed
422,789,1,Directed
422,857,4,Directed
422,952,1,Directed
423,0,3,Directed
423,2,2,Directed
423,16,8,Directed
423,19,1,Directed
423,56,5,Directed
423,91,4,Directed
423,101,233,Directed
423,103,154,Directed
423,127,10,Directed
423,139,2,Directed
423,149,14,Directed
423,175,117,Directed
423,184,55,Directed
423,189,1,Directed
423,225,2,Directed
423,246,237,Directed
423,275,2,Directed
423,278,1,Directed
423,315,3,Directed
423,319,8,Directed
423,334,4,Directed
423,369,3,Directed
423,377,49,Directed
423,407,1,Directed
423,410,1,Directed
423,441,1,Directed
423,446,2,Directed
423,457,2,Directed
423,483,1,Directed
423,513,3,Directed
423,514,1,Directed
423,537,9,Directed
423,563,2,Directed
423,591,2,Directed
423,599,1,Directed
423,607,1,Directed
423,630,7,Directed
423,633,2,Directed
423,644,2,Directed
423,646,5,Directed
423,650,11,Directed
423,700,3,Directed
423,701,2,Directed
423,702,1,Directed
423,710,61,Directed
423,716,15,Directed
423,718,6,Directed
423,724,2,Directed
423,779,32,Directed
423,780,4,Directed
423,786,1,Directed
423,790,1,Directed
423,832,54,Directed
423,849,40,Directed
423,866,40,Directed
423,883,4,Directed
423,950,2,Directed
423,969,2,Directed
423,977,130,Directed
423,988,1,Directed
423,996,7,Directed
423,1001,5,Directed
423,1004,6,Directed
424,24,1,Directed
424,31,1,Directed
424,35,1,Directed
424,40,1,Directed
424,73,2,Directed
424,92,2,Directed
424,136,2,Directed
424,142,1,Directed
424,165,7,Directed
424,167,4,Directed
424,188,2,Directed
424,207,228,Directed
424,280,1,Directed
424,299,1,Directed
424,349,1,Directed
424,421,248,Directed
424,428,2,Directed
424,450,1,Directed
424,469,1,Directed
424,547,6,Directed
424,552,1,Directed
424,585,1,Directed
424,614,1,Directed
424,618,2,Directed
424,630,4,Directed
424,644,2,Directed
424,658,3,Directed
424,709,2,Directed
424,712,1,Directed
424,795,264,Directed
424,847,1,Directed
424,851,2,Directed
424,891,3,Directed
424,951,2,Directed
424,953,3,Directed
424,954,1,Directed
424,957,2,Directed
424,978,7,Directed
424,989,2,Directed
424,990,110,Directed
425,30,2,Directed
425,52,1,Directed
425,61,1,Directed
425,65,2,Directed
425,74,1,Directed
425,75,1,Directed
425,77,5,Directed
425,90,1,Directed
425,104,446,Directed
425,109,3,Directed
425,112,1,Directed
425,120,9,Directed
425,134,3,Directed
425,159,2,Directed
425,168,75,Directed
425,182,1,Directed
425,196,1,Directed
425,214,5,Directed
425,220,1,Directed
425,232,92,Directed
425,235,2,Directed
425,250,2,Directed
425,256,3,Directed
425,260,3,Directed
425,266,9,Directed
425,290,1,Directed
425,305,15,Directed
425,313,4,Directed
425,332,11,Directed
425,356,49,Directed
425,367,4,Directed
425,415,2,Directed
425,416,52,Directed
425,435,2,Directed
425,439,6,Directed
425,472,27,Directed
425,499,1,Directed
425,500,1,Directed
425,517,2,Directed
425,518,1,Directed
425,521,6,Directed
425,545,1,Directed
425,586,2,Directed
425,602,5,Directed
425,607,1,Directed
425,633,3,Directed
425,648,13,Directed
425,699,2,Directed
425,700,1,Directed
425,721,11,Directed
425,730,5,Directed
425,743,1,Directed
425,744,1,Directed
425,752,1,Directed
425,765,60,Directed
425,772,2,Directed
425,782,1,Directed
425,790,24,Directed
425,868,5,Directed
425,890,1,Directed
425,908,1,Directed
425,912,55,Directed
425,946,135,Directed
425,948,38,Directed
425,949,11,Directed
426,149,1,Directed
426,293,1,Directed
426,325,1,Directed
427,95,1,Directed
427,245,1,Directed
427,281,1,Directed
427,329,26,Directed
427,338,1,Directed
427,343,1,Directed
427,388,1,Directed
427,399,2,Directed
427,422,2,Directed
427,461,2,Directed
427,469,1,Directed
427,510,1,Directed
427,534,1,Directed
427,540,5,Directed
427,596,1,Directed
427,697,1,Directed
427,731,1,Directed
427,738,1,Directed
427,890,1,Directed
427,955,34,Directed
428,17,13,Directed
428,24,4,Directed
428,31,79,Directed
428,32,8,Directed
428,61,16,Directed
428,90,9,Directed
428,92,26,Directed
428,122,43,Directed
428,136,86,Directed
428,141,2,Directed
428,142,64,Directed
428,159,7,Directed
428,160,21,Directed
428,165,16,Directed
428,173,44,Directed
428,189,20,Directed
428,200,118,Directed
428,207,21,Directed
428,214,19,Directed
428,224,18,Directed
428,229,3,Directed
428,239,3,Directed
428,267,6,Directed
428,274,1,Directed
428,275,2,Directed
428,280,1,Directed
428,301,2,Directed
428,302,66,Directed
428,316,250,Directed
428,344,4,Directed
428,349,50,Directed
428,351,10,Directed
428,383,2,Directed
428,408,4,Directed
428,450,4,Directed
428,454,2,Directed
428,497,1,Directed
428,511,2,Directed
428,522,1,Directed
428,530,12,Directed
428,543,14,Directed
428,569,5,Directed
428,607,1,Directed
428,629,4,Directed
428,630,3,Directed
428,647,53,Directed
428,658,3,Directed
428,692,1,Directed
428,696,1,Directed
428,716,1,Directed
428,750,1,Directed
428,795,1,Directed
428,802,12,Directed
428,806,23,Directed
428,838,37,Directed
428,849,2,Directed
428,851,6,Directed
428,857,237,Directed
428,862,3,Directed
428,883,10,Directed
428,888,2,Directed
428,915,503,Directed
428,917,2,Directed
428,920,1,Directed
428,951,5,Directed
428,952,36,Directed
428,953,47,Directed
428,962,1,Directed
428,971,18,Directed
428,978,1,Directed
428,990,63,Directed
429,98,148,Directed
429,196,5,Directed
429,291,113,Directed
429,401,437,Directed
429,415,107,Directed
429,454,407,Directed
429,609,1,Directed
429,683,1,Directed
429,925,6,Directed
431,188,5,Directed
431,988,3,Directed
432,0,8,Directed
432,56,9,Directed
432,153,5,Directed
432,269,1,Directed
432,383,1,Directed
432,433,9,Directed
432,468,7,Directed
432,480,2,Directed
432,482,2,Directed
432,512,5,Directed
432,531,4,Directed
432,540,1,Directed
432,641,2,Directed
432,789,1,Directed
432,809,7,Directed
432,849,1,Directed
432,881,2,Directed
432,915,2,Directed
432,987,8,Directed
433,32,16,Directed
433,90,3,Directed
433,91,1,Directed
433,95,2,Directed
433,120,4,Directed
433,159,1,Directed
433,189,1,Directed
433,199,4,Directed
433,214,1,Directed
433,231,2,Directed
433,238,1,Directed
433,245,2,Directed
433,249,1,Directed
433,269,1,Directed
433,338,12,Directed
433,383,1,Directed
433,482,10,Directed
433,528,2,Directed
433,540,19,Directed
433,541,1,Directed
433,546,1,Directed
433,582,1,Directed
433,591,1,Directed
433,629,1,Directed
433,633,4,Directed
433,641,3,Directed
433,696,1,Directed
433,738,43,Directed
433,789,19,Directed
433,796,5,Directed
433,809,1,Directed
433,815,4,Directed
433,828,1,Directed
433,849,8,Directed
433,872,4,Directed
433,881,3,Directed
433,890,1,Directed
433,951,3,Directed
433,977,2,Directed
433,987,64,Directed
433,994,32,Directed
434,499,1,Directed
435,65,3,Directed
435,74,6,Directed
435,90,1,Directed
435,111,3,Directed
435,120,3,Directed
435,126,6,Directed
435,150,2,Directed
435,166,11,Directed
435,168,2,Directed
435,193,2,Directed
435,196,2,Directed
435,240,2,Directed
435,267,142,Directed
435,294,4,Directed
435,332,96,Directed
435,334,2,Directed
435,356,1,Directed
435,367,1,Directed
435,415,3,Directed
435,416,12,Directed
435,425,2,Directed
435,448,1,Directed
435,500,190,Directed
435,515,2,Directed
435,518,1,Directed
435,557,1,Directed
435,573,12,Directed
435,586,172,Directed
435,609,1,Directed
435,633,3,Directed
435,648,2,Directed
435,686,1,Directed
435,696,1,Directed
435,700,1,Directed
435,759,2,Directed
435,762,6,Directed
435,772,1,Directed
435,782,85,Directed
435,825,1,Directed
435,869,1,Directed
435,880,3,Directed
435,885,6,Directed
435,923,2,Directed
435,948,3,Directed
435,949,2,Directed
435,962,2,Directed
435,974,4,Directed
435,984,7,Directed
435,997,1,Directed
436,991,1,Directed
437,516,1,Directed
438,692,1,Directed
439,52,1,Directed
439,77,26,Directed
439,90,1,Directed
439,168,198,Directed
439,232,18,Directed
439,260,21,Directed
439,266,54,Directed
439,313,1,Directed
439,356,1,Directed
439,416,17,Directed
439,425,3,Directed
439,472,2,Directed
439,521,9,Directed
439,648,1,Directed
439,699,1,Directed
439,730,6,Directed
439,782,2,Directed
439,790,3,Directed
439,885,3,Directed
439,912,94,Directed
439,946,3,Directed
439,948,2,Directed
439,949,33,Directed
440,95,1,Directed
440,107,2,Directed
440,189,1,Directed
440,226,25,Directed
440,335,8,Directed
440,361,2,Directed
440,380,20,Directed
440,381,2,Directed
440,506,5,Directed
440,537,88,Directed
440,607,1,Directed
440,657,3,Directed
440,664,1,Directed
440,737,41,Directed
440,810,2,Directed
440,843,2,Directed
441,4,9,Directed
441,304,37,Directed
441,317,5,Directed
441,371,15,Directed
441,405,1,Directed
441,456,1,Directed
441,527,1,Directed
441,528,1,Directed
441,628,2,Directed
441,848,1,Directed
441,860,2,Directed
443,13,5,Directed
443,40,1,Directed
443,53,14,Directed
443,61,4,Directed
443,72,4,Directed
443,75,1,Directed
443,83,1,Directed
443,86,312,Directed
443,120,2,Directed
443,135,5,Directed
443,137,11,Directed
443,152,134,Directed
443,159,8,Directed
443,161,6,Directed
443,193,13,Directed
443,214,9,Directed
443,229,5,Directed
443,233,1,Directed
443,245,2,Directed
443,250,1,Directed
443,267,1,Directed
443,272,2,Directed
443,306,1,Directed
443,329,2,Directed
443,332,1,Directed
443,374,1,Directed
443,379,8,Directed
443,450,6,Directed
443,483,2,Directed
443,502,1,Directed
443,530,1,Directed
443,550,7,Directed
443,581,6,Directed
443,602,22,Directed
443,662,232,Directed
443,677,4,Directed
443,687,1,Directed
443,692,6,Directed
443,703,21,Directed
443,718,3,Directed
443,721,1,Directed
443,731,1,Directed
443,742,106,Directed
443,743,18,Directed
443,765,2,Directed
443,769,1,Directed
443,772,1,Directed
443,775,3,Directed
443,851,1,Directed
443,900,1,Directed
443,908,2,Directed
443,915,1,Directed
443,920,1,Directed
443,936,5,Directed
443,945,1,Directed
443,962,4,Directed
443,1003,1,Directed
444,62,2,Directed
444,138,1,Directed
444,150,2,Directed
444,250,14,Directed
444,369,18,Directed
444,383,4,Directed
444,471,2,Directed
444,483,3,Directed
444,518,4,Directed
444,528,1,Directed
444,535,124,Directed
444,542,5,Directed
444,551,3,Directed
444,585,1,Directed
444,722,4,Directed
444,823,6,Directed
444,854,3,Directed
444,927,1,Directed
444,948,1,Directed
445,24,4,Directed
445,274,1,Directed
445,280,1,Directed
445,353,1,Directed
445,360,2,Directed
445,373,1,Directed
445,391,2,Directed
445,507,1,Directed
445,891,29,Directed
446,764,1,Directed
447,30,1,Directed
447,74,13,Directed
447,126,1,Directed
447,166,2,Directed
447,168,5,Directed
447,232,2,Directed
447,260,1,Directed
447,294,27,Directed
447,313,8,Directed
447,332,5,Directed
447,356,6,Directed
447,416,19,Directed
447,435,1,Directed
447,557,1,Directed
447,573,7,Directed
447,586,108,Directed
447,648,2,Directed
447,759,2,Directed
447,762,7,Directed
447,782,4,Directed
447,790,1,Directed
447,868,2,Directed
447,885,11,Directed
447,912,3,Directed
447,984,17,Directed
448,231,1,Directed
448,329,1,Directed
448,692,1,Directed
449,135,1,Directed
449,278,1,Directed
450,26,5,Directed
450,40,104,Directed
450,60,2,Directed
450,61,52,Directed
450,75,2,Directed
450,90,2,Directed
450,122,1,Directed
450,135,20,Directed
450,136,1,Directed
450,157,2,Directed
450,159,3,Directed
450,161,1,Directed
450,187,69,Directed
450,214,1,Directed
450,233,16,Directed
450,248,2,Directed
450,254,2,Directed
450,267,3,Directed
450,272,90,Directed
450,306,15,Directed
450,334,1,Directed
450,356,2,Directed
450,362,1,Directed
450,398,21,Directed
450,415,10,Directed
450,428,4,Directed
450,443,11,Directed
450,462,7,Directed
450,466,1,Directed
450,502,1,Directed
450,517,2,Directed
450,530,5,Directed
450,542,1,Directed
450,568,28,Directed
450,572,51,Directed
450,581,1,Directed
450,586,6,Directed
450,591,1,Directed
450,595,25,Directed
450,596,11,Directed
450,602,11,Directed
450,607,1,Directed
450,609,1,Directed
450,613,1,Directed
450,660,1,Directed
450,662,71,Directed
450,670,1,Directed
450,671,1,Directed
450,678,4,Directed
450,684,5,Directed
450,692,19,Directed
450,695,63,Directed
450,696,2,Directed
450,703,1,Directed
450,712,41,Directed
450,718,6,Directed
450,731,1,Directed
450,742,33,Directed
450,749,1,Directed
450,754,17,Directed
450,762,1,Directed
450,765,6,Directed
450,771,1,Directed
450,776,6,Directed
450,802,88,Directed
450,835,2,Directed
450,851,7,Directed
450,900,78,Directed
450,912,1,Directed
450,915,19,Directed
450,920,5,Directed
450,923,5,Directed
450,935,1,Directed
450,947,47,Directed
450,965,3,Directed
450,991,2,Directed
452,162,1,Directed
453,595,8,Directed
454,19,1,Directed
454,35,1,Directed
454,39,1,Directed
454,40,4,Directed
454,50,1,Directed
454,53,7,Directed
454,67,2,Directed
454,75,3,Directed
454,90,4,Directed
454,91,3,Directed
454,98,139,Directed
454,107,2,Directed
454,116,1,Directed
454,117,10,Directed
454,120,102,Directed
454,126,1,Directed
454,127,4,Directed
454,134,119,Directed
454,147,44,Directed
454,150,3,Directed
454,151,1,Directed
454,159,1,Directed
454,160,1,Directed
454,165,4,Directed
454,173,4,Directed
454,188,1,Directed
454,193,12,Directed
454,196,23,Directed
454,198,5,Directed
454,214,1,Directed
454,230,1,Directed
454,235,7,Directed
454,239,1,Directed
454,243,3,Directed
454,250,1,Directed
454,253,7,Directed
454,257,4,Directed
454,264,18,Directed
454,268,30,Directed
454,278,23,Directed
454,284,1,Directed
454,290,6,Directed
454,291,193,Directed
454,292,1,Directed
454,297,4,Directed
454,302,3,Directed
454,307,1,Directed
454,318,1,Directed
454,334,2,Directed
454,347,1,Directed
454,360,3,Directed
454,362,1,Directed
454,364,1,Directed
454,371,1,Directed
454,373,1,Directed
454,379,5,Directed
454,397,1,Directed
454,401,349,Directed
454,415,6,Directed
454,416,5,Directed
454,426,3,Directed
454,428,3,Directed
454,429,347,Directed
454,433,1,Directed
454,444,1,Directed
454,471,2,Directed
454,488,3,Directed
454,499,4,Directed
454,542,1,Directed
454,543,2,Directed
454,544,2,Directed
454,552,3,Directed
454,559,1,Directed
454,562,3,Directed
454,584,1,Directed
454,586,1,Directed
454,587,3,Directed
454,592,202,Directed
454,594,3,Directed
454,609,48,Directed
454,612,2,Directed
454,614,3,Directed
454,624,1,Directed
454,629,6,Directed
454,633,4,Directed
454,641,1,Directed
454,648,3,Directed
454,680,1,Directed
454,681,3,Directed
454,696,3,Directed
454,706,10,Directed
454,707,3,Directed
454,713,73,Directed
454,722,1,Directed
454,735,3,Directed
454,738,1,Directed
454,741,1,Directed
454,743,1,Directed
454,752,4,Directed
454,772,123,Directed
454,782,2,Directed
454,798,1,Directed
454,802,1,Directed
454,822,2,Directed
454,850,1,Directed
454,854,1,Directed
454,857,3,Directed
454,858,2,Directed
454,863,5,Directed
454,865,4,Directed
454,875,3,Directed
454,880,2,Directed
454,890,11,Directed
454,893,1,Directed
454,904,3,Directed
454,905,1,Directed
454,907,1,Directed
454,909,4,Directed
454,916,5,Directed
454,922,3,Directed
454,927,2,Directed
454,948,7,Directed
454,951,1,Directed
454,955,1,Directed
454,963,1,Directed
454,971,1,Directed
454,990,3,Directed
454,999,2,Directed
454,1003,27,Directed
456,4,5,Directed
456,97,5,Directed
456,304,7,Directed
456,371,10,Directed
456,441,1,Directed
456,527,1,Directed
456,720,4,Directed
456,832,4,Directed
456,936,6,Directed
457,16,2,Directed
457,19,2,Directed
457,61,3,Directed
457,101,4,Directed
457,243,2,Directed
457,246,3,Directed
457,365,4,Directed
457,377,21,Directed
457,423,2,Directed
457,522,2,Directed
457,687,2,Directed
457,696,2,Directed
457,716,3,Directed
457,718,2,Directed
457,724,4,Directed
457,777,2,Directed
457,843,2,Directed
457,866,2,Directed
458,25,45,Directed
458,41,10,Directed
458,48,88,Directed
458,73,11,Directed
458,90,1,Directed
458,214,2,Directed
458,216,51,Directed
458,277,5,Directed
458,319,40,Directed
458,321,22,Directed
458,383,1,Directed
458,499,30,Directed
458,503,1,Directed
458,558,34,Directed
458,565,11,Directed
458,577,15,Directed
458,618,4,Directed
458,672,2,Directed
458,679,2,Directed
458,684,56,Directed
458,704,21,Directed
458,723,10,Directed
458,758,9,Directed
458,790,6,Directed
458,844,39,Directed
458,890,2,Directed
458,918,9,Directed
458,956,68,Directed
458,1000,12,Directed
459,112,2,Directed
459,267,4,Directed
459,517,10,Directed
459,564,3,Directed
459,674,2,Directed
459,803,2,Directed
460,38,1,Directed
460,324,1,Directed
460,591,2,Directed
462,11,3,Directed
462,83,1,Directed
462,150,1,Directed
462,157,19,Directed
462,185,2,Directed
462,189,7,Directed
462,223,27,Directed
462,231,8,Directed
462,248,18,Directed
462,278,14,Directed
462,280,2,Directed
462,310,1,Directed
462,334,17,Directed
462,356,2,Directed
462,415,27,Directed
462,426,2,Directed
462,449,4,Directed
462,450,18,Directed
462,502,1,Directed
462,517,19,Directed
462,530,1,Directed
462,531,1,Directed
462,535,6,Directed
462,542,18,Directed
462,550,1,Directed
462,586,8,Directed
462,591,23,Directed
462,607,6,Directed
462,617,14,Directed
462,670,19,Directed
462,687,22,Directed
462,692,17,Directed
462,718,18,Directed
462,739,1,Directed
462,742,18,Directed
462,762,7,Directed
462,783,18,Directed
462,833,38,Directed
462,851,20,Directed
462,915,1,Directed
462,920,1,Directed
462,923,17,Directed
462,945,1,Directed
462,980,1,Directed
464,5,2,Directed
464,61,3,Directed
464,90,4,Directed
464,107,27,Directed
464,178,4,Directed
464,214,5,Directed
464,228,1,Directed
464,335,12,Directed
464,502,6,Directed
464,532,1,Directed
464,553,3,Directed
464,718,2,Directed
464,898,1,Directed
464,980,37,Directed
465,2,6,Directed
465,107,1,Directed
465,119,2,Directed
465,499,1,Directed
465,629,3,Directed
465,664,1,Directed
465,700,4,Directed
465,783,1,Directed
465,790,3,Directed
465,812,2,Directed
465,890,4,Directed
465,962,2,Directed
466,40,7,Directed
466,60,1,Directed
466,267,3,Directed
466,572,1,Directed
466,586,1,Directed
466,662,12,Directed
466,695,4,Directed
466,712,6,Directed
466,782,1,Directed
466,802,2,Directed
466,947,3,Directed
468,14,1,Directed
468,90,1,Directed
468,107,6,Directed
468,335,1,Directed
468,381,9,Directed
468,432,9,Directed
468,532,3,Directed
468,643,3,Directed
468,664,1,Directed
468,810,3,Directed
468,898,1,Directed
468,1001,1,Directed
469,2,3,Directed
469,24,1,Directed
469,32,1,Directed
469,35,70,Directed
469,61,3,Directed
469,91,1,Directed
469,122,1,Directed
469,135,1,Directed
469,141,49,Directed
469,142,7,Directed
469,159,1,Directed
469,167,134,Directed
469,188,98,Directed
469,207,145,Directed
469,229,3,Directed
469,241,66,Directed
469,264,2,Directed
469,274,15,Directed
469,301,57,Directed
469,329,1,Directed
469,383,1,Directed
469,421,72,Directed
469,424,66,Directed
469,427,1,Directed
469,428,1,Directed
469,451,9,Directed
469,512,27,Directed
469,528,1,Directed
469,530,1,Directed
469,547,75,Directed
469,552,2,Directed
469,585,1,Directed
469,614,48,Directed
469,630,57,Directed
469,647,1,Directed
469,795,66,Directed
469,817,68,Directed
469,851,42,Directed
469,858,2,Directed
469,862,1,Directed
469,954,71,Directed
469,957,54,Directed
469,978,36,Directed
469,988,6,Directed
469,990,7,Directed
470,0,7,Directed
470,6,16,Directed
470,78,1,Directed
470,178,19,Directed
470,189,3,Directed
470,228,6,Directed
470,249,19,Directed
470,314,3,Directed
470,333,11,Directed
470,409,7,Directed
470,502,10,Directed
470,538,7,Directed
470,550,3,Directed
470,569,13,Directed
470,572,1,Directed
470,599,5,Directed
470,605,19,Directed
470,693,11,Directed
470,700,1,Directed
470,710,5,Directed
470,767,1,Directed
470,789,121,Directed
470,862,10,Directed
470,929,2,Directed
470,951,3,Directed
470,976,1,Directed
470,1004,1,Directed
471,15,1,Directed
471,40,1,Directed
471,53,2,Directed
471,70,1,Directed
471,105,2,Directed
471,107,1,Directed
471,127,2,Directed
471,135,1,Directed
471,147,4,Directed
471,150,5,Directed
471,151,2,Directed
471,178,1,Directed
471,185,1,Directed
471,190,1,Directed
471,220,6,Directed
471,232,1,Directed
471,250,1,Directed
471,253,1,Directed
471,272,1,Directed
471,278,1,Directed
471,316,1,Directed
471,329,2,Directed
471,334,1,Directed
471,389,1,Directed
471,413,1,Directed
471,415,3,Directed
471,416,2,Directed
471,427,1,Directed
471,444,2,Directed
471,483,6,Directed
471,499,2,Directed
471,518,1,Directed
471,587,2,Directed
471,617,7,Directed
471,629,1,Directed
471,673,1,Directed
471,692,1,Directed
471,700,1,Directed
471,711,1,Directed
471,716,1,Directed
471,752,12,Directed
471,811,2,Directed
471,840,1,Directed
471,850,1,Directed
471,857,1,Directed
471,940,1,Directed
471,948,1,Directed
471,963,2,Directed
471,987,1,Directed
472,30,2,Directed
472,52,21,Directed
472,61,1,Directed
472,62,5,Directed
472,77,5,Directed
472,104,1,Directed
472,112,16,Directed
472,157,3,Directed
472,159,5,Directed
472,168,386,Directed
472,177,1,Directed
472,209,5,Directed
472,214,5,Directed
472,229,1,Directed
472,232,147,Directed
472,235,1,Directed
472,256,13,Directed
472,260,8,Directed
472,305,6,Directed
472,313,48,Directed
472,332,3,Directed
472,347,7,Directed
472,356,258,Directed
472,416,12,Directed
472,425,35,Directed
472,439,1,Directed
472,502,1,Directed
472,517,5,Directed
472,521,1,Directed
472,535,17,Directed
472,542,3,Directed
472,575,84,Directed
472,586,3,Directed
472,602,16,Directed
472,607,1,Directed
472,648,3,Directed
472,684,3,Directed
472,687,1,Directed
472,721,1,Directed
472,730,2,Directed
472,743,49,Directed
472,744,13,Directed
472,746,1,Directed
472,762,1,Directed
472,765,9,Directed
472,770,2,Directed
472,782,113,Directed
472,790,1,Directed
472,859,1,Directed
472,868,1,Directed
472,912,145,Directed
472,946,63,Directed
472,948,1,Directed
472,949,8,Directed
472,966,5,Directed
474,38,4,Directed
474,139,1,Directed
474,323,1,Directed
474,324,1,Directed
474,510,1,Directed
474,534,1,Directed
474,591,2,Directed
474,603,1,Directed
474,939,5,Directed
474,951,4,Directed
477,42,1,Directed
477,64,1,Directed
477,102,3,Directed
477,125,4,Directed
477,139,10,Directed
477,154,3,Directed
477,174,3,Directed
477,206,3,Directed
477,310,36,Directed
477,322,3,Directed
477,324,5,Directed
477,383,1,Directed
477,510,3,Directed
477,524,3,Directed
477,534,10,Directed
477,634,2,Directed
477,939,3,Directed
478,2,1,Directed
478,112,3,Directed
478,256,5,Directed
478,267,35,Directed
478,517,4,Directed
478,648,3,Directed
478,818,4,Directed
479,61,1,Directed
479,90,1,Directed
479,114,5,Directed
479,122,6,Directed
479,275,3,Directed
479,337,3,Directed
479,345,3,Directed
479,586,2,Directed
479,696,1,Directed
479,700,2,Directed
479,716,1,Directed
479,718,1,Directed
479,790,1,Directed
479,837,1,Directed
479,904,5,Directed
479,977,3,Directed
479,980,1,Directed
480,399,2,Directed
480,482,8,Directed
480,506,4,Directed
480,540,1,Directed
480,580,1,Directed
480,828,2,Directed
480,977,3,Directed
480,987,1,Directed
480,1001,1,Directed
481,565,23,Directed
481,723,1,Directed
481,752,1,Directed
482,28,1,Directed
482,53,1,Directed
482,56,40,Directed
482,90,1,Directed
482,105,2,Directed
482,178,9,Directed
482,251,13,Directed
482,274,1,Directed
482,364,5,Directed
482,432,2,Directed
482,433,1,Directed
482,480,1,Directed
482,531,20,Directed
482,540,4,Directed
482,569,42,Directed
482,606,10,Directed
482,641,3,Directed
482,798,1,Directed
482,801,1,Directed
482,809,3,Directed
482,840,1,Directed
482,847,3,Directed
482,862,1,Directed
482,951,2,Directed
482,987,6,Directed
482,990,16,Directed
482,994,2,Directed
483,5,3,Directed
483,61,2,Directed
483,86,3,Directed
483,91,1,Directed
483,152,1,Directed
483,153,2,Directed
483,220,2,Directed
483,229,3,Directed
483,248,1,Directed
483,249,1,Directed
483,283,3,Directed
483,299,1,Directed
483,326,2,Directed
483,334,2,Directed
483,423,1,Directed
483,443,3,Directed
483,444,3,Directed
483,468,1,Directed
483,471,2,Directed
483,586,2,Directed
483,596,1,Directed
483,607,4,Directed
483,617,1,Directed
483,646,2,Directed
483,648,1,Directed
483,687,1,Directed
483,696,2,Directed
483,718,1,Directed
483,742,1,Directed
483,769,1,Directed
483,775,2,Directed
483,798,1,Directed
483,891,2,Directed
483,927,1,Directed
483,995,1,Directed
484,2,2,Directed
484,207,5,Directed
484,280,5,Directed
484,288,22,Directed
484,362,1,Directed
484,493,3,Directed
484,502,1,Directed
484,507,1,Directed
484,530,2,Directed
484,629,1,Directed
484,630,48,Directed
484,750,6,Directed
484,838,2,Directed
485,2,1,Directed
485,62,101,Directed
485,75,1,Directed
485,113,5,Directed
485,120,1,Directed
485,159,1,Directed
485,250,10,Directed
485,362,1,Directed
485,369,9,Directed
485,500,1,Directed
485,513,17,Directed
485,517,1,Directed
485,535,4,Directed
485,542,30,Directed
485,551,2,Directed
485,604,1,Directed
485,646,14,Directed
485,692,2,Directed
485,800,1,Directed
485,823,10,Directed
485,854,11,Directed
485,895,1,Directed
486,2,1,Directed
486,148,5,Directed
486,190,1,Directed
486,353,2,Directed
486,362,1,Directed
486,373,1,Directed
486,656,3,Directed
486,700,2,Directed
486,920,1,Directed
487,90,1,Directed
488,568,1,Directed
490,377,1,Directed
491,5,57,Directed
491,29,4,Directed
491,31,1,Directed
491,32,1,Directed
491,56,2,Directed
491,175,2,Directed
491,189,4,Directed
491,249,5,Directed
491,280,1,Directed
491,281,16,Directed
491,422,1,Directed
491,428,1,Directed
491,461,1,Directed
491,497,3,Directed
491,502,1,Directed
491,506,8,Directed
491,532,9,Directed
491,553,2,Directed
491,599,1,Directed
491,644,4,Directed
491,670,1,Directed
491,671,1,Directed
491,702,1,Directed
491,724,2,Directed
491,731,5,Directed
491,796,1,Directed
491,808,1,Directed
491,899,1,Directed
491,905,3,Directed
491,977,8,Directed
491,1001,1,Directed
493,24,21,Directed
493,31,1,Directed
493,90,4,Directed
493,142,1,Directed
493,159,8,Directed
493,160,6,Directed
493,188,2,Directed
493,207,11,Directed
493,267,2,Directed
493,274,1,Directed
493,288,6,Directed
493,301,18,Directed
493,360,2,Directed
493,484,3,Directed
493,530,36,Directed
493,547,1,Directed
493,561,23,Directed
493,629,29,Directed
493,630,97,Directed
493,631,1,Directed
493,647,1,Directed
493,658,5,Directed
493,685,24,Directed
493,724,1,Directed
493,731,2,Directed
493,750,2,Directed
493,795,13,Directed
493,838,10,Directed
493,846,1,Directed
493,847,1,Directed
493,891,8,Directed
493,978,14,Directed
495,159,1,Directed
495,568,30,Directed
495,633,6,Directed
495,862,18,Directed
496,32,1,Directed
497,189,1,Directed
497,281,10,Directed
497,428,2,Directed
497,491,16,Directed
497,739,2,Directed
497,773,34,Directed
497,977,71,Directed
499,2,2,Directed
499,25,4,Directed
499,41,1,Directed
499,44,3,Directed
499,48,35,Directed
499,53,1,Directed
499,65,2,Directed
499,73,3,Directed
499,75,4,Directed
499,91,19,Directed
499,120,6,Directed
499,147,1,Directed
499,150,1,Directed
499,157,3,Directed
499,178,1,Directed
499,185,2,Directed
499,191,3,Directed
499,193,1,Directed
499,214,2,Directed
499,216,2,Directed
499,229,1,Directed
499,290,1,Directed
499,318,32,Directed
499,319,2,Directed
499,321,82,Directed
499,356,3,Directed
499,366,1,Directed
499,367,1,Directed
499,383,5,Directed
499,458,8,Directed
499,465,2,Directed
499,471,1,Directed
499,503,2,Directed
499,517,2,Directed
499,528,1,Directed
499,535,2,Directed
499,542,2,Directed
499,546,1,Directed
499,550,1,Directed
499,558,41,Directed
499,565,35,Directed
499,586,1,Directed
499,587,1,Directed
499,591,1,Directed
499,592,1,Directed
499,607,26,Directed
499,618,2,Directed
499,672,2,Directed
499,679,11,Directed
499,683,1,Directed
499,684,99,Directed
499,687,5,Directed
499,700,1,Directed
499,704,28,Directed
499,723,2,Directed
499,743,1,Directed
499,758,3,Directed
499,833,7,Directed
499,844,45,Directed
499,890,4,Directed
499,918,14,Directed
499,956,15,Directed
499,1000,1,Directed
500,2,9,Directed
500,53,2,Directed
500,62,8,Directed
500,74,1,Directed
500,77,1,Directed
500,90,14,Directed
500,112,1,Directed
500,120,9,Directed
500,126,20,Directed
500,157,3,Directed
500,159,26,Directed
500,166,49,Directed
500,193,23,Directed
500,214,30,Directed
500,250,2,Directed
500,268,1,Directed
500,278,3,Directed
500,294,2,Directed
500,332,292,Directed
500,334,14,Directed
500,356,7,Directed
500,383,9,Directed
500,415,1,Directed
500,416,13,Directed
500,425,4,Directed
500,435,158,Directed
500,447,1,Directed
500,485,4,Directed
500,515,11,Directed
500,535,2,Directed
500,542,16,Directed
500,546,5,Directed
500,550,18,Directed
500,573,14,Directed
500,575,9,Directed
500,586,172,Directed
500,607,7,Directed
500,617,3,Directed
500,633,3,Directed
500,684,1,Directed
500,687,48,Directed
500,692,6,Directed
500,712,1,Directed
500,746,3,Directed
500,762,11,Directed
500,772,2,Directed
500,782,169,Directed
500,790,6,Directed
500,800,1,Directed
500,814,264,Directed
500,823,1,Directed
500,890,3,Directed
500,923,20,Directed
500,948,4,Directed
500,951,3,Directed
500,974,1,Directed
500,984,1,Directed
502,0,16,Directed
502,2,2,Directed
502,5,3,Directed
502,6,1,Directed
502,16,2,Directed
502,24,1,Directed
502,32,2,Directed
502,38,1,Directed
502,40,1,Directed
502,61,24,Directed
502,75,2,Directed
502,78,24,Directed
502,90,4,Directed
502,99,8,Directed
502,118,27,Directed
502,120,2,Directed
502,122,1,Directed
502,130,2,Directed
502,135,1,Directed
502,141,4,Directed
502,143,1,Directed
502,157,1,Directed
502,159,22,Directed
502,167,2,Directed
502,178,304,Directed
502,185,5,Directed
502,188,58,Directed
502,189,78,Directed
502,214,24,Directed
502,228,85,Directed
502,231,17,Directed
502,239,4,Directed
502,249,6,Directed
502,270,2,Directed
502,278,2,Directed
502,280,66,Directed
502,293,2,Directed
502,333,6,Directed
502,334,4,Directed
502,337,1,Directed
502,356,1,Directed
502,362,1,Directed
502,364,2,Directed
502,367,1,Directed
502,388,12,Directed
502,409,1,Directed
502,410,1,Directed
502,415,1,Directed
502,418,2,Directed
502,455,1,Directed
502,462,2,Directed
502,464,4,Directed
502,470,9,Directed
502,484,1,Directed
502,506,5,Directed
502,511,3,Directed
502,528,9,Directed
502,530,14,Directed
502,532,7,Directed
502,534,7,Directed
502,538,68,Directed
502,542,4,Directed
502,547,1,Directed
502,550,1,Directed
502,565,2,Directed
502,569,41,Directed
502,572,2,Directed
502,576,1,Directed
502,591,31,Directed
502,595,5,Directed
502,599,11,Directed
502,605,61,Directed
502,607,10,Directed
502,613,1,Directed
502,628,1,Directed
502,669,2,Directed
502,687,16,Directed
502,690,1,Directed
502,692,2,Directed
502,693,38,Directed
502,696,4,Directed
502,700,6,Directed
502,710,27,Directed
502,718,41,Directed
502,724,16,Directed
502,731,8,Directed
502,738,4,Directed
502,742,6,Directed
502,746,2,Directed
502,749,17,Directed
502,772,12,Directed
502,775,1,Directed
502,789,1,Directed
502,790,3,Directed
502,791,4,Directed
502,851,26,Directed
502,854,2,Directed
502,862,119,Directed
502,878,7,Directed
502,890,4,Directed
502,909,1,Directed
502,915,21,Directed
502,920,8,Directed
502,923,23,Directed
502,951,12,Directed
502,969,1,Directed
502,976,34,Directed
502,978,3,Directed
502,995,2,Directed
503,41,26,Directed
503,73,1,Directed
503,458,1,Directed
503,499,2,Directed
503,565,2,Directed
503,704,9,Directed
503,723,18,Directed
503,758,3,Directed
503,812,1,Directed
503,956,1,Directed
503,1000,7,Directed
505,50,1,Directed
505,174,1,Directed
505,337,107,Directed
505,343,3,Directed
505,356,1,Directed
505,509,2,Directed
505,534,1,Directed
505,603,1,Directed
505,822,1,Directed
505,853,1,Directed
505,870,1,Directed
506,5,43,Directed
506,6,45,Directed
506,10,1,Directed
506,13,10,Directed
506,14,161,Directed
506,16,11,Directed
506,29,57,Directed
506,32,1,Directed
506,68,6,Directed
506,78,13,Directed
506,90,21,Directed
506,114,4,Directed
506,122,1,Directed
506,131,2,Directed
506,158,5,Directed
506,159,3,Directed
506,173,90,Directed
506,184,1,Directed
506,189,34,Directed
506,192,25,Directed
506,199,273,Directed
506,201,2,Directed
506,208,11,Directed
506,220,1,Directed
506,226,17,Directed
506,228,1,Directed
506,231,2,Directed
506,236,8,Directed
506,242,1,Directed
506,248,41,Directed
506,249,23,Directed
506,251,9,Directed
506,252,1,Directed
506,270,4,Directed
506,281,7,Directed
506,289,16,Directed
506,292,3,Directed
506,327,3,Directed
506,333,7,Directed
506,334,2,Directed
506,364,28,Directed
506,377,15,Directed
506,380,1,Directed
506,381,34,Directed
506,393,1,Directed
506,404,12,Directed
506,409,9,Directed
506,414,5,Directed
506,418,2,Directed
506,437,3,Directed
506,440,12,Directed
506,442,11,Directed
506,461,7,Directed
506,468,2,Directed
506,473,1,Directed
506,480,17,Directed
506,491,12,Directed
506,502,4,Directed
506,508,5,Directed
506,511,1,Directed
506,516,6,Directed
506,532,4,Directed
506,537,3,Directed
506,541,144,Directed
506,576,35,Directed
506,582,2,Directed
506,591,1,Directed
506,599,9,Directed
506,605,21,Directed
506,643,11,Directed
506,644,121,Directed
506,650,3,Directed
506,653,2,Directed
506,654,2,Directed
506,657,33,Directed
506,670,61,Directed
506,682,10,Directed
506,688,14,Directed
506,690,2,Directed
506,692,1,Directed
506,702,24,Directed
506,718,2,Directed
506,719,7,Directed
506,724,5,Directed
506,732,1,Directed
506,737,2,Directed
506,738,15,Directed
506,743,2,Directed
506,745,24,Directed
506,747,2,Directed
506,752,2,Directed
506,761,6,Directed
506,764,1,Directed
506,767,4,Directed
506,769,1,Directed
506,775,12,Directed
506,777,1,Directed
506,779,1,Directed
506,783,99,Directed
506,796,14,Directed
506,808,9,Directed
506,810,1,Directed
506,828,16,Directed
506,836,1,Directed
506,837,4,Directed
506,839,1,Directed
506,841,4,Directed
506,849,2,Directed
506,850,20,Directed
506,856,1,Directed
506,866,5,Directed
506,872,1,Directed
506,881,22,Directed
506,890,1,Directed
506,899,4,Directed
506,903,1,Directed
506,921,72,Directed
506,923,31,Directed
506,924,65,Directed
506,929,3,Directed
506,945,3,Directed
506,951,13,Directed
506,970,1,Directed
506,979,2,Directed
506,980,1,Directed
506,982,1,Directed
506,996,151,Directed
506,997,1,Directed
506,1001,152,Directed
506,1004,18,Directed
509,2,1,Directed
509,42,5,Directed
509,64,1,Directed
509,70,5,Directed
509,90,2,Directed
509,96,8,Directed
509,102,1,Directed
509,106,4,Directed
509,125,3,Directed
509,132,6,Directed
509,139,1,Directed
509,206,3,Directed
509,282,1,Directed
509,299,42,Directed
509,303,1,Directed
509,323,1,Directed
509,324,1,Directed
509,337,6,Directed
509,346,3,Directed
509,378,1,Directed
509,388,20,Directed
509,402,3,Directed
509,505,3,Directed
509,510,5,Directed
509,559,3,Directed
509,583,1,Directed
509,612,1,Directed
509,634,21,Directed
509,638,18,Directed
509,700,1,Directed
509,706,2,Directed
509,735,2,Directed
509,780,12,Directed
509,788,7,Directed
509,790,1,Directed
509,822,3,Directed
509,832,14,Directed
509,893,11,Directed
509,939,6,Directed
509,950,1,Directed
509,951,1,Directed
509,969,1,Directed
509,1004,3,Directed
510,1,1,Directed
510,42,1,Directed
510,46,2,Directed
510,70,1,Directed
510,75,1,Directed
510,97,1,Directed
510,102,2,Directed
510,103,2,Directed
510,106,1,Directed
510,125,8,Directed
510,132,2,Directed
510,139,7,Directed
510,154,1,Directed
510,164,2,Directed
510,174,2,Directed
510,206,1,Directed
510,223,4,Directed
510,322,1,Directed
510,323,3,Directed
510,324,1,Directed
510,329,1,Directed
510,337,1,Directed
510,399,3,Directed
510,402,2,Directed
510,427,1,Directed
510,474,1,Directed
510,477,1,Directed
510,487,1,Directed
510,489,1,Directed
510,509,1,Directed
510,514,2,Directed
510,524,1,Directed
510,534,38,Directed
510,548,1,Directed
510,562,1,Directed
510,601,1,Directed
510,622,12,Directed
510,638,2,Directed
510,649,1,Directed
510,663,1,Directed
510,676,1,Directed
510,706,1,Directed
510,780,1,Directed
510,832,3,Directed
510,939,5,Directed
510,955,1,Directed
510,977,2,Directed
511,31,2,Directed
511,231,2,Directed
511,280,1,Directed
511,338,5,Directed
511,502,2,Directed
511,607,1,Directed
511,849,3,Directed
511,978,2,Directed
511,987,1,Directed
512,0,3,Directed
512,141,24,Directed
512,193,3,Directed
512,239,1,Directed
512,241,2,Directed
512,432,2,Directed
512,469,68,Directed
512,530,5,Directed
512,630,6,Directed
512,708,1,Directed
512,851,2,Directed
512,978,10,Directed
512,979,1,Directed
513,62,4,Directed
513,73,2,Directed
513,113,1,Directed
513,139,10,Directed
513,369,3,Directed
513,423,2,Directed
513,444,1,Directed
513,485,18,Directed
513,535,6,Directed
513,542,4,Directed
513,551,6,Directed
513,646,5,Directed
513,823,10,Directed
513,832,2,Directed
513,854,3,Directed
513,977,1,Directed
514,91,1,Directed
514,102,1,Directed
514,103,79,Directed
514,106,2,Directed
514,206,1,Directed
514,303,5,Directed
514,322,2,Directed
514,323,2,Directed
514,337,3,Directed
514,378,75,Directed
514,395,3,Directed
514,402,1,Directed
514,423,1,Directed
514,505,1,Directed
514,509,1,Directed
514,510,3,Directed
514,603,5,Directed
514,612,1,Directed
514,638,5,Directed
514,663,1,Directed
514,735,1,Directed
514,780,94,Directed
514,822,1,Directed
514,832,66,Directed
514,950,119,Directed
514,962,1,Directed
514,977,71,Directed
514,1001,51,Directed
516,2,2,Directed
516,13,36,Directed
516,14,20,Directed
516,131,3,Directed
516,166,1,Directed
516,173,8,Directed
516,197,3,Directed
516,199,7,Directed
516,270,7,Directed
516,327,7,Directed
516,335,6,Directed
516,356,1,Directed
516,382,1,Directed
516,437,10,Directed
516,443,1,Directed
516,506,9,Directed
516,508,3,Directed
516,532,109,Directed
516,541,7,Directed
516,550,1,Directed
516,576,7,Directed
516,644,7,Directed
516,650,7,Directed
516,653,3,Directed
516,654,7,Directed
516,657,7,Directed
516,682,7,Directed
516,700,8,Directed
516,702,9,Directed
516,704,1,Directed
516,719,8,Directed
516,738,10,Directed
516,743,18,Directed
516,745,7,Directed
516,747,3,Directed
516,761,78,Directed
516,764,7,Directed
516,783,31,Directed
516,790,40,Directed
516,804,26,Directed
516,828,11,Directed
516,837,12,Directed
516,850,12,Directed
516,881,55,Directed
516,921,7,Directed
516,923,7,Directed
516,924,40,Directed
516,945,4,Directed
516,979,7,Directed
516,996,7,Directed
516,1001,10,Directed
517,2,3,Directed
517,30,1,Directed
517,61,56,Directed
517,65,1,Directed
517,75,3,Directed
517,89,2,Directed
517,112,74,Directed
517,120,2,Directed
517,135,8,Directed
517,157,27,Directed
517,159,9,Directed
517,166,27,Directed
517,186,15,Directed
517,189,2,Directed
517,209,1,Directed
517,232,2,Directed
517,243,1,Directed
517,256,15,Directed
517,267,127,Directed
517,313,4,Directed
517,317,1,Directed
517,332,3,Directed
517,334,2,Directed
517,356,51,Directed
517,362,1,Directed
517,383,4,Directed
517,388,1,Directed
517,392,10,Directed
517,415,4,Directed
517,416,1,Directed
517,425,1,Directed
517,443,2,Directed
517,444,1,Directed
517,447,1,Directed
517,450,5,Directed
517,459,24,Directed
517,462,3,Directed
517,472,7,Directed
517,478,26,Directed
517,485,4,Directed
517,502,2,Directed
517,530,4,Directed
517,535,5,Directed
517,542,22,Directed
517,546,3,Directed
517,564,2,Directed
517,565,15,Directed
517,586,38,Directed
517,591,3,Directed
517,602,25,Directed
517,607,5,Directed
517,646,1,Directed
517,648,23,Directed
517,674,24,Directed
517,684,8,Directed
517,687,2,Directed
517,692,1,Directed
517,718,36,Directed
517,722,1,Directed
517,730,1,Directed
517,731,4,Directed
517,742,5,Directed
517,743,3,Directed
517,746,1,Directed
517,751,11,Directed
517,765,13,Directed
517,772,1,Directed
517,776,1,Directed
517,782,1,Directed
517,803,53,Directed
517,813,1,Directed
517,814,2,Directed
517,851,5,Directed
517,854,17,Directed
517,868,1,Directed
517,890,1,Directed
517,891,2,Directed
517,900,1,Directed
517,912,1,Directed
517,915,11,Directed
517,920,4,Directed
517,923,1,Directed
517,935,1,Directed
517,948,12,Directed
517,952,8,Directed
517,962,2,Directed
518,53,7,Directed
518,62,18,Directed
518,90,2,Directed
518,113,3,Directed
518,120,5,Directed
518,124,2,Directed
518,147,1,Directed
518,163,10,Directed
518,196,1,Directed
518,214,6,Directed
518,229,1,Directed
518,250,14,Directed
518,367,2,Directed
518,369,7,Directed
518,383,6,Directed
518,415,1,Directed
518,416,1,Directed
518,425,1,Directed
518,435,1,Directed
518,444,6,Directed
518,485,3,Directed
518,513,8,Directed
518,535,33,Directed
518,542,16,Directed
518,551,8,Directed
518,609,4,Directed
518,646,14,Directed
518,683,1,Directed
518,722,5,Directed
518,752,6,Directed
518,772,1,Directed
518,799,40,Directed
518,823,8,Directed
518,833,1,Directed
518,854,38,Directed
518,895,58,Directed
518,913,9,Directed
518,951,1,Directed
518,962,1,Directed
519,502,2,Directed
519,790,3,Directed
519,862,1,Directed
520,15,2,Directed
520,680,2,Directed
520,731,2,Directed
521,133,1,Directed
521,912,2,Directed
522,19,1,Directed
522,38,4,Directed
522,61,53,Directed
522,75,1,Directed
522,114,3,Directed
522,120,1,Directed
522,127,2,Directed
522,145,1,Directed
522,189,1,Directed
522,239,2,Directed
522,265,1,Directed
522,293,1,Directed
522,334,1,Directed
522,365,3,Directed
522,377,2,Directed
522,415,2,Directed
522,428,3,Directed
522,436,1,Directed
522,457,1,Directed
522,460,2,Directed
522,546,23,Directed
522,550,2,Directed
522,613,1,Directed
522,716,2,Directed
522,718,4,Directed
522,732,7,Directed
522,746,2,Directed
522,843,1,Directed
522,854,1,Directed
522,891,2,Directed
522,907,1,Directed
523,104,13,Directed
523,137,1,Directed
523,229,4,Directed
523,273,1,Directed
523,306,8,Directed
523,309,1,Directed
523,317,1,Directed
523,374,1,Directed
523,383,1,Directed
523,692,1,Directed
523,749,1,Directed
523,765,4,Directed
523,863,2,Directed
523,886,1,Directed
526,2,10,Directed
526,24,2,Directed
526,90,5,Directed
526,136,1,Directed
526,160,15,Directed
526,188,1,Directed
526,267,12,Directed
526,280,8,Directed
526,360,78,Directed
526,383,9,Directed
526,414,1,Directed
526,528,2,Directed
526,530,12,Directed
526,546,3,Directed
526,547,1,Directed
526,550,5,Directed
526,561,13,Directed
526,629,33,Directed
526,630,1,Directed
526,631,2,Directed
526,685,2,Directed
526,772,1,Directed
526,790,1,Directed
526,846,1,Directed
526,867,1,Directed
526,891,5,Directed
526,902,8,Directed
526,920,1,Directed
526,978,2,Directed
527,12,4,Directed
527,304,1,Directed
527,406,1,Directed
527,422,8,Directed
527,441,1,Directed
527,456,2,Directed
527,680,2,Directed
527,696,2,Directed
527,710,50,Directed
527,720,16,Directed
527,731,3,Directed
527,785,1,Directed
527,855,2,Directed
527,870,18,Directed
527,951,1,Directed
528,2,3,Directed
528,8,1,Directed
528,16,1,Directed
528,24,2,Directed
528,30,1,Directed
528,32,1,Directed
528,38,2,Directed
528,40,1,Directed
528,48,1,Directed
528,52,2,Directed
528,65,2,Directed
528,72,3,Directed
528,75,1,Directed
528,82,1,Directed
528,84,1,Directed
528,120,1,Directed
528,126,1,Directed
528,135,4,Directed
528,143,1,Directed
528,147,1,Directed
528,164,1,Directed
528,166,1,Directed
528,178,1,Directed
528,188,1,Directed
528,189,2,Directed
528,193,6,Directed
528,205,4,Directed
528,239,4,Directed
528,245,1,Directed
528,257,1,Directed
528,278,1,Directed
528,280,4,Directed
528,281,2,Directed
528,306,1,Directed
528,310,2,Directed
528,334,1,Directed
528,335,1,Directed
528,337,1,Directed
528,340,1,Directed
528,343,2,Directed
528,356,2,Directed
528,362,28,Directed
528,371,3,Directed
528,377,1,Directed
528,380,1,Directed
528,383,21,Directed
528,388,3,Directed
528,389,1,Directed
528,433,1,Directed
528,444,1,Directed
528,462,1,Directed
528,469,1,Directed
528,499,2,Directed
528,502,5,Directed
528,526,1,Directed
528,531,3,Directed
528,542,3,Directed
528,566,1,Directed
528,572,1,Directed
528,580,1,Directed
528,581,1,Directed
528,585,11,Directed
528,586,1,Directed
528,589,13,Directed
528,590,1,Directed
528,607,5,Directed
528,609,7,Directed
528,638,2,Directed
528,660,2,Directed
528,663,4,Directed
528,685,2,Directed
528,687,3,Directed
528,692,3,Directed
528,700,1,Directed
528,703,2,Directed
528,722,1,Directed
528,724,1,Directed
528,731,2,Directed
528,739,4,Directed
528,742,5,Directed
528,743,1,Directed
528,754,1,Directed
528,763,2,Directed
528,765,5,Directed
528,769,1,Directed
528,771,2,Directed
528,772,3,Directed
528,783,2,Directed
528,789,1,Directed
528,803,3,Directed
528,830,2,Directed
528,851,1,Directed
528,853,1,Directed
528,854,2,Directed
528,866,2,Directed
528,867,8,Directed
528,890,2,Directed
528,909,19,Directed
528,915,1,Directed
528,920,1,Directed
528,921,1,Directed
528,922,9,Directed
528,923,7,Directed
528,969,1,Directed
528,980,3,Directed
528,997,1,Directed
530,2,9,Directed
530,24,130,Directed
530,32,1,Directed
530,61,8,Directed
530,65,8,Directed
530,75,2,Directed
530,90,10,Directed
530,112,1,Directed
530,120,5,Directed
530,134,1,Directed
530,135,6,Directed
530,141,10,Directed
530,157,8,Directed
530,159,3,Directed
530,160,45,Directed
530,167,2,Directed
530,178,7,Directed
530,188,7,Directed
530,189,11,Directed
530,190,1,Directed
530,197,2,Directed
530,200,15,Directed
530,214,7,Directed
530,239,1,Directed
530,248,10,Directed
530,267,81,Directed
530,280,79,Directed
530,281,2,Directed
530,288,6,Directed
530,316,2,Directed
530,334,4,Directed
530,356,7,Directed
530,360,19,Directed
530,362,1,Directed
530,371,1,Directed
530,377,5,Directed
530,383,5,Directed
530,391,2,Directed
530,413,1,Directed
530,414,1,Directed
530,428,11,Directed
530,443,2,Directed
530,445,3,Directed
530,449,1,Directed
530,450,12,Directed
530,462,1,Directed
530,469,1,Directed
530,483,1,Directed
530,484,10,Directed
530,493,71,Directed
530,502,7,Directed
530,507,1,Directed
530,512,3,Directed
530,517,3,Directed
530,526,29,Directed
530,542,4,Directed
530,550,1,Directed
530,561,8,Directed
530,569,1,Directed
530,571,1,Directed
530,586,11,Directed
530,591,2,Directed
530,595,1,Directed
530,607,3,Directed
530,629,506,Directed
530,630,159,Directed
530,631,6,Directed
530,633,3,Directed
530,656,1,Directed
530,658,24,Directed
530,662,3,Directed
530,671,4,Directed
530,684,5,Directed
530,685,46,Directed
530,687,1,Directed
530,690,1,Directed
530,692,3,Directed
530,693,1,Directed
530,696,2,Directed
530,700,3,Directed
530,718,6,Directed
530,724,4,Directed
530,731,3,Directed
530,739,2,Directed
530,740,1,Directed
530,742,5,Directed
530,746,8,Directed
530,750,3,Directed
530,765,1,Directed
530,772,5,Directed
530,776,5,Directed
530,790,2,Directed
530,838,22,Directed
530,846,7,Directed
530,851,29,Directed
530,857,11,Directed
530,858,2,Directed
530,891,400,Directed
530,915,54,Directed
530,920,16,Directed
530,935,2,Directed
530,948,1,Directed
530,954,1,Directed
530,988,1,Directed
531,56,11,Directed
531,68,6,Directed
531,75,1,Directed
531,90,2,Directed
531,95,6,Directed
531,135,3,Directed
531,159,1,Directed
531,214,23,Directed
531,223,2,Directed
531,231,4,Directed
531,245,2,Directed
531,248,1,Directed
531,251,9,Directed
531,280,1,Directed
531,306,2,Directed
531,338,1,Directed
531,383,9,Directed
531,418,1,Directed
531,432,1,Directed
531,433,5,Directed
531,461,4,Directed
531,462,2,Directed
531,480,1,Directed
531,482,103,Directed
531,528,7,Directed
531,540,1,Directed
531,591,1,Directed
531,607,8,Directed
531,641,20,Directed
531,659,1,Directed
531,671,3,Directed
531,687,1,Directed
531,692,1,Directed
531,731,1,Directed
531,738,3,Directed
531,746,2,Directed
531,769,1,Directed
531,789,8,Directed
531,796,9,Directed
531,809,10,Directed
531,886,1,Directed
531,890,2,Directed
531,923,3,Directed
531,983,3,Directed
531,987,113,Directed
531,994,23,Directed
532,2,7,Directed
532,5,9,Directed
532,13,46,Directed
532,14,2,Directed
532,29,5,Directed
532,107,6,Directed
532,118,7,Directed
532,131,1,Directed
532,173,1,Directed
532,175,10,Directed
532,192,3,Directed
532,197,1,Directed
532,199,3,Directed
532,201,1,Directed
532,236,7,Directed
532,270,5,Directed
532,327,1,Directed
532,335,27,Directed
532,381,93,Directed
532,437,11,Directed
532,468,1,Directed
532,491,4,Directed
532,502,1,Directed
532,506,2,Directed
532,508,1,Directed
532,516,143,Directed
532,537,4,Directed
532,541,3,Directed
532,553,18,Directed
532,576,3,Directed
532,644,1,Directed
532,650,6,Directed
532,653,1,Directed
532,654,1,Directed
532,657,1,Directed
532,670,8,Directed
532,682,1,Directed
532,688,5,Directed
532,690,1,Directed
532,700,33,Directed
532,702,2,Directed
532,719,1,Directed
532,737,1,Directed
532,738,2,Directed
532,743,1,Directed
532,745,1,Directed
532,747,1,Directed
532,761,39,Directed
532,783,3,Directed
532,790,15,Directed
532,804,46,Directed
532,808,2,Directed
532,812,1,Directed
532,820,3,Directed
532,828,4,Directed
532,837,2,Directed
532,850,1,Directed
532,881,7,Directed
532,898,2,Directed
532,921,2,Directed
532,923,1,Directed
532,924,1,Directed
532,945,1,Directed
532,969,3,Directed
532,979,3,Directed
532,980,1,Directed
532,996,1,Directed
532,1001,14,Directed
532,1004,1,Directed
533,742,1,Directed
533,784,1,Directed
534,16,2,Directed
534,32,8,Directed
534,38,5,Directed
534,42,12,Directed
534,61,4,Directed
534,64,14,Directed
534,65,4,Directed
534,70,34,Directed
534,75,2,Directed
534,84,16,Directed
534,90,2,Directed
534,102,17,Directed
534,106,4,Directed
534,120,9,Directed
534,125,21,Directed
534,139,17,Directed
534,154,5,Directed
534,159,4,Directed
534,174,3,Directed
534,185,1,Directed
534,188,4,Directed
534,206,14,Directed
534,214,5,Directed
534,223,8,Directed
534,247,4,Directed
534,309,5,Directed
534,310,4,Directed
534,322,19,Directed
534,323,4,Directed
534,324,16,Directed
534,329,1,Directed
534,334,6,Directed
534,337,2,Directed
534,343,34,Directed
534,367,1,Directed
534,388,79,Directed
534,395,1,Directed
534,402,1,Directed
534,460,4,Directed
534,474,6,Directed
534,477,19,Directed
534,487,7,Directed
534,489,10,Directed
534,502,2,Directed
534,505,4,Directed
534,510,39,Directed
534,546,3,Directed
534,550,6,Directed
534,562,10,Directed
534,586,2,Directed
534,591,80,Directed
534,601,5,Directed
534,607,7,Directed
534,612,2,Directed
534,622,11,Directed
534,633,1,Directed
534,634,1,Directed
534,638,12,Directed
534,649,16,Directed
534,663,2,Directed
534,676,6,Directed
534,692,10,Directed
534,696,2,Directed
534,718,4,Directed
534,735,2,Directed
534,740,6,Directed
534,746,5,Directed
534,772,2,Directed
534,788,4,Directed
534,822,7,Directed
534,862,26,Directed
534,863,1,Directed
534,870,1,Directed
534,879,7,Directed
534,890,2,Directed
534,893,4,Directed
534,906,4,Directed
534,919,4,Directed
534,923,3,Directed
534,939,28,Directed
534,951,4,Directed
534,993,1,Directed
535,2,4,Directed
535,62,7,Directed
535,113,17,Directed
535,120,3,Directed
535,124,2,Directed
535,157,2,Directed
535,159,3,Directed
535,185,1,Directed
535,214,3,Directed
535,250,22,Directed
535,267,1,Directed
535,334,1,Directed
535,356,1,Directed
535,369,89,Directed
535,444,60,Directed
535,462,1,Directed
535,472,7,Directed
535,499,1,Directed
535,500,2,Directed
535,513,9,Directed
535,517,1,Directed
535,518,17,Directed
535,542,23,Directed
535,556,1,Directed
535,586,2,Directed
535,607,1,Directed
535,646,1,Directed
535,684,1,Directed
535,722,20,Directed
535,762,4,Directed
535,823,22,Directed
535,854,16,Directed
535,913,16,Directed
535,927,7,Directed
536,115,1,Directed
537,0,2,Directed
537,90,3,Directed
537,107,26,Directed
537,181,9,Directed
537,208,12,Directed
537,236,140,Directed
537,249,2,Directed
537,320,2,Directed
537,327,1,Directed
537,335,29,Directed
537,381,5,Directed
537,423,7,Directed
537,440,36,Directed
537,442,1,Directed
537,468,1,Directed
537,473,1,Directed
537,528,2,Directed
537,532,9,Directed
537,657,2,Directed
537,664,3,Directed
537,674,6,Directed
537,700,1,Directed
537,737,2,Directed
537,775,2,Directed
537,790,4,Directed
538,130,1,Directed
538,178,7,Directed
538,184,1,Directed
538,228,2,Directed
538,231,1,Directed
538,235,1,Directed
538,314,1,Directed
538,333,1,Directed
538,362,2,Directed
538,407,1,Directed
538,418,7,Directed
538,470,3,Directed
538,502,40,Directed
538,547,2,Directed
538,569,4,Directed
538,572,1,Directed
538,605,11,Directed
538,693,4,Directed
538,700,1,Directed
538,724,1,Directed
538,862,7,Directed
538,951,2,Directed
538,976,2,Directed
539,332,3,Directed
540,24,8,Directed
540,28,29,Directed
540,53,8,Directed
540,56,17,Directed
540,68,11,Directed
540,75,1,Directed
540,95,5,Directed
540,120,3,Directed
540,135,1,Directed
540,153,2,Directed
540,159,2,Directed
540,161,6,Directed
540,170,2,Directed
540,193,11,Directed
540,197,1,Directed
540,214,5,Directed
540,226,5,Directed
540,231,210,Directed
540,233,9,Directed
540,242,1,Directed
540,245,151,Directed
540,251,3,Directed
540,264,29,Directed
540,278,4,Directed
540,290,5,Directed
540,311,58,Directed
540,329,46,Directed
540,338,70,Directed
540,361,5,Directed
540,364,8,Directed
540,415,2,Directed
540,422,2,Directed
540,427,15,Directed
540,432,2,Directed
540,433,20,Directed
540,461,1,Directed
540,480,2,Directed
540,482,7,Directed
540,483,2,Directed
540,511,3,Directed
540,531,2,Directed
540,543,4,Directed
540,546,2,Directed
540,581,9,Directed
540,582,8,Directed
540,587,4,Directed
540,624,48,Directed
540,630,3,Directed
540,633,3,Directed
540,641,61,Directed
540,692,14,Directed
540,696,1,Directed
540,697,56,Directed
540,698,27,Directed
540,700,4,Directed
540,736,20,Directed
540,749,6,Directed
540,764,20,Directed
540,773,5,Directed
540,774,7,Directed
540,789,6,Directed
540,796,5,Directed
540,809,3,Directed
540,819,2,Directed
540,830,12,Directed
540,832,1,Directed
540,836,4,Directed
540,840,64,Directed
540,849,4,Directed
540,855,47,Directed
540,863,5,Directed
540,872,2,Directed
540,873,66,Directed
540,890,3,Directed
540,925,48,Directed
540,951,6,Directed
540,955,206,Directed
540,962,2,Directed
540,987,72,Directed
540,994,141,Directed
540,1004,1,Directed
541,10,2,Directed
541,13,1,Directed
541,16,30,Directed
541,134,1,Directed
541,173,17,Directed
541,199,83,Directed
541,231,3,Directed
541,307,1,Directed
541,381,2,Directed
541,506,54,Directed
541,576,8,Directed
541,582,1,Directed
541,644,12,Directed
541,657,7,Directed
541,682,2,Directed
541,702,3,Directed
541,719,13,Directed
541,738,32,Directed
541,752,1,Directed
541,783,9,Directed
541,808,1,Directed
541,828,1,Directed
541,837,2,Directed
541,850,23,Directed
541,921,10,Directed
541,923,19,Directed
541,924,12,Directed
541,951,12,Directed
541,977,9,Directed
541,979,10,Directed
541,996,18,Directed
541,1001,7,Directed
542,53,1,Directed
542,61,1,Directed
542,62,232,Directed
542,65,2,Directed
542,75,1,Directed
542,90,1,Directed
542,113,16,Directed
542,120,9,Directed
542,126,3,Directed
542,136,2,Directed
542,157,36,Directed
542,159,3,Directed
542,163,1,Directed
542,193,1,Directed
542,214,2,Directed
542,250,12,Directed
542,332,4,Directed
542,334,1,Directed
542,356,18,Directed
542,415,10,Directed
542,444,2,Directed
542,462,2,Directed
542,472,4,Directed
542,485,71,Directed
542,499,1,Directed
542,500,17,Directed
542,502,3,Directed
542,513,5,Directed
542,517,20,Directed
542,518,11,Directed
542,528,2,Directed
542,530,3,Directed
542,535,18,Directed
542,546,3,Directed
542,550,3,Directed
542,586,20,Directed
542,587,1,Directed
542,591,6,Directed
542,595,1,Directed
542,607,2,Directed
542,609,1,Directed
542,646,62,Directed
542,674,1,Directed
542,684,12,Directed
542,687,2,Directed
542,692,1,Directed
542,718,7,Directed
542,722,2,Directed
542,743,4,Directed
542,746,3,Directed
542,762,1,Directed
542,765,6,Directed
542,772,2,Directed
542,799,1,Directed
542,812,3,Directed
542,823,39,Directed
542,844,2,Directed
542,854,13,Directed
542,895,1,Directed
542,915,2,Directed
542,923,9,Directed
542,927,2,Directed
542,948,2,Directed
543,136,2,Directed
543,142,4,Directed
543,165,2,Directed
543,200,3,Directed
543,302,4,Directed
543,316,7,Directed
543,344,4,Directed
543,428,22,Directed
543,540,3,Directed
543,654,2,Directed
543,838,4,Directed
543,857,1,Directed
543,890,1,Directed
543,891,1,Directed
543,915,3,Directed
543,951,3,Directed
543,952,9,Directed
543,971,6,Directed
543,991,4,Directed
544,8,43,Directed
544,65,2,Directed
544,75,2,Directed
544,120,4,Directed
544,143,46,Directed
544,144,8,Directed
544,159,1,Directed
544,214,3,Directed
544,367,1,Directed
544,563,18,Directed
544,580,12,Directed
544,669,50,Directed
544,739,14,Directed
544,741,11,Directed
544,791,12,Directed
544,890,2,Directed
544,962,1,Directed
545,30,2,Directed
545,232,1,Directed
545,946,2,Directed
546,8,2,Directed
546,13,1,Directed
546,17,2,Directed
546,40,1,Directed
546,48,1,Directed
546,53,2,Directed
546,61,5,Directed
546,65,3,Directed
546,75,5,Directed
546,90,1,Directed
546,113,1,Directed
546,120,4,Directed
546,127,1,Directed
546,136,1,Directed
546,147,3,Directed
546,150,1,Directed
546,159,1,Directed
546,160,1,Directed
546,176,1,Directed
546,178,1,Directed
546,188,1,Directed
546,189,8,Directed
546,193,6,Directed
546,196,1,Directed
546,197,6,Directed
546,200,1,Directed
546,205,1,Directed
546,220,4,Directed
546,245,3,Directed
546,248,1,Directed
546,272,2,Directed
546,274,1,Directed
546,277,3,Directed
546,281,2,Directed
546,293,3,Directed
546,326,1,Directed
546,334,2,Directed
546,371,1,Directed
546,415,8,Directed
546,416,1,Directed
546,428,1,Directed
546,443,4,Directed
546,447,2,Directed
546,450,3,Directed
546,458,1,Directed
546,470,1,Directed
546,491,1,Directed
546,495,1,Directed
546,499,2,Directed
546,500,2,Directed
546,502,2,Directed
546,517,4,Directed
546,522,7,Directed
546,526,1,Directed
546,534,10,Directed
546,540,4,Directed
546,542,9,Directed
546,550,40,Directed
546,551,1,Directed
546,558,1,Directed
546,563,1,Directed
546,565,3,Directed
546,573,2,Directed
546,577,2,Directed
546,586,2,Directed
546,590,2,Directed
546,595,10,Directed
546,607,8,Directed
546,609,1,Directed
546,614,7,Directed
546,629,6,Directed
546,640,1,Directed
546,662,3,Directed
546,669,3,Directed
546,679,6,Directed
546,684,7,Directed
546,687,2,Directed
546,692,2,Directed
546,703,1,Directed
546,704,3,Directed
546,712,2,Directed
546,715,1,Directed
546,721,1,Directed
546,731,1,Directed
546,738,4,Directed
546,742,4,Directed
546,743,8,Directed
546,746,2,Directed
546,764,1,Directed
546,771,2,Directed
546,772,7,Directed
546,776,1,Directed
546,784,3,Directed
546,801,1,Directed
546,803,1,Directed
546,830,1,Directed
546,841,6,Directed
546,843,1,Directed
546,844,8,Directed
546,850,1,Directed
546,851,3,Directed
546,854,3,Directed
546,873,6,Directed
546,891,1,Directed
546,900,10,Directed
546,910,1,Directed
546,912,1,Directed
546,915,1,Directed
546,920,16,Directed
546,923,14,Directed
546,927,1,Directed
546,962,1,Directed
547,24,2,Directed
547,35,11,Directed
547,120,1,Directed
547,141,8,Directed
547,159,1,Directed
547,160,1,Directed
547,167,32,Directed
547,188,17,Directed
547,207,18,Directed
547,239,1,Directed
547,241,15,Directed
547,280,15,Directed
547,293,21,Directed
547,301,21,Directed
547,383,4,Directed
547,387,1,Directed
547,421,16,Directed
547,424,21,Directed
547,469,10,Directed
547,512,14,Directed
547,538,2,Directed
547,552,10,Directed
547,561,2,Directed
547,614,12,Directed
547,630,3,Directed
547,631,1,Directed
547,647,9,Directed
547,656,3,Directed
547,667,1,Directed
547,709,7,Directed
547,795,15,Directed
547,817,14,Directed
547,824,9,Directed
547,846,1,Directed
547,847,1,Directed
547,851,35,Directed
547,862,24,Directed
547,891,1,Directed
547,902,2,Directed
547,954,11,Directed
547,957,11,Directed
547,964,1,Directed
547,978,26,Directed
547,988,7,Directed
548,1,1,Directed
548,42,1,Directed
548,46,1,Directed
548,164,17,Directed
548,174,1,Directed
548,299,1,Directed
548,322,4,Directed
548,337,1,Directed
548,368,2,Directed
548,399,1,Directed
548,420,1,Directed
548,638,5,Directed
548,853,4,Directed
548,879,2,Directed
549,104,3,Directed
549,135,29,Directed
549,293,2,Directed
549,528,1,Directed
549,687,2,Directed
549,866,7,Directed
549,994,2,Directed
550,61,6,Directed
550,75,5,Directed
550,120,1,Directed
550,160,2,Directed
550,189,3,Directed
550,193,4,Directed
550,197,1,Directed
550,214,1,Directed
550,245,1,Directed
550,248,8,Directed
550,356,1,Directed
550,388,3,Directed
550,413,1,Directed
550,443,4,Directed
550,499,1,Directed
550,500,5,Directed
550,502,1,Directed
550,526,3,Directed
550,532,1,Directed
550,534,2,Directed
550,542,1,Directed
550,546,132,Directed
550,558,1,Directed
550,595,2,Directed
550,607,2,Directed
550,617,1,Directed
550,629,1,Directed
550,661,1,Directed
550,671,2,Directed
550,692,3,Directed
550,700,2,Directed
550,703,1,Directed
550,704,2,Directed
550,742,3,Directed
550,743,10,Directed
550,746,12,Directed
550,776,1,Directed
550,803,1,Directed
550,812,8,Directed
550,834,3,Directed
550,854,3,Directed
550,868,1,Directed
550,873,1,Directed
550,891,3,Directed
550,920,2,Directed
550,923,3,Directed
550,994,1,Directed
551,2,2,Directed
551,62,10,Directed
551,124,4,Directed
551,134,1,Directed
551,159,5,Directed
551,214,4,Directed
551,250,6,Directed
551,367,1,Directed
551,369,3,Directed
551,444,2,Directed
551,485,3,Directed
551,513,7,Directed
551,518,2,Directed
551,535,2,Directed
551,542,1,Directed
551,546,1,Directed
551,556,1,Directed
551,646,3,Directed
551,743,1,Directed
551,790,3,Directed
551,799,10,Directed
551,823,5,Directed
551,854,2,Directed
551,895,12,Directed
551,963,1,Directed
552,35,5,Directed
552,141,5,Directed
552,160,1,Directed
552,165,2,Directed
552,167,12,Directed
552,188,6,Directed
552,207,4,Directed
552,241,1,Directed
552,267,1,Directed
552,274,1,Directed
552,301,5,Directed
552,379,1,Directed
552,421,4,Directed
552,424,8,Directed
552,469,4,Directed
552,512,4,Directed
552,547,4,Directed
552,614,11,Directed
552,656,1,Directed
552,685,1,Directed
552,795,4,Directed
552,817,13,Directed
552,824,2,Directed
552,851,19,Directed
552,858,27,Directed
552,901,1,Directed
552,951,23,Directed
552,954,4,Directed
552,957,3,Directed
552,978,5,Directed
552,988,5,Directed
553,5,16,Directed
553,29,2,Directed
553,107,82,Directed
553,118,3,Directed
553,175,4,Directed
553,201,2,Directed
553,278,1,Directed
553,335,9,Directed
553,381,1,Directed
553,464,2,Directed
553,491,2,Directed
553,532,22,Directed
553,670,46,Directed
553,687,2,Directed
553,688,2,Directed
553,808,3,Directed
553,810,1,Directed
553,898,1,Directed
553,1001,1,Directed
554,90,2,Directed
554,134,1,Directed
554,185,3,Directed
554,633,1,Directed
556,77,1,Directed
556,168,20,Directed
556,416,4,Directed
556,472,1,Directed
556,535,1,Directed
556,912,5,Directed
556,949,1,Directed
558,25,23,Directed
558,41,6,Directed
558,48,35,Directed
558,73,3,Directed
558,159,3,Directed
558,207,43,Directed
558,214,2,Directed
558,216,81,Directed
558,239,1,Directed
558,299,1,Directed
558,318,18,Directed
558,319,54,Directed
558,321,21,Directed
558,332,2,Directed
558,349,1,Directed
558,366,1,Directed
558,372,2,Directed
558,415,1,Directed
558,434,1,Directed
558,458,47,Directed
558,499,58,Directed
558,550,1,Directed
558,565,44,Directed
558,618,5,Directed
558,672,3,Directed
558,679,1,Directed
558,684,35,Directed
558,704,15,Directed
558,723,5,Directed
558,758,4,Directed
558,844,33,Directed
558,918,8,Directed
558,946,2,Directed
558,956,55,Directed
558,1000,4,Directed
559,50,111,Directed
559,96,2,Directed
559,106,1,Directed
559,164,1,Directed
559,299,19,Directed
559,346,6,Directed
559,376,1,Directed
559,402,28,Directed
559,420,49,Directed
559,489,2,Directed
559,622,102,Directed
559,634,18,Directed
561,2,2,Directed
561,24,4,Directed
561,67,28,Directed
561,159,1,Directed
561,160,6,Directed
561,207,6,Directed
561,267,5,Directed
561,280,4,Directed
561,288,6,Directed
561,360,2,Directed
561,493,23,Directed
561,526,11,Directed
561,585,1,Directed
561,629,29,Directed
561,631,17,Directed
561,647,3,Directed
561,658,2,Directed
561,750,1,Directed
561,838,3,Directed
561,846,153,Directed
561,978,2,Directed
561,990,1,Directed
563,8,1,Directed
563,143,1,Directed
563,414,2,Directed
563,422,2,Directed
563,423,2,Directed
563,546,1,Directed
563,580,1,Directed
563,696,4,Directed
563,731,12,Directed
563,779,1,Directed
563,891,1,Directed
565,25,2,Directed
565,41,45,Directed
565,48,6,Directed
565,61,2,Directed
565,73,5,Directed
565,90,1,Directed
565,134,3,Directed
565,147,1,Directed
565,159,5,Directed
565,166,5,Directed
565,178,5,Directed
565,216,2,Directed
565,318,1,Directed
565,319,1,Directed
565,321,20,Directed
565,388,2,Directed
565,458,7,Directed
565,481,15,Directed
565,499,19,Directed
565,502,3,Directed
565,517,8,Directed
565,528,1,Directed
565,550,1,Directed
565,558,23,Directed
565,672,1,Directed
565,679,25,Directed
565,684,24,Directed
565,704,13,Directed
565,723,37,Directed
565,743,4,Directed
565,758,2,Directed
565,772,2,Directed
565,844,18,Directed
565,926,7,Directed
565,956,10,Directed
565,1000,1,Directed
566,98,3,Directed
566,120,40,Directed
566,159,2,Directed
566,257,1,Directed
566,278,12,Directed
566,280,1,Directed
566,290,8,Directed
566,367,1,Directed
566,377,1,Directed
566,462,1,Directed
566,528,2,Directed
566,553,2,Directed
566,614,1,Directed
566,713,2,Directed
566,718,1,Directed
566,739,1,Directed
566,772,26,Directed
566,775,1,Directed
566,923,1,Directed
568,26,1,Directed
568,40,15,Directed
568,60,6,Directed
568,61,7,Directed
568,185,2,Directed
568,187,20,Directed
568,198,11,Directed
568,229,2,Directed
568,254,1,Directed
568,272,16,Directed
568,293,13,Directed
568,379,107,Directed
568,383,1,Directed
568,450,28,Directed
568,466,3,Directed
568,488,40,Directed
568,495,50,Directed
568,528,2,Directed
568,572,5,Directed
568,585,1,Directed
568,595,3,Directed
568,596,6,Directed
568,660,6,Directed
568,662,10,Directed
568,678,4,Directed
568,695,12,Directed
568,700,1,Directed
568,712,2,Directed
568,742,1,Directed
568,771,7,Directed
568,774,1,Directed
568,784,4,Directed
568,802,8,Directed
568,900,5,Directed
568,935,1,Directed
568,947,83,Directed
569,0,81,Directed
569,2,1,Directed
569,6,85,Directed
569,31,4,Directed
569,32,5,Directed
569,40,1,Directed
569,65,4,Directed
569,75,1,Directed
569,78,40,Directed
569,90,1,Directed
569,99,5,Directed
569,107,3,Directed
569,120,2,Directed
569,127,3,Directed
569,159,5,Directed
569,178,14,Directed
569,188,2,Directed
569,189,4,Directed
569,196,1,Directed
569,214,2,Directed
569,228,81,Directed
569,231,1,Directed
569,235,1,Directed
569,249,89,Directed
569,280,2,Directed
569,281,2,Directed
569,293,7,Directed
569,295,69,Directed
569,314,5,Directed
569,333,88,Directed
569,334,1,Directed
569,339,17,Directed
569,356,3,Directed
569,360,2,Directed
569,409,80,Directed
569,410,1,Directed
569,415,69,Directed
569,422,2,Directed
569,428,3,Directed
569,470,96,Directed
569,482,137,Directed
569,483,1,Directed
569,491,3,Directed
569,502,80,Directed
569,519,2,Directed
569,530,2,Directed
569,538,83,Directed
569,580,2,Directed
569,599,98,Directed
569,605,85,Directed
569,607,4,Directed
569,629,1,Directed
569,631,4,Directed
569,685,3,Directed
569,687,1,Directed
569,693,86,Directed
569,710,80,Directed
569,749,73,Directed
569,752,1,Directed
569,767,35,Directed
569,808,1,Directed
569,851,1,Directed
569,862,126,Directed
569,890,1,Directed
569,915,1,Directed
569,929,5,Directed
569,951,19,Directed
569,953,2,Directed
569,976,74,Directed
569,977,5,Directed
569,978,1,Directed
569,990,5,Directed
569,991,70,Directed
570,742,1,Directed
570,765,2,Directed
570,851,2,Directed
571,62,71,Directed
571,111,7,Directed
571,160,126,Directed
571,161,39,Directed
571,277,57,Directed
571,285,44,Directed
571,394,113,Directed
571,450,105,Directed
571,530,101,Directed
571,534,15,Directed
571,542,25,Directed
571,663,45,Directed
571,684,105,Directed
571,731,18,Directed
571,742,125,Directed
571,776,81,Directed
571,813,140,Directed
571,870,41,Directed
571,885,30,Directed
571,900,151,Directed
571,910,14,Directed
571,935,65,Directed
572,32,7,Directed
572,40,45,Directed
572,53,1,Directed
572,82,1,Directed
572,120,3,Directed
572,159,6,Directed
572,161,6,Directed
572,187,3,Directed
572,246,9,Directed
572,272,3,Directed
572,293,4,Directed
572,371,2,Directed
572,372,18,Directed
572,414,7,Directed
572,422,2,Directed
572,433,1,Directed
572,450,22,Directed
572,466,4,Directed
572,502,1,Directed
572,538,1,Directed
572,568,1,Directed
572,569,2,Directed
572,595,1,Directed
572,596,2,Directed
572,662,1,Directed
572,693,2,Directed
572,695,2,Directed
572,696,3,Directed
572,711,1,Directed
572,724,2,Directed
572,731,4,Directed
572,746,2,Directed
572,749,3,Directed
572,772,1,Directed
572,801,2,Directed
572,802,5,Directed
572,862,9,Directed
572,870,1,Directed
572,890,3,Directed
572,951,5,Directed
573,30,2,Directed
573,74,7,Directed
573,111,2,Directed
573,120,2,Directed
573,126,16,Directed
573,149,1,Directed
573,166,15,Directed
573,209,2,Directed
573,294,5,Directed
573,332,3,Directed
573,356,2,Directed
573,415,1,Directed
573,416,8,Directed
573,435,11,Directed
573,447,5,Directed
573,500,1,Directed
573,515,2,Directed
573,586,43,Directed
573,617,9,Directed
573,648,7,Directed
573,687,1,Directed
573,762,3,Directed
573,765,2,Directed
573,868,3,Directed
573,885,1,Directed
575,45,2,Directed
575,66,1,Directed
575,77,11,Directed
575,168,52,Directed
575,232,21,Directed
575,260,5,Directed
575,313,1,Directed
575,332,14,Directed
575,347,2,Directed
575,416,1,Directed
575,439,1,Directed
575,472,56,Directed
575,500,4,Directed
575,782,41,Directed
575,814,4,Directed
575,912,16,Directed
575,966,7,Directed
576,502,1,Directed
576,506,7,Directed
576,532,2,Directed
576,541,8,Directed
576,657,7,Directed
576,783,2,Directed
576,850,2,Directed
576,923,1,Directed
577,2,1,Directed
577,53,1,Directed
577,58,5,Directed
577,129,4,Directed
577,147,42,Directed
577,157,26,Directed
577,159,6,Directed
577,171,12,Directed
577,178,1,Directed
577,214,13,Directed
577,230,2,Directed
577,239,6,Directed
577,255,13,Directed
577,267,7,Directed
577,277,9,Directed
577,285,9,Directed
577,308,2,Directed
577,336,6,Directed
577,347,12,Directed
577,355,9,Directed
577,383,3,Directed
577,458,47,Directed
577,546,1,Directed
577,590,12,Directed
577,607,2,Directed
577,686,24,Directed
577,715,15,Directed
577,748,10,Directed
577,810,1,Directed
577,862,2,Directed
577,926,22,Directed
577,931,9,Directed
577,933,15,Directed
577,936,17,Directed
577,951,3,Directed
577,966,1,Directed
577,972,8,Directed
580,8,2,Directed
580,32,13,Directed
580,48,1,Directed
580,91,7,Directed
580,135,3,Directed
580,143,33,Directed
580,197,1,Directed
580,229,2,Directed
580,377,1,Directed
580,383,2,Directed
580,409,3,Directed
580,480,1,Directed
580,528,2,Directed
580,544,3,Directed
580,563,2,Directed
580,569,1,Directed
580,582,7,Directed
580,669,2,Directed
580,686,3,Directed
580,710,1,Directed
580,739,2,Directed
580,791,16,Directed
580,809,1,Directed
580,862,6,Directed
580,976,1,Directed
581,30,1,Directed
581,34,1,Directed
581,53,3,Directed
581,72,15,Directed
581,90,2,Directed
581,135,76,Directed
581,137,12,Directed
581,159,1,Directed
581,161,9,Directed
581,170,22,Directed
581,193,2,Directed
581,231,1,Directed
581,233,8,Directed
581,245,2,Directed
581,248,2,Directed
581,267,8,Directed
581,273,10,Directed
581,292,4,Directed
581,329,1,Directed
581,332,1,Directed
581,337,12,Directed
581,338,1,Directed
581,367,2,Directed
581,371,5,Directed
581,383,1,Directed
581,405,5,Directed
581,443,1,Directed
581,450,1,Directed
581,540,14,Directed
581,546,2,Directed
581,585,1,Directed
581,594,3,Directed
581,609,3,Directed
581,628,7,Directed
581,633,1,Directed
581,692,11,Directed
581,697,1,Directed
581,703,8,Directed
581,720,16,Directed
581,742,22,Directed
581,749,1,Directed
581,757,1,Directed
581,765,2,Directed
581,772,3,Directed
581,830,4,Directed
581,851,1,Directed
581,855,31,Directed
581,870,1,Directed
581,890,1,Directed
581,932,6,Directed
581,936,42,Directed
581,942,6,Directed
581,951,7,Directed
582,2,4,Directed
582,28,1,Directed
582,56,1,Directed
582,105,20,Directed
582,173,4,Directed
582,175,3,Directed
582,231,2,Directed
582,245,2,Directed
582,264,1,Directed
582,311,4,Directed
582,329,18,Directed
582,338,1,Directed
582,364,50,Directed
582,369,1,Directed
582,433,2,Directed
582,440,1,Directed
582,506,1,Directed
582,514,1,Directed
582,540,10,Directed
582,541,1,Directed
582,580,5,Directed
582,624,3,Directed
582,650,1,Directed
582,674,2,Directed
582,686,3,Directed
582,690,1,Directed
582,700,1,Directed
582,764,71,Directed
582,789,1,Directed
582,790,2,Directed
582,832,15,Directed
582,840,3,Directed
582,849,8,Directed
582,890,1,Directed
582,923,2,Directed
582,925,1,Directed
582,955,3,Directed
582,987,9,Directed
582,994,47,Directed
582,996,1,Directed
584,15,4,Directed
584,284,7,Directed
584,422,1,Directed
584,680,4,Directed
584,731,14,Directed
584,951,1,Directed
585,4,7,Directed
585,25,2,Directed
585,31,1,Directed
585,35,6,Directed
585,40,1,Directed
585,58,2,Directed
585,82,2,Directed
585,95,1,Directed
585,114,1,Directed
585,118,2,Directed
585,126,2,Directed
585,133,1,Directed
585,135,2,Directed
585,141,1,Directed
585,142,2,Directed
585,149,3,Directed
585,157,1,Directed
585,160,2,Directed
585,167,5,Directed
585,168,5,Directed
585,184,3,Directed
585,188,4,Directed
585,189,2,Directed
585,207,2,Directed
585,228,3,Directed
585,272,1,Directed
585,274,1,Directed
585,280,1,Directed
585,281,1,Directed
585,293,2,Directed
585,299,1,Directed
585,306,14,Directed
585,318,1,Directed
585,319,1,Directed
585,324,1,Directed
585,360,1,Directed
585,362,2,Directed
585,371,28,Directed
585,377,1,Directed
585,400,1,Directed
585,407,1,Directed
585,421,1,Directed
585,424,3,Directed
585,444,1,Directed
585,469,2,Directed
585,502,2,Directed
585,528,1,Directed
585,530,2,Directed
585,538,1,Directed
585,547,8,Directed
585,558,1,Directed
585,561,3,Directed
585,563,1,Directed
585,568,5,Directed
585,580,1,Directed
585,645,1,Directed
585,659,2,Directed
585,660,3,Directed
585,673,1,Directed
585,695,18,Directed
585,719,1,Directed
585,742,3,Directed
585,764,1,Directed
585,767,2,Directed
585,771,5,Directed
585,822,7,Directed
585,849,2,Directed
585,851,1,Directed
585,857,2,Directed
585,862,3,Directed
585,870,2,Directed
585,901,4,Directed
585,909,10,Directed
585,922,7,Directed
585,937,3,Directed
585,939,3,Directed
585,953,5,Directed
585,954,6,Directed
585,956,1,Directed
585,957,5,Directed
585,978,10,Directed
585,980,3,Directed
585,990,2,Directed
586,2,5,Directed
586,5,5,Directed
586,38,17,Directed
586,52,10,Directed
586,58,26,Directed
586,61,9,Directed
586,65,3,Directed
586,74,88,Directed
586,77,2,Directed
586,111,54,Directed
586,113,6,Directed
586,120,38,Directed
586,126,177,Directed
586,133,2,Directed
586,135,3,Directed
586,157,61,Directed
586,159,32,Directed
586,160,28,Directed
586,161,22,Directed
586,165,23,Directed
586,166,235,Directed
586,168,88,Directed
586,176,10,Directed
586,185,3,Directed
586,196,5,Directed
586,197,13,Directed
586,204,5,Directed
586,209,1,Directed
586,214,18,Directed
586,229,2,Directed
586,231,1,Directed
586,232,2,Directed
586,240,3,Directed
586,248,5,Directed
586,250,1,Directed
586,256,1,Directed
586,257,6,Directed
586,260,3,Directed
586,264,26,Directed
586,267,395,Directed
586,278,2,Directed
586,281,5,Directed
586,294,296,Directed
586,307,4,Directed
586,310,50,Directed
586,316,1,Directed
586,324,19,Directed
586,326,15,Directed
586,332,115,Directed
586,334,61,Directed
586,337,2,Directed
586,356,157,Directed
586,362,1,Directed
586,367,1,Directed
586,369,1,Directed
586,377,4,Directed
586,380,2,Directed
586,383,83,Directed
586,415,1,Directed
586,416,258,Directed
586,425,2,Directed
586,435,185,Directed
586,447,292,Directed
586,449,2,Directed
586,450,12,Directed
586,454,1,Directed
586,461,1,Directed
586,462,6,Directed
586,466,1,Directed
586,472,7,Directed
586,479,27,Directed
586,483,3,Directed
586,490,6,Directed
586,500,150,Directed
586,502,2,Directed
586,515,2,Directed
586,517,39,Directed
586,521,2,Directed
586,528,1,Directed
586,530,12,Directed
586,534,3,Directed
586,535,8,Directed
586,541,12,Directed
586,542,35,Directed
586,546,2,Directed
586,550,1,Directed
586,557,6,Directed
586,565,1,Directed
586,567,1,Directed
586,573,177,Directed
586,587,1,Directed
586,591,5,Directed
586,595,2,Directed
586,602,37,Directed
586,607,12,Directed
586,609,4,Directed
586,617,34,Directed
586,648,23,Directed
586,655,1,Directed
586,662,3,Directed
586,671,4,Directed
586,674,2,Directed
586,684,18,Directed
586,687,80,Directed
586,690,1,Directed
586,692,4,Directed
586,696,4,Directed
586,700,5,Directed
586,712,2,Directed
586,718,12,Directed
586,730,4,Directed
586,731,2,Directed
586,735,7,Directed
586,742,4,Directed
586,743,4,Directed
586,746,2,Directed
586,751,2,Directed
586,752,2,Directed
586,759,18,Directed
586,762,199,Directed
586,765,42,Directed
586,772,9,Directed
586,776,10,Directed
586,782,273,Directed
586,790,1,Directed
586,803,2,Directed
586,812,2,Directed
586,814,1,Directed
586,825,3,Directed
586,837,14,Directed
586,838,2,Directed
586,844,2,Directed
586,854,22,Directed
586,868,45,Directed
586,869,5,Directed
586,885,162,Directed
586,912,58,Directed
586,915,29,Directed
586,923,15,Directed
586,940,1,Directed
586,947,25,Directed
586,948,37,Directed
586,974,32,Directed
586,984,305,Directed
587,24,2,Directed
587,56,6,Directed
587,93,1,Directed
587,135,1,Directed
587,181,2,Directed
587,220,1,Directed
587,245,1,Directed
587,306,2,Directed
587,318,3,Directed
587,326,14,Directed
587,329,5,Directed
587,332,1,Directed
587,343,1,Directed
587,415,11,Directed
587,517,2,Directed
587,540,7,Directed
587,542,2,Directed
587,591,1,Directed
587,617,9,Directed
587,624,1,Directed
587,629,1,Directed
587,720,154,Directed
587,731,3,Directed
587,752,1,Directed
587,775,1,Directed
587,784,6,Directed
587,789,1,Directed
587,807,1,Directed
587,833,4,Directed
587,834,1,Directed
587,890,1,Directed
587,936,4,Directed
587,940,1,Directed
587,947,1,Directed
589,168,1,Directed
589,290,26,Directed
589,318,1,Directed
589,383,20,Directed
589,528,2,Directed
589,607,2,Directed
589,720,2,Directed
589,752,1,Directed
589,867,4,Directed
589,909,9,Directed
589,922,3,Directed
589,962,1,Directed
590,48,1,Directed
590,147,5,Directed
590,157,6,Directed
590,159,3,Directed
590,171,44,Directed
590,214,2,Directed
590,277,5,Directed
590,285,1,Directed
590,336,1,Directed
590,347,2,Directed
590,355,1,Directed
590,546,2,Directed
590,577,3,Directed
590,686,1,Directed
590,720,1,Directed
590,772,1,Directed
590,926,3,Directed
590,933,9,Directed
591,420,1,Directed
592,65,3,Directed
592,75,1,Directed
592,98,311,Directed
592,117,2,Directed
592,134,344,Directed
592,157,1,Directed
592,193,2,Directed
592,199,1,Directed
592,209,1,Directed
592,257,3,Directed
592,268,54,Directed
592,278,3,Directed
592,291,2,Directed
592,316,1,Directed
592,333,1,Directed
592,343,1,Directed
592,416,2,Directed
592,454,290,Directed
592,607,2,Directed
592,609,97,Directed
592,713,152,Directed
592,738,5,Directed
592,783,1,Directed
592,801,1,Directed
592,818,2,Directed
592,819,1,Directed
592,863,2,Directed
592,923,4,Directed
592,927,287,Directed
592,948,48,Directed
592,1003,1,Directed
593,591,2,Directed
593,687,2,Directed
593,712,1,Directed
593,718,11,Directed
593,724,1,Directed
594,135,6,Directed
594,581,2,Directed
595,0,3,Directed
595,71,113,Directed
595,90,1,Directed
595,120,1,Directed
595,127,18,Directed
595,143,1,Directed
595,159,5,Directed
595,169,49,Directed
595,184,11,Directed
595,189,19,Directed
595,191,2,Directed
595,193,5,Directed
595,195,20,Directed
595,200,3,Directed
595,201,1,Directed
595,214,18,Directed
595,239,5,Directed
595,249,3,Directed
595,272,17,Directed
595,280,6,Directed
595,306,1,Directed
595,318,1,Directed
595,325,1,Directed
595,372,37,Directed
595,383,2,Directed
595,404,78,Directed
595,410,2,Directed
595,415,5,Directed
595,450,54,Directed
595,452,2,Directed
595,453,4,Directed
595,502,1,Directed
595,542,1,Directed
595,546,9,Directed
595,550,14,Directed
595,568,8,Directed
595,572,1,Directed
595,586,1,Directed
595,590,2,Directed
595,609,1,Directed
595,683,1,Directed
595,687,8,Directed
595,692,1,Directed
595,696,28,Directed
595,700,2,Directed
595,716,8,Directed
595,718,40,Directed
595,731,1,Directed
595,732,1,Directed
595,738,1,Directed
595,739,3,Directed
595,746,1,Directed
595,752,2,Directed
595,754,17,Directed
595,790,28,Directed
595,846,1,Directed
595,883,22,Directed
595,890,1,Directed
595,900,1,Directed
595,915,7,Directed
595,923,5,Directed
595,934,9,Directed
595,951,4,Directed
595,991,1,Directed
595,1004,7,Directed
596,40,4,Directed
596,187,19,Directed
596,239,1,Directed
596,254,1,Directed
596,272,2,Directed
596,329,1,Directed
596,427,1,Directed
596,450,16,Directed
596,568,3,Directed
596,572,2,Directed
596,662,2,Directed
596,695,8,Directed
596,802,4,Directed
596,947,1,Directed
597,883,1,Directed
598,235,1,Directed
598,268,1,Directed
598,305,1,Directed
598,313,5,Directed
598,416,1,Directed
598,425,5,Directed
598,472,5,Directed
598,633,1,Directed
598,918,1,Directed
598,946,2,Directed
599,0,1,Directed
599,5,2,Directed
599,29,2,Directed
599,78,18,Directed
599,91,1,Directed
599,99,11,Directed
599,122,1,Directed
599,130,5,Directed
599,178,9,Directed
599,228,5,Directed
599,239,1,Directed
599,314,9,Directed
599,333,4,Directed
599,409,5,Directed
599,423,2,Directed
599,491,1,Directed
599,502,12,Directed
599,506,1,Directed
599,569,5,Directed
599,605,27,Directed
599,670,2,Directed
599,693,46,Directed
599,702,1,Directed
599,710,32,Directed
599,732,1,Directed
599,767,8,Directed
599,789,1,Directed
599,849,5,Directed
599,872,4,Directed
599,878,1,Directed
599,929,4,Directed
599,951,1,Directed
599,976,1,Directed
601,46,1,Directed
601,61,1,Directed
601,70,3,Directed
601,139,4,Directed
601,247,2,Directed
601,300,1,Directed
601,376,4,Directed
601,399,2,Directed
601,510,2,Directed
601,534,3,Directed
601,676,4,Directed
601,906,1,Directed
601,919,2,Directed
601,962,2,Directed
602,30,5,Directed
602,52,11,Directed
602,61,2,Directed
602,111,6,Directed
602,126,13,Directed
602,133,57,Directed
602,166,15,Directed
602,168,2,Directed
602,209,2,Directed
602,232,2,Directed
602,256,2,Directed
602,313,1,Directed
602,356,43,Directed
602,398,1,Directed
602,416,20,Directed
602,425,2,Directed
602,443,11,Directed
602,447,1,Directed
602,450,3,Directed
602,472,7,Directed
602,515,1,Directed
602,517,8,Directed
602,586,25,Directed
602,648,11,Directed
602,718,2,Directed
602,721,20,Directed
602,743,129,Directed
602,765,35,Directed
602,782,9,Directed
602,790,1,Directed
602,908,3,Directed
602,912,2,Directed
602,948,1,Directed
602,984,2,Directed
603,46,1,Directed
603,70,1,Directed
603,106,1,Directed
603,125,1,Directed
603,323,2,Directed
603,337,12,Directed
603,378,11,Directed
603,399,1,Directed
603,402,1,Directed
603,474,3,Directed
603,505,15,Directed
603,509,10,Directed
603,514,17,Directed
603,612,1,Directed
603,622,1,Directed
603,634,1,Directed
603,676,1,Directed
603,735,16,Directed
603,780,17,Directed
603,822,15,Directed
603,832,1,Directed
603,951,2,Directed
605,0,28,Directed
605,5,4,Directed
605,6,12,Directed
605,61,3,Directed
605,78,15,Directed
605,99,2,Directed
605,178,558,Directed
605,189,1,Directed
605,228,166,Directed
605,249,27,Directed
605,293,15,Directed
605,314,11,Directed
605,333,61,Directed
605,362,1,Directed
605,409,15,Directed
605,470,35,Directed
605,502,80,Directed
605,506,6,Directed
605,538,22,Directed
605,569,17,Directed
605,572,1,Directed
605,599,44,Directed
605,643,1,Directed
605,670,14,Directed
605,685,32,Directed
605,693,94,Directed
605,700,13,Directed
605,710,24,Directed
605,718,2,Directed
605,767,12,Directed
605,789,80,Directed
605,790,1,Directed
605,840,2,Directed
605,862,25,Directed
605,921,2,Directed
605,929,2,Directed
605,976,13,Directed
605,977,1,Directed
605,1001,25,Directed
606,482,12,Directed
606,879,3,Directed
607,5,2,Directed
607,6,2,Directed
607,24,2,Directed
607,40,3,Directed
607,56,1,Directed
607,61,37,Directed
607,62,3,Directed
607,65,4,Directed
607,70,9,Directed
607,75,38,Directed
607,78,1,Directed
607,91,29,Directed
607,101,1,Directed
607,112,5,Directed
607,120,1,Directed
607,127,22,Directed
607,135,3,Directed
607,136,1,Directed
607,147,20,Directed
607,149,2,Directed
607,157,14,Directed
607,159,6,Directed
607,160,2,Directed
607,167,5,Directed
607,168,3,Directed
607,178,3,Directed
607,184,2,Directed
607,188,3,Directed
607,189,17,Directed
607,190,1,Directed
607,191,6,Directed
607,193,1,Directed
607,196,1,Directed
607,197,1,Directed
607,220,3,Directed
607,223,3,Directed
607,229,73,Directed
607,231,82,Directed
607,232,18,Directed
607,233,2,Directed
607,243,10,Directed
607,248,3,Directed
607,249,2,Directed
607,250,35,Directed
607,253,2,Directed
607,278,4,Directed
607,280,4,Directed
607,299,34,Directed
607,306,4,Directed
607,316,4,Directed
607,317,1,Directed
607,324,1,Directed
607,329,4,Directed
607,333,3,Directed
607,334,93,Directed
607,335,1,Directed
607,337,6,Directed
607,343,16,Directed
607,355,3,Directed
607,356,22,Directed
607,377,19,Directed
607,388,2,Directed
607,397,7,Directed
607,413,1,Directed
607,414,1,Directed
607,415,17,Directed
607,416,7,Directed
607,423,4,Directed
607,425,1,Directed
607,440,1,Directed
607,450,1,Directed
607,462,5,Directed
607,472,2,Directed
607,483,25,Directed
607,499,17,Directed
607,500,6,Directed
607,502,37,Directed
607,517,6,Directed
607,528,10,Directed
607,530,5,Directed
607,531,6,Directed
607,534,27,Directed
607,542,4,Directed
607,546,7,Directed
607,549,2,Directed
607,550,4,Directed
607,569,13,Directed
607,577,4,Directed
607,586,8,Directed
607,590,2,Directed
607,591,127,Directed
607,592,1,Directed
607,595,2,Directed
607,609,1,Directed
607,612,6,Directed
607,617,13,Directed
607,629,7,Directed
607,646,7,Directed
607,647,1,Directed
607,660,1,Directed
607,671,2,Directed
607,684,3,Directed
607,687,55,Directed
607,692,64,Directed
607,696,81,Directed
607,700,14,Directed
607,702,2,Directed
607,710,2,Directed
607,712,3,Directed
607,716,4,Directed
607,718,49,Directed
607,720,1,Directed
607,724,4,Directed
607,731,4,Directed
607,738,4,Directed
607,739,2,Directed
607,742,15,Directed
607,746,6,Directed
607,749,2,Directed
607,762,2,Directed
607,765,1,Directed
607,769,3,Directed
607,775,2,Directed
607,782,4,Directed
607,783,3,Directed
607,784,1,Directed
607,798,1,Directed
607,802,5,Directed
607,816,1,Directed
607,833,7,Directed
607,843,6,Directed
607,851,5,Directed
607,858,1,Directed
607,866,1,Directed
607,890,11,Directed
607,891,8,Directed
607,900,1,Directed
607,915,19,Directed
607,920,5,Directed
607,923,3,Directed
607,926,3,Directed
607,927,9,Directed
607,933,2,Directed
607,936,1,Directed
607,948,1,Directed
607,969,2,Directed
607,978,4,Directed
607,991,2,Directed
607,993,1,Directed
607,994,1,Directed
607,995,13,Directed
607,996,1,Directed
607,997,1,Directed
607,1001,6,Directed
607,1003,1,Directed
607,1004,1,Directed
609,5,2,Directed
609,6,1,Directed
609,13,1,Directed
609,32,1,Directed
609,39,1,Directed
609,40,3,Directed
609,53,21,Directed
609,65,5,Directed
609,70,4,Directed
609,75,12,Directed
609,76,2,Directed
609,90,20,Directed
609,91,6,Directed
609,96,1,Directed
609,98,2,Directed
609,107,1,Directed
609,114,1,Directed
609,120,14,Directed
609,134,1,Directed
609,151,13,Directed
609,159,10,Directed
609,166,5,Directed
609,178,1,Directed
609,189,2,Directed
609,193,7,Directed
609,196,4,Directed
609,197,2,Directed
609,214,19,Directed
609,220,6,Directed
609,235,10,Directed
609,239,41,Directed
609,248,2,Directed
609,250,1,Directed
609,257,1,Directed
609,267,1,Directed
609,278,18,Directed
609,291,6,Directed
609,316,3,Directed
609,333,1,Directed
609,334,7,Directed
609,335,1,Directed
609,356,1,Directed
609,362,3,Directed
609,367,3,Directed
609,372,1,Directed
609,377,1,Directed
609,415,1,Directed
609,428,1,Directed
609,450,2,Directed
609,454,45,Directed
609,471,1,Directed
609,476,2,Directed
609,499,4,Directed
609,502,4,Directed
609,518,3,Directed
609,528,3,Directed
609,534,5,Directed
609,535,1,Directed
609,546,6,Directed
609,557,1,Directed
609,566,1,Directed
609,569,1,Directed
609,572,1,Directed
609,581,3,Directed
609,586,4,Directed
609,587,1,Directed
609,591,2,Directed
609,592,34,Directed
609,595,1,Directed
609,617,15,Directed
609,618,1,Directed
609,629,1,Directed
609,633,44,Directed
609,638,1,Directed
609,671,2,Directed
609,684,2,Directed
609,686,2,Directed
609,687,16,Directed
609,692,2,Directed
609,707,32,Directed
609,716,3,Directed
609,720,1,Directed
609,731,2,Directed
609,742,3,Directed
609,752,1,Directed
609,772,69,Directed
609,776,2,Directed
609,783,3,Directed
609,791,1,Directed
609,802,1,Directed
609,807,2,Directed
609,833,2,Directed
609,834,1,Directed
609,850,2,Directed
609,854,6,Directed
609,855,1,Directed
609,857,2,Directed
609,865,1,Directed
609,866,1,Directed
609,880,4,Directed
609,890,24,Directed
609,909,1,Directed
609,915,4,Directed
609,918,1,Directed
609,923,68,Directed
609,927,15,Directed
609,940,2,Directed
609,946,1,Directed
609,951,39,Directed
609,956,1,Directed
609,963,1,Directed
609,978,4,Directed
609,980,1,Directed
609,984,1,Directed
609,994,1,Directed
609,996,1,Directed
609,997,2,Directed
609,1003,13,Directed
610,280,8,Directed
610,288,1,Directed
610,484,1,Directed
611,14,23,Directed
611,506,2,Directed
611,644,2,Directed
611,921,7,Directed
611,924,5,Directed
612,42,2,Directed
612,64,1,Directed
612,75,3,Directed
612,103,1,Directed
612,120,1,Directed
612,193,2,Directed
612,214,1,Directed
612,223,1,Directed
612,324,1,Directed
612,334,2,Directed
612,343,2,Directed
612,388,2,Directed
612,415,1,Directed
612,505,1,Directed
612,534,2,Directed
612,548,1,Directed
612,562,2,Directed
612,607,2,Directed
612,633,7,Directed
612,634,1,Directed
612,663,1,Directed
612,735,2,Directed
612,740,13,Directed
612,752,1,Directed
612,832,1,Directed
612,879,1,Directed
612,890,1,Directed
612,893,2,Directed
612,927,1,Directed
612,951,1,Directed
614,35,1,Directed
614,53,8,Directed
614,120,1,Directed
614,134,2,Directed
614,141,14,Directed
614,160,2,Directed
614,167,4,Directed
614,185,2,Directed
614,188,20,Directed
614,190,11,Directed
614,193,2,Directed
614,196,1,Directed
614,207,1,Directed
614,214,4,Directed
614,267,5,Directed
614,274,9,Directed
614,280,12,Directed
614,290,1,Directed
614,301,2,Directed
614,469,2,Directed
614,526,1,Directed
614,546,6,Directed
614,547,5,Directed
614,552,12,Directed
614,561,2,Directed
614,572,4,Directed
614,629,5,Directed
614,630,3,Directed
614,647,2,Directed
614,656,4,Directed
614,685,4,Directed
614,687,2,Directed
614,772,6,Directed
614,851,6,Directed
614,858,15,Directed
614,862,1,Directed
614,891,4,Directed
614,920,1,Directed
614,954,6,Directed
614,978,14,Directed
614,988,4,Directed
614,991,4,Directed
616,178,1,Directed
617,56,1,Directed
617,75,1,Directed
617,91,2,Directed
617,120,3,Directed
617,135,1,Directed
617,150,3,Directed
617,151,1,Directed
617,185,1,Directed
617,193,6,Directed
617,214,2,Directed
617,233,2,Directed
617,278,1,Directed
617,310,1,Directed
617,320,1,Directed
617,332,1,Directed
617,334,1,Directed
617,388,1,Directed
617,415,10,Directed
617,416,1,Directed
617,471,1,Directed
617,500,2,Directed
617,546,1,Directed
617,550,1,Directed
617,586,14,Directed
617,587,2,Directed
617,607,1,Directed
617,661,1,Directed
617,670,1,Directed
617,687,7,Directed
617,692,3,Directed
617,714,1,Directed
617,720,17,Directed
617,752,1,Directed
617,776,1,Directed
617,811,6,Directed
617,833,5,Directed
617,890,1,Directed
617,923,30,Directed
617,951,1,Directed
618,41,1,Directed
618,73,3,Directed
618,216,10,Directed
618,318,1,Directed
618,319,2,Directed
618,321,23,Directed
618,458,1,Directed
618,499,22,Directed
618,503,1,Directed
618,558,2,Directed
618,565,1,Directed
618,684,3,Directed
618,704,1,Directed
618,723,1,Directed
618,918,1,Directed
621,718,1,Directed
622,18,6,Directed
622,46,41,Directed
622,102,3,Directed
622,106,2,Directed
622,125,258,Directed
622,139,6,Directed
622,206,21,Directed
622,299,2,Directed
622,323,31,Directed
622,324,2,Directed
622,399,2,Directed
622,477,3,Directed
622,510,76,Directed
622,524,2,Directed
622,534,5,Directed
622,559,199,Directed
622,603,1,Directed
622,634,4,Directed
622,676,241,Directed
622,780,1,Directed
622,788,1,Directed
622,896,1,Directed
622,939,4,Directed
623,214,6,Directed
624,28,1,Directed
624,65,1,Directed
624,90,5,Directed
624,153,1,Directed
624,231,23,Directed
624,239,5,Directed
624,245,23,Directed
624,299,2,Directed
624,311,1,Directed
624,329,65,Directed
624,338,9,Directed
624,343,1,Directed
624,364,3,Directed
624,383,1,Directed
624,540,38,Directed
624,692,12,Directed
624,696,1,Directed
624,731,1,Directed
624,738,7,Directed
624,746,2,Directed
624,764,13,Directed
624,789,2,Directed
624,792,1,Directed
624,836,2,Directed
624,840,7,Directed
624,863,1,Directed
624,873,7,Directed
624,935,1,Directed
624,955,1,Directed
624,994,11,Directed
626,161,4,Directed
626,165,1,Directed
626,194,2,Directed
626,679,1,Directed
626,703,5,Directed
626,784,1,Directed
626,807,7,Directed
626,863,1,Directed
626,873,2,Directed
626,936,2,Directed
627,438,4,Directed
627,890,4,Directed
628,2,3,Directed
628,4,1,Directed
628,75,2,Directed
628,82,41,Directed
628,90,8,Directed
628,122,2,Directed
628,135,197,Directed
628,178,9,Directed
628,211,2,Directed
628,214,1,Directed
628,229,7,Directed
628,334,3,Directed
628,337,2,Directed
628,371,1,Directed
628,383,1,Directed
628,405,12,Directed
628,441,1,Directed
628,502,1,Directed
628,581,13,Directed
628,596,1,Directed
628,638,8,Directed
628,720,33,Directed
628,790,2,Directed
628,855,1,Directed
628,870,21,Directed
628,871,9,Directed
628,937,7,Directed
629,2,17,Directed
629,24,605,Directed
629,53,9,Directed
629,65,8,Directed
629,75,4,Directed
629,90,2,Directed
629,91,2,Directed
629,120,20,Directed
629,122,1,Directed
629,127,2,Directed
629,136,19,Directed
629,142,2,Directed
629,143,1,Directed
629,150,2,Directed
629,151,2,Directed
629,159,13,Directed
629,160,384,Directed
629,178,13,Directed
629,185,2,Directed
629,188,3,Directed
629,189,9,Directed
629,190,26,Directed
629,191,1,Directed
629,196,4,Directed
629,200,5,Directed
629,202,53,Directed
629,214,34,Directed
629,239,2,Directed
629,267,25,Directed
629,278,2,Directed
629,280,380,Directed
629,288,142,Directed
629,299,1,Directed
629,302,1,Directed
629,306,1,Directed
629,316,36,Directed
629,334,3,Directed
629,356,1,Directed
629,360,340,Directed
629,367,5,Directed
629,383,4,Directed
629,391,16,Directed
629,392,1,Directed
629,414,2,Directed
629,415,7,Directed
629,416,16,Directed
629,424,3,Directed
629,428,3,Directed
629,445,26,Directed
629,454,4,Directed
629,462,1,Directed
629,465,1,Directed
629,471,1,Directed
629,483,3,Directed
629,484,50,Directed
629,493,333,Directed
629,502,3,Directed
629,507,3,Directed
629,526,347,Directed
629,528,2,Directed
629,530,610,Directed
629,546,5,Directed
629,550,6,Directed
629,561,344,Directed
629,569,2,Directed
629,587,2,Directed
629,607,13,Directed
629,609,2,Directed
629,610,4,Directed
629,614,5,Directed
629,630,401,Directed
629,631,307,Directed
629,633,4,Directed
629,647,1,Directed
629,656,2,Directed
629,658,323,Directed
629,685,347,Directed
629,700,3,Directed
629,720,1,Directed
629,724,1,Directed
629,731,3,Directed
629,739,2,Directed
629,749,1,Directed
629,750,59,Directed
629,752,3,Directed
629,762,3,Directed
629,772,12,Directed
629,776,1,Directed
629,782,2,Directed
629,838,27,Directed
629,846,283,Directed
629,851,6,Directed
629,857,1,Directed
629,858,4,Directed
629,865,1,Directed
629,880,2,Directed
629,890,9,Directed
629,891,654,Directed
629,894,54,Directed
629,902,1,Directed
629,915,12,Directed
629,920,4,Directed
629,923,2,Directed
629,927,1,Directed
629,946,4,Directed
629,948,1,Directed
629,953,3,Directed
629,977,1,Directed
629,978,35,Directed
629,990,2,Directed
629,997,1,Directed
630,2,1,Directed
630,24,29,Directed
630,112,1,Directed
630,141,16,Directed
630,142,10,Directed
630,160,10,Directed
630,167,51,Directed
630,181,5,Directed
630,188,9,Directed
630,197,1,Directed
630,200,7,Directed
630,207,19,Directed
630,214,3,Directed
630,239,1,Directed
630,241,5,Directed
630,267,15,Directed
630,274,8,Directed
630,280,11,Directed
630,288,20,Directed
630,293,3,Directed
630,294,7,Directed
630,301,8,Directed
630,316,4,Directed
630,334,1,Directed
630,353,4,Directed
630,360,2,Directed
630,377,37,Directed
630,392,18,Directed
630,415,26,Directed
630,421,29,Directed
630,422,1,Directed
630,423,6,Directed
630,424,7,Directed
630,428,4,Directed
630,469,60,Directed
630,484,48,Directed
630,493,132,Directed
630,507,2,Directed
630,512,4,Directed
630,526,2,Directed
630,530,172,Directed
630,540,4,Directed
630,547,3,Directed
630,561,1,Directed
630,591,1,Directed
630,614,5,Directed
630,629,112,Directed
630,631,1,Directed
630,638,1,Directed
630,647,3,Directed
630,656,9,Directed
630,658,3,Directed
630,668,5,Directed
630,685,90,Directed
630,700,6,Directed
630,719,4,Directed
630,731,3,Directed
630,739,4,Directed
630,746,1,Directed
630,773,2,Directed
630,779,5,Directed
630,782,1,Directed
630,790,21,Directed
630,795,1,Directed
630,817,3,Directed
630,838,5,Directed
630,846,1,Directed
630,851,12,Directed
630,891,50,Directed
630,894,5,Directed
630,915,13,Directed
630,920,22,Directed
630,951,19,Directed
630,952,8,Directed
630,954,24,Directed
630,957,4,Directed
630,971,4,Directed
630,978,11,Directed
631,24,1,Directed
631,112,1,Directed
631,274,1,Directed
631,280,7,Directed
631,281,1,Directed
631,493,2,Directed
631,526,5,Directed
631,530,2,Directed
631,547,3,Directed
631,561,13,Directed
631,569,2,Directed
631,629,7,Directed
631,647,2,Directed
631,838,2,Directed
631,846,1,Directed
631,891,4,Directed
633,8,1,Directed
633,15,1,Directed
633,40,1,Directed
633,53,39,Directed
633,56,1,Directed
633,61,3,Directed
633,70,2,Directed
633,72,2,Directed
633,75,4,Directed
633,90,1,Directed
633,107,1,Directed
633,120,1,Directed
633,126,1,Directed
633,159,2,Directed
633,166,1,Directed
633,179,2,Directed
633,184,2,Directed
633,188,2,Directed
633,193,57,Directed
633,214,2,Directed
633,220,2,Directed
633,230,1,Directed
633,231,1,Directed
633,233,1,Directed
633,239,1,Directed
633,251,3,Directed
633,278,2,Directed
633,280,1,Directed
633,306,2,Directed
633,316,1,Directed
633,343,2,Directed
633,356,1,Directed
633,416,5,Directed
633,423,1,Directed
633,425,1,Directed
633,433,4,Directed
633,435,1,Directed
633,476,1,Directed
633,495,3,Directed
633,530,1,Directed
633,540,7,Directed
633,546,3,Directed
633,554,1,Directed
633,581,1,Directed
633,595,1,Directed
633,609,3,Directed
633,612,3,Directed
633,617,3,Directed
633,629,2,Directed
633,641,1,Directed
633,660,1,Directed
633,669,1,Directed
633,671,1,Directed
633,680,1,Directed
633,687,2,Directed
633,703,1,Directed
633,707,5,Directed
633,739,2,Directed
633,743,1,Directed
633,772,9,Directed
633,789,1,Directed
633,801,1,Directed
633,809,1,Directed
633,823,1,Directed
633,830,2,Directed
633,858,1,Directed
633,870,2,Directed
633,873,1,Directed
633,890,1,Directed
633,900,1,Directed
633,920,4,Directed
633,923,38,Directed
633,927,1,Directed
633,946,1,Directed
633,962,1,Directed
633,963,4,Directed
633,990,2,Directed
633,996,1,Directed
634,96,6,Directed
634,106,2,Directed
634,132,4,Directed
634,139,1,Directed
634,299,16,Directed
634,322,1,Directed
634,323,3,Directed
634,324,1,Directed
634,337,7,Directed
634,346,8,Directed
634,376,2,Directed
634,388,22,Directed
634,402,5,Directed
634,509,15,Directed
634,534,3,Directed
634,601,1,Directed
634,603,3,Directed
634,612,1,Directed
634,622,2,Directed
634,638,12,Directed
634,676,1,Directed
634,788,20,Directed
634,832,10,Directed
634,890,1,Directed
634,939,1,Directed
634,950,2,Directed
638,2,6,Directed
638,38,6,Directed
638,42,8,Directed
638,53,1,Directed
638,69,1,Directed
638,70,5,Directed
638,84,1,Directed
638,88,1,Directed
638,91,1,Directed
638,96,21,Directed
638,102,3,Directed
638,106,3,Directed
638,132,3,Directed
638,139,2,Directed
638,159,2,Directed
638,164,55,Directed
638,214,1,Directed
638,223,1,Directed
638,235,1,Directed
638,299,10,Directed
638,310,3,Directed
638,322,16,Directed
638,323,1,Directed
638,324,30,Directed
638,334,6,Directed
638,337,7,Directed
638,343,1,Directed
638,346,7,Directed
638,376,2,Directed
638,388,53,Directed
638,402,1,Directed
638,410,1,Directed
638,460,4,Directed
638,477,1,Directed
638,509,17,Directed
638,510,2,Directed
638,514,3,Directed
638,528,3,Directed
638,534,11,Directed
638,548,2,Directed
638,562,1,Directed
638,591,6,Directed
638,601,1,Directed
638,622,1,Directed
638,628,5,Directed
638,630,2,Directed
638,634,12,Directed
638,649,8,Directed
638,663,11,Directed
638,700,42,Directed
638,706,11,Directed
638,740,2,Directed
638,742,2,Directed
638,780,1,Directed
638,788,4,Directed
638,790,28,Directed
638,832,31,Directed
638,853,3,Directed
638,862,3,Directed
638,890,4,Directed
638,906,2,Directed
638,939,3,Directed
638,950,6,Directed
638,951,10,Directed
638,977,1,Directed
638,1003,4,Directed
639,192,1,Directed
639,215,4,Directed
639,1004,3,Directed
640,53,1,Directed
640,257,1,Directed
640,389,1,Directed
640,528,1,Directed
640,546,1,Directed
640,550,1,Directed
640,772,4,Directed
640,833,1,Directed
641,24,1,Directed
641,28,3,Directed
641,56,4,Directed
641,251,3,Directed
641,311,1,Directed
641,338,2,Directed
641,364,1,Directed
641,433,1,Directed
641,482,10,Directed
641,531,1,Directed
641,540,74,Directed
641,543,1,Directed
641,633,2,Directed
641,809,3,Directed
641,840,1,Directed
641,955,3,Directed
641,987,6,Directed
641,994,2,Directed
643,107,17,Directed
643,149,1,Directed
643,192,1,Directed
643,201,2,Directed
643,226,1,Directed
643,249,6,Directed
643,335,16,Directed
643,381,40,Directed
643,468,12,Directed
643,473,1,Directed
643,541,2,Directed
643,605,1,Directed
643,657,3,Directed
643,670,10,Directed
643,685,169,Directed
643,716,1,Directed
643,761,1,Directed
643,782,1,Directed
643,881,4,Directed
643,921,1,Directed
643,1004,3,Directed
644,13,1,Directed
644,14,71,Directed
644,73,3,Directed
644,90,13,Directed
644,91,1,Directed
644,138,1,Directed
644,173,8,Directed
644,192,2,Directed
644,199,149,Directed
644,215,3,Directed
644,264,2,Directed
644,270,1,Directed
644,327,3,Directed
644,381,1,Directed
644,423,1,Directed
644,424,3,Directed
644,437,1,Directed
644,491,14,Directed
644,506,160,Directed
644,516,3,Directed
644,532,1,Directed
644,541,11,Directed
644,576,1,Directed
644,611,12,Directed
644,618,3,Directed
644,650,4,Directed
644,654,1,Directed
644,657,1,Directed
644,664,1,Directed
644,670,3,Directed
644,682,1,Directed
644,702,54,Directed
644,719,2,Directed
644,738,16,Directed
644,745,6,Directed
644,752,1,Directed
644,761,1,Directed
644,783,17,Directed
644,826,1,Directed
644,828,5,Directed
644,837,1,Directed
644,849,1,Directed
644,850,22,Directed
644,881,2,Directed
644,921,2,Directed
644,923,3,Directed
644,924,136,Directed
644,945,1,Directed
644,977,8,Directed
644,979,1,Directed
644,996,45,Directed
644,1001,57,Directed
646,62,204,Directed
646,75,2,Directed
646,90,2,Directed
646,112,10,Directed
646,113,20,Directed
646,159,2,Directed
646,163,11,Directed
646,178,6,Directed
646,231,1,Directed
646,250,10,Directed
646,337,3,Directed
646,369,62,Directed
646,383,2,Directed
646,423,5,Directed
646,444,5,Directed
646,483,1,Directed
646,485,46,Directed
646,513,64,Directed
646,517,1,Directed
646,518,6,Directed
646,535,5,Directed
646,542,77,Directed
646,551,22,Directed
646,607,7,Directed
646,722,4,Directed
646,799,1,Directed
646,823,12,Directed
646,854,15,Directed
646,890,2,Directed
646,895,1,Directed
646,927,5,Directed
646,968,1,Directed
647,24,44,Directed
647,31,2,Directed
647,92,3,Directed
647,136,4,Directed
647,142,10,Directed
647,159,1,Directed
647,200,2,Directed
647,214,5,Directed
647,267,4,Directed
647,274,8,Directed
647,280,4,Directed
647,301,8,Directed
647,316,16,Directed
647,421,4,Directed
647,428,24,Directed
647,469,1,Directed
647,547,10,Directed
647,561,4,Directed
647,630,2,Directed
647,631,1,Directed
647,656,1,Directed
647,658,1,Directed
647,806,2,Directed
647,817,4,Directed
647,838,9,Directed
647,847,1,Directed
647,857,3,Directed
647,915,19,Directed
647,920,4,Directed
647,953,5,Directed
647,990,7,Directed
648,2,3,Directed
648,30,13,Directed
648,52,8,Directed
648,74,6,Directed
648,77,1,Directed
648,90,7,Directed
648,104,34,Directed
648,111,1,Directed
648,112,9,Directed
648,113,2,Directed
648,126,25,Directed
648,133,18,Directed
648,166,10,Directed
648,168,40,Directed
648,182,1,Directed
648,186,9,Directed
648,232,11,Directed
648,235,1,Directed
648,240,1,Directed
648,250,4,Directed
648,256,21,Directed
648,260,1,Directed
648,267,42,Directed
648,294,11,Directed
648,313,20,Directed
648,332,3,Directed
648,356,40,Directed
648,392,1,Directed
648,416,59,Directed
648,425,10,Directed
648,439,1,Directed
648,447,3,Directed
648,472,5,Directed
648,478,8,Directed
648,483,1,Directed
648,515,6,Directed
648,517,10,Directed
648,573,10,Directed
648,586,16,Directed
648,602,21,Directed
648,674,1,Directed
648,700,1,Directed
648,721,43,Directed
648,743,3,Directed
648,751,2,Directed
648,762,6,Directed
648,765,114,Directed
648,782,10,Directed
648,790,22,Directed
648,803,1,Directed
648,868,11,Directed
648,869,1,Directed
648,885,13,Directed
648,908,1,Directed
648,912,10,Directed
648,946,9,Directed
648,948,11,Directed
648,974,1,Directed
648,984,2,Directed
649,42,6,Directed
649,164,1,Directed
649,322,1,Directed
649,323,1,Directed
649,337,4,Directed
649,343,2,Directed
649,402,4,Directed
649,510,1,Directed
649,534,10,Directed
649,548,1,Directed
649,612,1,Directed
649,638,3,Directed
649,663,7,Directed
649,832,1,Directed
649,890,1,Directed
649,951,2,Directed
650,90,1,Directed
650,144,3,Directed
650,175,7,Directed
650,184,7,Directed
650,410,2,Directed
650,423,9,Directed
650,437,1,Directed
650,467,3,Directed
650,473,1,Directed
650,516,1,Directed
650,532,4,Directed
650,541,1,Directed
650,644,5,Directed
650,654,40,Directed
650,682,73,Directed
650,686,17,Directed
650,710,1,Directed
650,719,1,Directed
650,738,42,Directed
650,745,3,Directed
650,761,3,Directed
650,779,1,Directed
650,783,56,Directed
650,828,7,Directed
650,849,7,Directed
650,850,3,Directed
650,872,3,Directed
650,881,3,Directed
650,923,1,Directed
650,977,1,Directed
650,1001,3,Directed
651,316,1,Directed
654,13,3,Directed
654,173,2,Directed
654,182,1,Directed
654,199,5,Directed
654,270,3,Directed
654,327,1,Directed
654,506,3,Directed
654,516,3,Directed
654,532,2,Directed
654,543,7,Directed
654,569,1,Directed
654,576,7,Directed
654,629,1,Directed
654,633,1,Directed
654,650,34,Directed
654,657,1,Directed
654,682,26,Directed
654,719,7,Directed
654,738,134,Directed
654,749,1,Directed
654,783,85,Directed
654,828,1,Directed
654,837,16,Directed
654,850,3,Directed
654,858,2,Directed
654,896,2,Directed
654,901,1,Directed
654,909,1,Directed
654,921,2,Directed
654,923,1,Directed
654,924,2,Directed
654,945,1,Directed
654,962,1,Directed
654,979,3,Directed
654,991,10,Directed
654,996,2,Directed
656,21,1,Directed
656,24,3,Directed
656,67,2,Directed
656,90,1,Directed
656,120,2,Directed
656,165,1,Directed
656,167,2,Directed
656,181,7,Directed
656,188,10,Directed
656,190,9,Directed
656,239,2,Directed
656,267,14,Directed
656,274,5,Directed
656,280,1,Directed
656,301,8,Directed
656,353,2,Directed
656,373,3,Directed
656,391,1,Directed
656,469,1,Directed
656,486,5,Directed
656,547,3,Directed
656,629,2,Directed
656,630,6,Directed
656,772,1,Directed
656,838,20,Directed
656,851,1,Directed
656,862,2,Directed
656,891,1,Directed
656,920,20,Directed
656,953,1,Directed
657,10,6,Directed
657,14,2,Directed
657,173,10,Directed
657,178,5,Directed
657,199,1,Directed
657,231,3,Directed
657,327,3,Directed
657,335,2,Directed
657,381,1,Directed
657,383,1,Directed
657,440,2,Directed
657,506,24,Directed
657,537,1,Directed
657,541,20,Directed
657,576,15,Directed
657,643,2,Directed
657,738,4,Directed
657,761,1,Directed
657,837,1,Directed
657,850,1,Directed
657,921,28,Directed
657,996,6,Directed
658,24,7,Directed
658,35,4,Directed
658,92,5,Directed
658,136,4,Directed
658,142,4,Directed
658,143,4,Directed
658,160,7,Directed
658,167,2,Directed
658,188,3,Directed
658,207,2,Directed
658,249,1,Directed
658,267,3,Directed
658,274,3,Directed
658,280,7,Directed
658,281,2,Directed
658,301,2,Directed
658,315,4,Directed
658,360,2,Directed
658,381,2,Directed
658,408,1,Directed
658,410,1,Directed
658,421,1,Directed
658,424,2,Directed
658,428,1,Directed
658,469,1,Directed
658,493,3,Directed
658,507,1,Directed
658,526,2,Directed
658,530,5,Directed
658,547,4,Directed
658,561,6,Directed
658,629,9,Directed
658,630,3,Directed
658,631,2,Directed
658,647,4,Directed
658,656,3,Directed
658,731,6,Directed
658,795,1,Directed
658,817,2,Directed
658,838,16,Directed
658,846,3,Directed
658,847,1,Directed
658,870,1,Directed
658,891,3,Directed
658,902,1,Directed
658,953,1,Directed
658,954,1,Directed
658,990,4,Directed
659,53,1,Directed
659,61,3,Directed
659,137,1,Directed
659,159,1,Directed
659,229,5,Directed
659,306,62,Directed
659,307,2,Directed
659,374,9,Directed
659,400,1,Directed
659,531,2,Directed
659,660,1,Directed
659,703,3,Directed
659,718,2,Directed
659,742,23,Directed
659,771,5,Directed
659,784,2,Directed
659,790,6,Directed
659,798,1,Directed
659,807,2,Directed
659,863,1,Directed
660,75,3,Directed
660,90,1,Directed
660,91,5,Directed
660,120,10,Directed
660,134,2,Directed
660,159,1,Directed
660,193,1,Directed
660,229,1,Directed
660,306,16,Directed
660,329,3,Directed
660,362,2,Directed
660,374,5,Directed
660,415,1,Directed
660,528,1,Directed
660,550,2,Directed
660,568,2,Directed
660,633,2,Directed
660,659,1,Directed
660,692,3,Directed
660,749,1,Directed
660,769,8,Directed
660,771,3,Directed
660,783,2,Directed
660,784,1,Directed
660,873,2,Directed
660,951,7,Directed
662,26,2,Directed
662,40,26,Directed
662,53,5,Directed
662,60,2,Directed
662,61,2,Directed
662,72,1,Directed
662,75,2,Directed
662,86,113,Directed
662,90,3,Directed
662,112,1,Directed
662,120,1,Directed
662,135,2,Directed
662,152,1,Directed
662,159,5,Directed
662,161,4,Directed
662,187,12,Directed
662,193,10,Directed
662,198,2,Directed
662,214,50,Directed
662,239,1,Directed
662,250,4,Directed
662,254,1,Directed
662,267,10,Directed
662,272,30,Directed
662,288,1,Directed
662,379,12,Directed
662,383,3,Directed
662,430,1,Directed
662,443,237,Directed
662,450,49,Directed
662,466,27,Directed
662,488,2,Directed
662,530,2,Directed
662,546,4,Directed
662,550,1,Directed
662,568,6,Directed
662,572,8,Directed
662,586,2,Directed
662,596,4,Directed
662,695,2,Directed
662,712,2,Directed
662,731,2,Directed
662,742,3,Directed
662,782,2,Directed
662,790,3,Directed
662,802,10,Directed
662,819,1,Directed
662,833,1,Directed
662,838,1,Directed
662,851,2,Directed
662,857,1,Directed
662,900,51,Directed
662,915,4,Directed
662,920,2,Directed
662,947,4,Directed
662,992,1,Directed
662,996,1,Directed
663,1,1,Directed
663,22,9,Directed
663,38,1,Directed
663,42,6,Directed
663,46,2,Directed
663,61,4,Directed
663,69,1,Directed
663,70,8,Directed
663,84,1,Directed
663,88,1,Directed
663,90,4,Directed
663,103,8,Directed
663,106,1,Directed
663,120,1,Directed
663,159,3,Directed
663,164,1,Directed
663,223,13,Directed
663,264,2,Directed
663,303,6,Directed
663,310,3,Directed
663,322,17,Directed
663,337,9,Directed
663,343,186,Directed
663,362,2,Directed
663,368,1,Directed
663,388,2,Directed
663,395,1,Directed
663,399,12,Directed
663,410,17,Directed
663,501,1,Directed
663,509,1,Directed
663,510,1,Directed
663,514,1,Directed
663,528,5,Directed
663,534,7,Directed
663,571,1,Directed
663,591,6,Directed
663,612,3,Directed
663,638,18,Directed
663,649,8,Directed
663,706,5,Directed
663,772,1,Directed
663,832,3,Directed
663,853,1,Directed
663,879,7,Directed
663,898,2,Directed
663,943,4,Directed
663,950,97,Directed
663,951,44,Directed
664,2,1,Directed
664,90,1,Directed
664,107,14,Directed
664,192,8,Directed
664,289,2,Directed
664,335,52,Directed
664,380,1,Directed
664,381,8,Directed
664,440,7,Directed
664,468,5,Directed
664,537,9,Directed
664,643,7,Directed
664,700,1,Directed
664,702,2,Directed
664,737,6,Directed
664,810,9,Directed
664,985,7,Directed
665,700,1,Directed
665,746,1,Directed
666,14,1,Directed
666,381,1,Directed
666,761,1,Directed
666,881,1,Directed
668,56,1,Directed
668,158,1,Directed
668,271,3,Directed
668,502,1,Directed
668,531,1,Directed
668,534,1,Directed
668,595,1,Directed
668,630,1,Directed
668,720,5,Directed
668,731,2,Directed
668,746,47,Directed
668,813,8,Directed
668,851,1,Directed
668,915,1,Directed
668,935,10,Directed
668,952,1,Directed
669,2,1,Directed
669,32,11,Directed
669,99,3,Directed
669,143,6,Directed
669,178,2,Directed
669,362,1,Directed
669,383,1,Directed
669,502,1,Directed
669,544,6,Directed
669,546,3,Directed
669,580,14,Directed
669,617,1,Directed
669,687,1,Directed
669,700,1,Directed
669,731,1,Directed
669,739,1,Directed
669,772,1,Directed
669,791,1,Directed
669,797,1,Directed
669,951,1,Directed
670,2,1,Directed
670,5,24,Directed
670,6,5,Directed
670,14,1,Directed
670,29,16,Directed
670,107,23,Directed
670,157,2,Directed
670,175,9,Directed
670,185,5,Directed
670,189,4,Directed
670,201,1,Directed
670,223,2,Directed
670,236,1,Directed
670,248,2,Directed
670,249,2,Directed
670,334,1,Directed
670,335,6,Directed
670,364,2,Directed
670,381,26,Directed
670,415,5,Directed
670,442,1,Directed
670,449,1,Directed
670,450,2,Directed
670,462,6,Directed
670,506,16,Directed
670,517,2,Directed
670,528,1,Directed
670,532,5,Directed
670,542,2,Directed
670,553,30,Directed
670,591,1,Directed
670,605,7,Directed
670,643,2,Directed
670,644,3,Directed
670,687,1,Directed
670,688,13,Directed
670,690,1,Directed
670,692,1,Directed
670,696,1,Directed
670,702,2,Directed
670,718,1,Directed
670,742,2,Directed
670,783,2,Directed
670,808,1,Directed
670,851,2,Directed
670,923,1,Directed
670,980,2,Directed
671,2,1,Directed
671,65,2,Directed
671,75,1,Directed
671,90,1,Directed
671,115,1,Directed
671,157,3,Directed
671,159,6,Directed
671,193,4,Directed
671,214,2,Directed
671,231,1,Directed
671,236,1,Directed
671,241,1,Directed
671,245,1,Directed
671,278,1,Directed
671,299,1,Directed
671,334,5,Directed
671,356,4,Directed
671,364,1,Directed
671,450,5,Directed
671,462,2,Directed
671,517,2,Directed
671,530,4,Directed
671,542,1,Directed
671,546,1,Directed
671,550,4,Directed
671,586,4,Directed
671,591,1,Directed
671,607,1,Directed
671,609,1,Directed
671,633,3,Directed
671,684,5,Directed
671,687,6,Directed
671,692,17,Directed
671,696,2,Directed
671,738,1,Directed
671,746,1,Directed
671,749,1,Directed
671,764,1,Directed
671,765,1,Directed
671,769,1,Directed
671,891,1,Directed
671,915,5,Directed
671,923,1,Directed
671,975,2,Directed
671,995,8,Directed
672,25,4,Directed
672,48,5,Directed
672,73,1,Directed
672,91,1,Directed
672,216,3,Directed
672,318,1,Directed
672,319,2,Directed
672,321,1,Directed
672,362,1,Directed
672,434,2,Directed
672,458,1,Directed
672,499,2,Directed
672,558,1,Directed
672,600,3,Directed
672,684,2,Directed
672,723,1,Directed
672,758,2,Directed
672,844,81,Directed
672,909,1,Directed
672,918,1,Directed
672,922,1,Directed
672,946,2,Directed
672,956,4,Directed
673,91,1,Directed
673,137,1,Directed
673,308,1,Directed
673,471,1,Directed
674,61,4,Directed
674,74,11,Directed
674,110,3,Directed
674,112,92,Directed
674,138,1,Directed
674,166,18,Directed
674,267,17,Directed
674,332,1,Directed
674,392,51,Directed
674,459,1,Directed
674,517,12,Directed
674,537,8,Directed
674,542,2,Directed
674,582,1,Directed
674,718,3,Directed
674,751,1,Directed
674,765,2,Directed
674,803,21,Directed
674,948,5,Directed
675,191,1,Directed
676,46,10,Directed
676,125,12,Directed
676,206,1,Directed
676,387,1,Directed
676,534,1,Directed
676,601,1,Directed
676,612,1,Directed
676,622,9,Directed
676,634,1,Directed
676,638,1,Directed
676,730,1,Directed
676,751,1,Directed
677,443,2,Directed
678,316,1,Directed
678,450,3,Directed
678,568,2,Directed
678,587,1,Directed
678,696,22,Directed
678,802,1,Directed
678,997,1,Directed
679,48,1,Directed
679,73,2,Directed
679,135,1,Directed
679,499,20,Directed
679,565,15,Directed
679,684,5,Directed
679,844,3,Directed
679,956,4,Directed
680,2,4,Directed
680,12,9,Directed
680,15,104,Directed
680,32,1,Directed
680,284,53,Directed
680,406,9,Directed
680,422,65,Directed
680,520,1,Directed
680,527,1,Directed
680,540,2,Directed
680,584,8,Directed
680,700,1,Directed
680,707,47,Directed
680,717,1,Directed
680,720,59,Directed
680,731,146,Directed
680,790,15,Directed
680,870,1,Directed
680,880,3,Directed
680,896,2,Directed
681,259,1,Directed
681,479,1,Directed
681,718,3,Directed
681,951,1,Directed
682,13,4,Directed
682,90,3,Directed
682,506,5,Directed
682,541,2,Directed
682,576,1,Directed
682,650,73,Directed
682,654,59,Directed
682,719,11,Directed
682,738,68,Directed
682,783,77,Directed
682,837,2,Directed
682,850,22,Directed
682,881,1,Directed
682,1004,2,Directed
683,165,2,Directed
683,401,5,Directed
683,429,1,Directed
684,25,47,Directed
684,48,76,Directed
684,73,1,Directed
684,120,2,Directed
684,135,1,Directed
684,157,15,Directed
684,185,9,Directed
684,216,4,Directed
684,248,1,Directed
684,267,1,Directed
684,318,77,Directed
684,319,13,Directed
684,321,58,Directed
684,356,21,Directed
684,450,1,Directed
684,458,58,Directed
684,472,2,Directed
684,499,72,Directed
684,500,1,Directed
684,502,1,Directed
684,517,6,Directed
684,530,2,Directed
684,535,5,Directed
684,542,6,Directed
684,546,2,Directed
684,550,3,Directed
684,558,69,Directed
684,565,87,Directed
684,586,9,Directed
684,607,2,Directed
684,672,1,Directed
684,679,33,Directed
684,687,4,Directed
684,692,1,Directed
684,704,69,Directed
684,718,3,Directed
684,743,6,Directed
684,746,1,Directed
684,758,5,Directed
684,765,1,Directed
684,776,5,Directed
684,844,127,Directed
684,915,7,Directed
684,918,43,Directed
684,923,2,Directed
684,935,1,Directed
684,946,1,Directed
684,956,50,Directed
685,24,3,Directed
685,101,1,Directed
685,107,1,Directed
685,160,2,Directed
685,267,8,Directed
685,280,1,Directed
685,377,3,Directed
685,392,1,Directed
685,484,2,Directed
685,493,24,Directed
685,507,2,Directed
685,526,1,Directed
685,528,4,Directed
685,530,22,Directed
685,541,1,Directed
685,569,1,Directed
685,605,61,Directed
685,614,2,Directed
685,629,36,Directed
685,630,56,Directed
685,643,139,Directed
685,658,1,Directed
685,724,64,Directed
685,782,3,Directed
685,838,16,Directed
685,891,1,Directed
685,898,5,Directed
685,1001,133,Directed
686,147,11,Directed
686,157,22,Directed
686,171,1,Directed
686,184,7,Directed
686,185,1,Directed
686,267,2,Directed
686,277,4,Directed
686,347,1,Directed
686,355,1,Directed
686,435,1,Directed
686,577,22,Directed
686,580,4,Directed
686,586,1,Directed
686,609,1,Directed
686,650,15,Directed
686,696,1,Directed
686,715,1,Directed
686,872,4,Directed
686,926,9,Directed
686,933,2,Directed
687,32,1,Directed
687,40,1,Directed
687,61,3,Directed
687,65,22,Directed
687,75,5,Directed
687,120,6,Directed
687,127,3,Directed
687,159,1,Directed
687,160,1,Directed
687,178,1,Directed
687,188,1,Directed
687,189,2,Directed
687,200,1,Directed
687,214,4,Directed
687,248,2,Directed
687,272,1,Directed
687,278,1,Directed
687,280,1,Directed
687,334,4,Directed
687,335,1,Directed
687,415,1,Directed
687,490,2,Directed
687,500,5,Directed
687,502,2,Directed
687,530,2,Directed
687,542,1,Directed
687,566,1,Directed
687,586,3,Directed
687,591,1,Directed
687,617,1,Directed
687,629,1,Directed
687,692,4,Directed
687,739,1,Directed
687,742,3,Directed
687,746,2,Directed
687,772,7,Directed
687,776,1,Directed
687,783,1,Directed
687,791,2,Directed
687,803,2,Directed
687,812,1,Directed
687,823,1,Directed
687,833,1,Directed
687,857,1,Directed
687,862,1,Directed
687,891,1,Directed
687,900,1,Directed
687,907,1,Directed
687,912,2,Directed
687,915,2,Directed
687,923,20,Directed
688,29,2,Directed
688,78,2,Directed
688,107,1,Directed
688,183,1,Directed
688,335,11,Directed
688,404,5,Directed
688,409,1,Directed
688,464,1,Directed
688,506,4,Directed
688,532,13,Directed
688,553,7,Directed
688,599,1,Directed
688,670,17,Directed
688,702,3,Directed
688,808,8,Directed
688,898,4,Directed
688,899,2,Directed
690,582,1,Directed
690,849,2,Directed
691,485,27,Directed
692,2,2,Directed
692,53,4,Directed
692,56,1,Directed
692,61,30,Directed
692,65,4,Directed
692,72,1,Directed
692,90,3,Directed
692,116,1,Directed
692,135,55,Directed
692,137,1,Directed
692,157,1,Directed
692,159,5,Directed
692,178,2,Directed
692,185,1,Directed
692,189,1,Directed
692,191,104,Directed
692,193,1,Directed
692,205,2,Directed
692,214,8,Directed
692,220,2,Directed
692,229,10,Directed
692,233,280,Directed
692,245,11,Directed
692,248,17,Directed
692,264,2,Directed
692,272,2,Directed
692,306,1,Directed
692,307,3,Directed
692,317,2,Directed
692,326,2,Directed
692,329,19,Directed
692,334,15,Directed
692,337,1,Directed
692,338,1,Directed
692,364,2,Directed
692,413,2,Directed
692,414,1,Directed
692,415,20,Directed
692,443,1,Directed
692,448,3,Directed
692,450,14,Directed
692,500,1,Directed
692,510,1,Directed
692,517,1,Directed
692,523,1,Directed
692,528,2,Directed
692,530,3,Directed
692,531,1,Directed
692,534,10,Directed
692,540,23,Directed
692,546,1,Directed
692,550,10,Directed
692,581,21,Directed
692,586,1,Directed
692,591,36,Directed
692,607,15,Directed
692,609,1,Directed
692,617,2,Directed
692,624,22,Directed
692,660,4,Directed
692,661,5,Directed
692,671,6,Directed
692,684,1,Directed
692,687,9,Directed
692,696,5,Directed
692,700,2,Directed
692,703,1,Directed
692,707,1,Directed
692,718,23,Directed
692,731,1,Directed
692,736,5,Directed
692,738,1,Directed
692,742,35,Directed
692,746,111,Directed
692,749,55,Directed
692,752,1,Directed
692,769,6,Directed
692,775,32,Directed
692,776,1,Directed
692,787,1,Directed
692,798,6,Directed
692,819,3,Directed
692,830,25,Directed
692,834,6,Directed
692,835,3,Directed
692,851,1,Directed
692,855,1,Directed
692,863,1,Directed
692,873,2,Directed
692,880,1,Directed
692,900,1,Directed
692,910,2,Directed
692,915,1,Directed
692,923,5,Directed
692,932,2,Directed
692,935,11,Directed
692,955,3,Directed
692,987,1,Directed
692,993,1,Directed
692,994,7,Directed
692,995,1,Directed
693,0,5,Directed
693,2,2,Directed
693,6,3,Directed
693,13,8,Directed
693,29,1,Directed
693,32,9,Directed
693,61,7,Directed
693,78,4,Directed
693,90,3,Directed
693,91,1,Directed
693,120,2,Directed
693,122,21,Directed
693,159,3,Directed
693,178,60,Directed
693,189,1,Directed
693,228,45,Directed
693,231,3,Directed
693,249,9,Directed
693,293,4,Directed
693,295,1,Directed
693,314,10,Directed
693,333,6,Directed
693,334,1,Directed
693,409,2,Directed
693,433,1,Directed
693,470,5,Directed
693,502,32,Directed
693,528,1,Directed
693,530,1,Directed
693,538,7,Directed
693,541,1,Directed
693,569,9,Directed
693,572,3,Directed
693,599,37,Directed
693,605,20,Directed
693,700,4,Directed
693,710,14,Directed
693,767,3,Directed
693,772,4,Directed
693,789,1,Directed
693,791,12,Directed
693,808,2,Directed
693,862,16,Directed
693,890,2,Directed
693,923,1,Directed
693,951,2,Directed
693,976,2,Directed
693,977,2,Directed
693,980,1,Directed
693,991,2,Directed
694,845,4,Directed
695,40,24,Directed
695,60,1,Directed
695,61,1,Directed
695,159,13,Directed
695,187,16,Directed
695,214,3,Directed
695,329,1,Directed
695,337,6,Directed
695,362,13,Directed
695,450,33,Directed
695,466,8,Directed
695,511,1,Directed
695,568,9,Directed
695,572,1,Directed
695,585,12,Directed
695,596,7,Directed
695,692,1,Directed
695,802,2,Directed
695,907,1,Directed
695,947,2,Directed
695,951,5,Directed
696,2,2,Directed
696,5,1,Directed
696,8,4,Directed
696,16,4,Directed
696,32,1,Directed
696,40,1,Directed
696,61,26,Directed
696,107,1,Directed
696,120,1,Directed
696,127,2,Directed
696,143,19,Directed
696,157,5,Directed
696,159,1,Directed
696,181,7,Directed
696,187,1,Directed
696,189,8,Directed
696,200,2,Directed
696,223,2,Directed
696,226,1,Directed
696,229,77,Directed
696,248,55,Directed
696,306,5,Directed
696,316,1,Directed
696,326,2,Directed
696,333,2,Directed
696,334,49,Directed
696,356,2,Directed
696,360,1,Directed
696,367,2,Directed
696,377,19,Directed
696,392,6,Directed
696,406,1,Directed
696,410,11,Directed
696,422,1,Directed
696,428,1,Directed
696,433,3,Directed
696,435,1,Directed
696,450,2,Directed
696,454,1,Directed
696,457,2,Directed
696,479,1,Directed
696,483,7,Directed
696,502,11,Directed
696,526,1,Directed
696,527,1,Directed
696,530,1,Directed
696,534,13,Directed
696,540,1,Directed
696,563,17,Directed
696,572,3,Directed
696,586,2,Directed
696,591,20,Directed
696,595,33,Directed
696,607,106,Directed
696,663,1,Directed
696,669,4,Directed
696,670,1,Directed
696,671,3,Directed
696,678,20,Directed
696,686,1,Directed
696,687,15,Directed
696,692,19,Directed
696,700,1,Directed
696,703,1,Directed
696,711,2,Directed
696,716,1,Directed
696,718,19,Directed
696,724,1,Directed
696,731,9,Directed
696,739,2,Directed
696,742,12,Directed
696,746,1,Directed
696,775,5,Directed
696,783,1,Directed
696,797,1,Directed
696,812,3,Directed
696,833,1,Directed
696,834,3,Directed
696,844,1,Directed
696,851,8,Directed
696,876,2,Directed
696,891,1,Directed
696,900,1,Directed
696,904,1,Directed
696,915,8,Directed
696,935,1,Directed
696,944,1,Directed
696,963,1,Directed
696,994,1,Directed
696,995,2,Directed
697,82,1,Directed
697,83,28,Directed
697,112,1,Directed
697,170,45,Directed
697,293,81,Directed
697,311,96,Directed
697,360,1,Directed
697,405,1,Directed
697,427,1,Directed
697,540,108,Directed
697,720,1,Directed
697,771,33,Directed
697,784,1,Directed
697,855,241,Directed
697,873,20,Directed
697,925,169,Directed
697,962,2,Directed
698,231,157,Directed
698,245,157,Directed
698,311,1,Directed
698,540,157,Directed
698,764,157,Directed
698,840,157,Directed
698,873,157,Directed
698,925,3,Directed
699,77,4,Directed
699,168,7,Directed
699,232,2,Directed
699,260,1,Directed
699,266,6,Directed
699,294,1,Directed
699,313,1,Directed
699,356,1,Directed
699,416,1,Directed
699,439,4,Directed
699,521,1,Directed
699,637,1,Directed
699,912,3,Directed
699,948,2,Directed
700,2,56,Directed
700,4,1,Directed
700,13,1,Directed
700,24,2,Directed
700,32,4,Directed
700,61,4,Directed
700,82,1,Directed
700,112,12,Directed
700,114,1,Directed
700,119,18,Directed
700,126,8,Directed
700,135,2,Directed
700,142,1,Directed
700,149,1,Directed
700,151,2,Directed
700,178,6,Directed
700,184,1,Directed
700,187,4,Directed
700,189,1,Directed
700,193,1,Directed
700,225,1,Directed
700,232,4,Directed
700,235,3,Directed
700,245,1,Directed
700,267,17,Directed
700,272,4,Directed
700,277,15,Directed
700,280,31,Directed
700,285,1,Directed
700,293,3,Directed
700,305,1,Directed
700,306,1,Directed
700,321,1,Directed
700,324,1,Directed
700,332,2,Directed
700,333,1,Directed
700,334,2,Directed
700,335,1,Directed
700,336,1,Directed
700,337,1,Directed
700,338,1,Directed
700,347,1,Directed
700,361,1,Directed
700,369,1,Directed
700,392,1,Directed
700,404,1,Directed
700,410,1,Directed
700,413,2,Directed
700,415,2,Directed
700,423,2,Directed
700,428,1,Directed
700,441,1,Directed
700,443,1,Directed
700,444,1,Directed
700,450,1,Directed
700,465,3,Directed
700,470,1,Directed
700,479,1,Directed
700,502,6,Directed
700,516,10,Directed
700,528,2,Directed
700,530,1,Directed
700,532,18,Directed
700,537,1,Directed
700,538,1,Directed
700,540,8,Directed
700,541,1,Directed
700,586,1,Directed
700,590,1,Directed
700,595,1,Directed
700,599,1,Directed
700,605,4,Directed
700,607,7,Directed
700,629,2,Directed
700,630,2,Directed
700,638,31,Directed
700,661,1,Directed
700,662,1,Directed
700,664,1,Directed
700,680,1,Directed
700,693,1,Directed
700,695,1,Directed
700,703,1,Directed
700,716,1,Directed
700,720,1,Directed
700,724,1,Directed
700,746,1,Directed
700,748,3,Directed
700,749,1,Directed
700,750,1,Directed
700,761,1,Directed
700,782,6,Directed
700,790,77,Directed
700,812,38,Directed
700,823,1,Directed
700,838,2,Directed
700,840,2,Directed
700,858,1,Directed
700,862,2,Directed
700,866,1,Directed
700,867,1,Directed
700,881,13,Directed
700,891,4,Directed
700,895,1,Directed
700,896,2,Directed
700,920,2,Directed
700,929,1,Directed
700,935,8,Directed
700,956,7,Directed
700,962,1,Directed
700,988,6,Directed
700,1001,1,Directed
701,90,1,Directed
701,91,1,Directed
701,108,1,Directed
701,220,1,Directed
701,292,3,Directed
701,330,2,Directed
701,423,1,Directed
701,549,5,Directed
701,728,2,Directed
701,733,1,Directed
701,764,1,Directed
701,842,1,Directed
701,997,1,Directed
702,14,121,Directed
702,78,4,Directed
702,90,3,Directed
702,106,1,Directed
702,173,2,Directed
702,192,3,Directed
702,199,3,Directed
702,316,2,Directed
702,327,7,Directed
702,328,2,Directed
702,381,7,Directed
702,382,1,Directed
702,437,1,Directed
702,491,1,Directed
702,506,20,Directed
702,516,3,Directed
702,532,1,Directed
702,541,3,Directed
702,599,1,Directed
702,607,4,Directed
702,611,1,Directed
702,644,37,Directed
702,650,1,Directed
702,664,2,Directed
702,670,4,Directed
702,688,6,Directed
702,690,2,Directed
702,738,6,Directed
702,745,6,Directed
702,761,3,Directed
702,783,1,Directed
702,828,3,Directed
702,837,2,Directed
702,842,11,Directed
702,850,4,Directed
702,921,2,Directed
702,923,2,Directed
702,924,28,Directed
702,977,2,Directed
702,996,10,Directed
702,1001,10,Directed
703,4,1,Directed
703,40,2,Directed
703,53,2,Directed
703,61,1,Directed
703,65,3,Directed
703,83,3,Directed
703,86,7,Directed
703,90,4,Directed
703,120,10,Directed
703,135,30,Directed
703,152,1,Directed
703,159,11,Directed
703,193,2,Directed
703,214,2,Directed
703,229,1,Directed
703,239,2,Directed
703,272,2,Directed
703,306,22,Directed
703,383,2,Directed
703,443,21,Directed
703,450,2,Directed
703,511,1,Directed
703,528,2,Directed
703,546,1,Directed
703,550,3,Directed
703,581,11,Directed
703,633,1,Directed
703,659,6,Directed
703,692,2,Directed
703,720,1,Directed
703,771,57,Directed
703,772,4,Directed
703,784,33,Directed
703,835,4,Directed
703,863,7,Directed
703,901,2,Directed
703,935,1,Directed
703,951,9,Directed
703,993,2,Directed
704,12,1,Directed
704,13,2,Directed
704,25,28,Directed
704,30,5,Directed
704,41,7,Directed
704,48,30,Directed
704,73,2,Directed
704,90,2,Directed
704,159,5,Directed
704,168,1,Directed
704,176,4,Directed
704,214,3,Directed
704,216,3,Directed
704,232,2,Directed
704,267,1,Directed
704,270,2,Directed
704,318,9,Directed
704,319,1,Directed
704,321,24,Directed
704,434,2,Directed
704,458,13,Directed
704,499,24,Directed
704,503,18,Directed
704,546,4,Directed
704,550,9,Directed
704,558,11,Directed
704,565,21,Directed
704,618,1,Directed
704,684,56,Directed
704,700,1,Directed
704,723,7,Directed
704,743,73,Directed
704,758,2,Directed
704,765,9,Directed
704,841,2,Directed
704,844,18,Directed
704,868,3,Directed
704,891,2,Directed
704,918,4,Directed
704,956,4,Directed
705,0,8,Directed
705,76,3,Directed
705,102,4,Directed
705,700,1,Directed
705,733,1,Directed
705,769,1,Directed
706,42,2,Directed
706,139,1,Directed
706,239,2,Directed
706,310,6,Directed
706,343,1,Directed
706,402,1,Directed
706,454,1,Directed
706,638,1,Directed
706,663,1,Directed
706,735,1,Directed
706,939,2,Directed
706,951,15,Directed
707,39,1,Directed
707,98,81,Directed
707,120,18,Directed
707,159,14,Directed
707,193,30,Directed
707,214,28,Directed
707,239,1,Directed
707,301,1,Directed
707,415,1,Directed
707,416,22,Directed
707,587,1,Directed
707,609,37,Directed
707,629,1,Directed
707,633,36,Directed
707,680,86,Directed
707,700,1,Directed
707,713,7,Directed
707,749,1,Directed
707,880,91,Directed
707,923,33,Directed
707,951,96,Directed
707,1003,12,Directed
708,512,1,Directed
708,718,2,Directed
708,843,1,Directed
708,916,1,Directed
710,78,7,Directed
710,99,2,Directed
710,178,12,Directed
710,184,10,Directed
710,228,2,Directed
710,246,1,Directed
710,314,4,Directed
710,333,1,Directed
710,409,3,Directed
710,423,14,Directed
710,502,18,Directed
710,527,51,Directed
710,580,1,Directed
710,599,36,Directed
710,693,5,Directed
710,737,1,Directed
710,767,8,Directed
710,779,3,Directed
710,832,17,Directed
710,862,2,Directed
710,929,2,Directed
711,159,1,Directed
711,246,4,Directed
711,377,1,Directed
711,718,28,Directed
711,843,6,Directed
711,907,1,Directed
711,951,1,Directed
712,26,1,Directed
712,40,110,Directed
712,53,2,Directed
712,60,1,Directed
712,61,2,Directed
712,75,1,Directed
712,90,3,Directed
712,116,2,Directed
712,142,2,Directed
712,159,39,Directed
712,187,10,Directed
712,193,1,Directed
712,198,1,Directed
712,214,43,Directed
712,226,1,Directed
712,272,10,Directed
712,278,3,Directed
712,280,3,Directed
712,299,3,Directed
712,333,1,Directed
712,334,1,Directed
712,352,4,Directed
712,379,1,Directed
712,380,37,Directed
712,398,70,Directed
712,433,2,Directed
712,450,121,Directed
712,466,13,Directed
712,468,1,Directed
712,488,1,Directed
712,500,1,Directed
712,546,1,Directed
712,547,2,Directed
712,550,3,Directed
712,568,2,Directed
712,572,1,Directed
712,586,2,Directed
712,591,5,Directed
712,596,1,Directed
712,607,5,Directed
712,662,2,Directed
712,687,3,Directed
712,695,1,Directed
712,714,8,Directed
712,802,4,Directed
712,827,3,Directed
712,900,4,Directed
712,942,5,Directed
712,947,1,Directed
712,991,3,Directed
713,65,1,Directed
713,98,87,Directed
713,107,5,Directed
713,159,2,Directed
713,239,1,Directed
713,278,2,Directed
713,291,8,Directed
713,454,6,Directed
713,566,22,Directed
713,592,16,Directed
713,609,1,Directed
713,1003,1,Directed
714,53,2,Directed
714,90,3,Directed
714,193,43,Directed
714,578,1,Directed
714,617,21,Directed
714,890,14,Directed
714,923,1,Directed
715,2,1,Directed
715,53,1,Directed
715,147,13,Directed
715,157,3,Directed
715,159,1,Directed
715,171,9,Directed
715,277,1,Directed
715,285,5,Directed
715,336,1,Directed
715,347,9,Directed
715,355,1,Directed
715,546,3,Directed
715,565,2,Directed
715,577,14,Directed
715,590,7,Directed
715,686,4,Directed
715,748,7,Directed
715,890,1,Directed
715,923,1,Directed
715,926,24,Directed
715,931,5,Directed
715,933,6,Directed
715,972,6,Directed
716,0,4,Directed
716,6,12,Directed
716,16,7,Directed
716,19,2,Directed
716,31,1,Directed
716,32,1,Directed
716,61,5,Directed
716,90,1,Directed
716,91,1,Directed
716,101,3,Directed
716,114,7,Directed
716,118,3,Directed
716,122,3,Directed
716,127,3,Directed
716,149,54,Directed
716,158,3,Directed
716,167,2,Directed
716,169,1,Directed
716,178,1,Directed
716,189,13,Directed
716,225,1,Directed
716,236,4,Directed
716,239,1,Directed
716,243,1,Directed
716,246,1,Directed
716,249,11,Directed
716,293,8,Directed
716,365,4,Directed
716,372,2,Directed
716,377,13,Directed
716,410,3,Directed
716,423,4,Directed
716,428,2,Directed
716,457,1,Directed
716,461,1,Directed
716,471,1,Directed
716,479,2,Directed
716,484,1,Directed
716,502,1,Directed
716,546,1,Directed
716,595,4,Directed
716,597,1,Directed
716,607,1,Directed
716,609,1,Directed
716,643,1,Directed
716,708,1,Directed
716,718,45,Directed
716,724,19,Directed
716,777,2,Directed
716,790,1,Directed
716,851,1,Directed
716,866,20,Directed
716,876,3,Directed
716,883,15,Directed
716,890,3,Directed
716,896,1,Directed
716,915,1,Directed
716,980,6,Directed
716,991,1,Directed
716,1004,4,Directed
718,5,1,Directed
718,6,3,Directed
718,16,35,Directed
718,19,3,Directed
718,24,2,Directed
718,31,1,Directed
718,32,29,Directed
718,38,1,Directed
718,61,395,Directed
718,65,2,Directed
718,75,3,Directed
718,89,7,Directed
718,90,13,Directed
718,101,19,Directed
718,107,13,Directed
718,114,44,Directed
718,118,1,Directed
718,120,7,Directed
718,122,36,Directed
718,127,39,Directed
718,134,1,Directed
718,135,14,Directed
718,149,15,Directed
718,150,1,Directed
718,157,23,Directed
718,159,13,Directed
718,166,2,Directed
718,167,1,Directed
718,176,2,Directed
718,178,8,Directed
718,184,3,Directed
718,189,126,Directed
718,193,2,Directed
718,197,3,Directed
718,201,1,Directed
718,214,2,Directed
718,223,7,Directed
718,225,3,Directed
718,229,1,Directed
718,233,1,Directed
718,243,16,Directed
718,246,4,Directed
718,248,7,Directed
718,275,2,Directed
718,280,2,Directed
718,281,26,Directed
718,293,39,Directed
718,306,2,Directed
718,325,1,Directed
718,334,7,Directed
718,343,5,Directed
718,356,25,Directed
718,365,9,Directed
718,367,1,Directed
718,372,1,Directed
718,376,1,Directed
718,377,84,Directed
718,388,21,Directed
718,404,3,Directed
718,407,2,Directed
718,410,4,Directed
718,415,14,Directed
718,423,10,Directed
718,428,1,Directed
718,450,13,Directed
718,457,3,Directed
718,462,1,Directed
718,464,4,Directed
718,471,1,Directed
718,479,7,Directed
718,483,2,Directed
718,502,58,Directed
718,506,1,Directed
718,517,18,Directed
718,522,27,Directed
718,530,6,Directed
718,534,4,Directed
718,542,6,Directed
718,566,1,Directed
718,569,7,Directed
718,586,4,Directed
718,591,74,Directed
718,595,90,Directed
718,602,3,Directed
718,607,19,Directed
718,613,2,Directed
718,629,2,Directed
718,630,2,Directed
718,670,1,Directed
718,674,2,Directed
718,681,3,Directed
718,684,3,Directed
718,685,1,Directed
718,687,16,Directed
718,692,15,Directed
718,696,4,Directed
718,700,1,Directed
718,708,23,Directed
718,711,26,Directed
718,716,196,Directed
718,720,1,Directed
718,724,163,Directed
718,731,11,Directed
718,732,15,Directed
718,742,20,Directed
718,746,11,Directed
718,749,9,Directed
718,752,2,Directed
718,754,71,Directed
718,762,1,Directed
718,777,16,Directed
718,779,4,Directed
718,783,5,Directed
718,791,1,Directed
718,830,1,Directed
718,841,1,Directed
718,843,45,Directed
718,851,29,Directed
718,866,81,Directed
718,876,1,Directed
718,883,88,Directed
718,890,1,Directed
718,904,72,Directed
718,915,38,Directed
718,916,5,Directed
718,920,1,Directed
718,923,1,Directed
718,934,2,Directed
718,951,1,Directed
718,969,12,Directed
718,977,6,Directed
718,980,62,Directed
718,991,4,Directed
718,994,3,Directed
718,1004,2,Directed
719,13,9,Directed
719,14,18,Directed
719,16,2,Directed
719,56,2,Directed
719,158,2,Directed
719,159,7,Directed
719,173,2,Directed
719,197,2,Directed
719,199,2,Directed
719,270,2,Directed
719,327,2,Directed
719,329,1,Directed
719,410,25,Directed
719,437,2,Directed
719,506,5,Directed
719,516,5,Directed
719,532,2,Directed
719,541,16,Directed
719,576,2,Directed
719,624,1,Directed
719,630,3,Directed
719,644,3,Directed
719,650,3,Directed
719,654,2,Directed
719,657,2,Directed
719,682,11,Directed
719,702,2,Directed
719,738,41,Directed
719,745,5,Directed
719,761,3,Directed
719,783,25,Directed
719,819,2,Directed
719,828,10,Directed
719,837,37,Directed
719,850,2,Directed
719,881,2,Directed
719,921,3,Directed
719,923,2,Directed
719,924,3,Directed
719,945,2,Directed
719,979,2,Directed
719,996,2,Directed
719,1001,4,Directed
720,4,19,Directed
720,12,16,Directed
720,65,7,Directed
720,75,1,Directed
720,82,12,Directed
720,90,2,Directed
720,111,1,Directed
720,120,3,Directed
720,135,30,Directed
720,147,5,Directed
720,159,6,Directed
720,170,15,Directed
720,185,5,Directed
720,193,1,Directed
720,196,1,Directed
720,214,2,Directed
720,220,1,Directed
720,239,2,Directed
720,304,6,Directed
720,306,2,Directed
720,326,1,Directed
720,334,2,Directed
720,338,1,Directed
720,367,3,Directed
720,371,17,Directed
720,383,128,Directed
720,405,3,Directed
720,415,2,Directed
720,425,1,Directed
720,456,13,Directed
720,499,1,Directed
720,527,47,Directed
720,540,1,Directed
720,569,1,Directed
720,581,34,Directed
720,587,133,Directed
720,589,2,Directed
720,607,1,Directed
720,609,2,Directed
720,617,58,Directed
720,628,15,Directed
720,629,1,Directed
720,633,2,Directed
720,668,65,Directed
720,680,89,Directed
720,687,2,Directed
720,697,9,Directed
720,703,1,Directed
720,731,28,Directed
720,739,1,Directed
720,746,91,Directed
720,752,2,Directed
720,771,6,Directed
720,813,61,Directed
720,833,47,Directed
720,855,44,Directed
720,863,2,Directed
720,870,15,Directed
720,871,1,Directed
720,890,2,Directed
720,927,1,Directed
720,935,85,Directed
720,936,9,Directed
720,942,5,Directed
720,951,1,Directed
720,962,1,Directed
721,104,53,Directed
721,109,9,Directed
721,126,5,Directed
721,197,1,Directed
721,256,12,Directed
721,313,9,Directed
721,356,37,Directed
721,416,7,Directed
721,425,10,Directed
721,443,1,Directed
721,472,2,Directed
721,532,2,Directed
721,602,34,Directed
721,648,35,Directed
721,743,25,Directed
721,765,55,Directed
721,790,3,Directed
721,868,1,Directed
721,908,16,Directed
721,948,2,Directed
722,62,1,Directed
722,113,1,Directed
722,124,2,Directed
722,186,3,Directed
722,250,2,Directed
722,267,1,Directed
722,369,1,Directed
722,444,3,Directed
722,485,1,Directed
722,517,1,Directed
722,518,3,Directed
722,528,1,Directed
722,535,32,Directed
722,542,5,Directed
722,646,1,Directed
722,740,3,Directed
722,823,6,Directed
722,854,7,Directed
722,913,2,Directed
722,927,16,Directed
723,41,125,Directed
723,48,6,Directed
723,73,18,Directed
723,91,1,Directed
723,277,4,Directed
723,319,3,Directed
723,458,1,Directed
723,481,1,Directed
723,499,24,Directed
723,503,7,Directed
723,558,1,Directed
723,565,45,Directed
723,679,1,Directed
723,704,3,Directed
723,753,1,Directed
723,758,27,Directed
723,844,1,Directed
723,933,5,Directed
723,1000,4,Directed
724,5,11,Directed
724,14,45,Directed
724,16,2,Directed
724,29,7,Directed
724,31,1,Directed
724,32,2,Directed
724,53,1,Directed
724,61,4,Directed
724,65,1,Directed
724,68,1,Directed
724,101,6,Directed
724,114,1,Directed
724,118,2,Directed
724,122,1,Directed
724,127,6,Directed
724,159,29,Directed
724,178,1,Directed
724,181,17,Directed
724,184,2,Directed
724,189,17,Directed
724,201,2,Directed
724,214,1,Directed
724,226,1,Directed
724,228,4,Directed
724,246,106,Directed
724,249,1,Directed
724,281,1,Directed
724,293,66,Directed
724,316,2,Directed
724,349,2,Directed
724,377,6,Directed
724,407,1,Directed
724,410,2,Directed
724,415,1,Directed
724,423,1,Directed
724,457,2,Directed
724,491,3,Directed
724,493,1,Directed
724,502,39,Directed
724,506,4,Directed
724,530,5,Directed
724,538,4,Directed
724,546,1,Directed
724,547,1,Directed
724,572,5,Directed
724,591,1,Directed
724,607,2,Directed
724,629,1,Directed
724,670,1,Directed
724,685,26,Directed
724,687,2,Directed
724,690,1,Directed
724,700,1,Directed
724,711,4,Directed
724,716,21,Directed
724,718,88,Directed
724,738,1,Directed
724,777,1,Directed
724,796,22,Directed
724,843,2,Directed
724,851,2,Directed
724,862,3,Directed
724,866,7,Directed
724,883,58,Directed
724,890,1,Directed
724,896,1,Directed
724,915,3,Directed
724,916,1,Directed
724,921,5,Directed
724,951,15,Directed
724,978,1,Directed
724,1001,23,Directed
724,1004,34,Directed
726,335,1,Directed
727,215,1,Directed
727,238,2,Directed
727,951,2,Directed
728,605,2,Directed
729,16,1,Directed
729,18,1,Directed
729,19,1,Directed
729,59,1,Directed
729,101,2,Directed
729,149,1,Directed
729,189,1,Directed
729,243,4,Directed
729,246,1,Directed
729,265,1,Directed
729,293,1,Directed
729,377,16,Directed
729,423,1,Directed
729,522,1,Directed
729,607,1,Directed
729,681,2,Directed
729,708,1,Directed
729,711,1,Directed
729,716,1,Directed
729,718,1,Directed
729,724,1,Directed
729,777,1,Directed
729,866,2,Directed
729,916,1,Directed
730,30,3,Directed
730,37,2,Directed
730,52,1,Directed
730,74,1,Directed
730,104,1,Directed
730,109,1,Directed
730,112,5,Directed
730,126,3,Directed
730,168,6,Directed
730,256,3,Directed
730,313,29,Directed
730,356,99,Directed
730,387,2,Directed
730,416,1,Directed
730,425,2,Directed
730,439,9,Directed
730,472,4,Directed
730,517,2,Directed
730,586,2,Directed
730,676,2,Directed
730,751,2,Directed
730,790,16,Directed
730,868,57,Directed
730,912,58,Directed
730,946,1,Directed
730,948,1,Directed
730,984,1,Directed
731,8,16,Directed
731,12,1,Directed
731,15,163,Directed
731,32,2,Directed
731,53,3,Directed
731,65,2,Directed
731,75,1,Directed
731,78,1,Directed
731,82,1,Directed
731,90,1,Directed
731,92,3,Directed
731,120,3,Directed
731,143,6,Directed
731,157,2,Directed
731,159,4,Directed
731,189,10,Directed
731,193,1,Directed
731,214,3,Directed
731,229,4,Directed
731,239,1,Directed
731,249,1,Directed
731,257,1,Directed
731,268,1,Directed
731,280,3,Directed
731,281,1,Directed
731,284,140,Directed
731,316,1,Directed
731,334,1,Directed
731,367,1,Directed
731,376,3,Directed
731,377,3,Directed
731,381,1,Directed
731,406,3,Directed
731,422,237,Directed
731,493,1,Directed
731,502,2,Directed
731,527,4,Directed
731,531,1,Directed
731,540,1,Directed
731,550,1,Directed
731,563,21,Directed
731,572,9,Directed
731,584,90,Directed
731,595,1,Directed
731,607,3,Directed
731,609,1,Directed
731,630,1,Directed
731,658,5,Directed
731,662,1,Directed
731,679,1,Directed
731,680,118,Directed
731,684,1,Directed
731,687,1,Directed
731,696,10,Directed
731,717,2,Directed
731,718,8,Directed
731,720,2,Directed
731,739,17,Directed
731,741,1,Directed
731,746,12,Directed
731,752,1,Directed
731,772,1,Directed
731,789,6,Directed
731,792,1,Directed
731,797,3,Directed
731,809,2,Directed
731,851,1,Directed
731,870,15,Directed
731,890,3,Directed
731,915,10,Directed
731,951,1,Directed
732,0,31,Directed
732,5,2,Directed
732,6,1,Directed
732,16,2,Directed
732,29,2,Directed
732,118,31,Directed
732,127,8,Directed
732,189,2,Directed
732,365,4,Directed
732,383,4,Directed
732,404,1,Directed
732,407,1,Directed
732,506,1,Directed
732,522,4,Directed
732,595,1,Directed
732,718,6,Directed
732,977,2,Directed
733,68,1,Directed
733,135,1,Directed
733,245,1,Directed
733,329,1,Directed
733,482,1,Directed
733,581,1,Directed
733,588,1,Directed
733,617,1,Directed
733,692,1,Directed
733,746,1,Directed
733,764,2,Directed
733,769,1,Directed
733,836,1,Directed
733,855,1,Directed
733,995,1,Directed
734,329,1,Directed
735,69,1,Directed
735,84,2,Directed
735,159,2,Directed
735,310,3,Directed
735,337,4,Directed
735,378,1,Directed
735,395,1,Directed
735,505,4,Directed
735,509,1,Directed
735,514,4,Directed
735,534,4,Directed
735,586,4,Directed
735,603,5,Directed
735,638,1,Directed
735,740,1,Directed
735,780,2,Directed
735,822,5,Directed
735,879,1,Directed
735,962,4,Directed
736,2,1,Directed
736,90,2,Directed
736,135,2,Directed
736,170,1,Directed
736,193,3,Directed
736,214,2,Directed
736,231,8,Directed
736,245,9,Directed
736,319,4,Directed
736,383,6,Directed
736,540,16,Directed
736,581,1,Directed
736,633,1,Directed
736,692,5,Directed
736,764,1,Directed
736,769,10,Directed
736,951,1,Directed
737,7,1,Directed
737,107,5,Directed
737,175,24,Directed
737,192,1,Directed
737,275,10,Directed
737,335,14,Directed
737,440,49,Directed
737,473,1,Directed
737,506,1,Directed
737,537,8,Directed
737,664,1,Directed
737,710,1,Directed
737,810,1,Directed
737,849,14,Directed
737,1004,3,Directed
738,13,83,Directed
738,14,57,Directed
738,15,1,Directed
738,28,5,Directed
738,53,1,Directed
738,114,1,Directed
738,122,2,Directed
738,131,14,Directed
738,134,28,Directed
738,159,8,Directed
738,173,42,Directed
738,197,10,Directed
738,199,51,Directed
738,214,4,Directed
738,231,73,Directed
738,264,3,Directed
738,270,40,Directed
738,327,38,Directed
738,329,7,Directed
738,377,5,Directed
738,381,2,Directed
738,382,1,Directed
738,397,5,Directed
738,427,1,Directed
738,433,52,Directed
738,437,37,Directed
738,448,1,Directed
738,506,53,Directed
738,508,14,Directed
738,516,44,Directed
738,531,2,Directed
738,532,39,Directed
738,541,118,Directed
738,542,1,Directed
738,546,3,Directed
738,550,1,Directed
738,576,44,Directed
738,592,3,Directed
738,595,2,Directed
738,597,25,Directed
738,607,1,Directed
738,611,1,Directed
738,613,3,Directed
738,624,8,Directed
738,641,1,Directed
738,644,65,Directed
738,650,61,Directed
738,653,14,Directed
738,654,133,Directed
738,657,40,Directed
738,671,7,Directed
738,682,64,Directed
738,692,1,Directed
738,698,1,Directed
738,702,40,Directed
738,719,110,Directed
738,724,1,Directed
738,745,71,Directed
738,747,14,Directed
738,761,66,Directed
738,772,2,Directed
738,783,296,Directed
738,828,46,Directed
738,837,89,Directed
738,850,63,Directed
738,873,1,Directed
738,881,44,Directed
738,916,1,Directed
738,921,100,Directed
738,923,144,Directed
738,924,41,Directed
738,945,34,Directed
738,951,10,Directed
738,975,7,Directed
738,979,56,Directed
738,996,58,Directed
738,1001,51,Directed
739,8,5,Directed
739,24,1,Directed
739,53,1,Directed
739,61,1,Directed
739,65,1,Directed
739,143,13,Directed
739,144,2,Directed
739,159,1,Directed
739,280,6,Directed
739,341,2,Directed
739,422,1,Directed
739,462,1,Directed
739,497,1,Directed
739,528,4,Directed
739,530,1,Directed
739,544,4,Directed
739,563,1,Directed
739,591,2,Directed
739,607,2,Directed
739,629,1,Directed
739,630,1,Directed
739,633,1,Directed
739,669,3,Directed
739,687,3,Directed
739,692,1,Directed
739,696,2,Directed
739,731,9,Directed
739,750,1,Directed
739,772,1,Directed
739,846,1,Directed
739,915,4,Directed
739,920,1,Directed
740,75,1,Directed
740,84,1,Directed
740,91,1,Directed
740,106,14,Directed
740,157,10,Directed
740,322,7,Directed
740,337,1,Directed
740,343,1,Directed
740,368,1,Directed
740,638,3,Directed
740,722,3,Directed
740,788,14,Directed
740,832,1,Directed
740,879,16,Directed
740,891,3,Directed
740,950,1,Directed
741,544,1,Directed
741,563,2,Directed
741,731,3,Directed
741,739,1,Directed
741,851,1,Directed
742,53,3,Directed
742,61,66,Directed
742,65,1,Directed
742,75,4,Directed
742,83,12,Directed
742,86,17,Directed
742,90,57,Directed
742,91,3,Directed
742,95,1,Directed
742,104,11,Directed
742,120,32,Directed
742,122,2,Directed
742,134,2,Directed
742,135,30,Directed
742,152,15,Directed
742,159,77,Directed
742,170,1,Directed
742,185,6,Directed
742,191,1,Directed
742,214,84,Directed
742,223,1,Directed
742,229,40,Directed
742,231,2,Directed
742,232,2,Directed
742,239,10,Directed
742,243,2,Directed
742,245,1,Directed
742,272,26,Directed
742,306,206,Directed
742,334,15,Directed
742,356,3,Directed
742,367,2,Directed
742,374,17,Directed
742,383,3,Directed
742,388,27,Directed
742,390,1,Directed
742,400,12,Directed
742,415,7,Directed
742,443,132,Directed
742,450,33,Directed
742,462,3,Directed
742,472,1,Directed
742,483,1,Directed
742,502,4,Directed
742,517,2,Directed
742,525,1,Directed
742,528,7,Directed
742,530,2,Directed
742,534,1,Directed
742,546,1,Directed
742,550,8,Directed
742,568,6,Directed
742,581,27,Directed
742,586,2,Directed
742,591,19,Directed
742,607,6,Directed
742,617,1,Directed
742,659,70,Directed
742,662,2,Directed
742,684,3,Directed
742,687,18,Directed
742,692,50,Directed
742,696,2,Directed
742,718,21,Directed
742,746,3,Directed
742,749,2,Directed
742,765,14,Directed
742,769,46,Directed
742,771,55,Directed
742,772,18,Directed
742,775,1,Directed
742,784,89,Directed
742,798,1,Directed
742,802,1,Directed
742,830,1,Directed
742,835,25,Directed
742,851,1,Directed
742,863,64,Directed
742,879,1,Directed
742,890,8,Directed
742,891,1,Directed
742,900,218,Directed
742,901,19,Directed
742,915,16,Directed
742,923,16,Directed
742,951,5,Directed
742,993,30,Directed
742,995,1,Directed
743,13,17,Directed
743,30,17,Directed
743,52,1,Directed
743,62,1,Directed
743,65,1,Directed
743,74,1,Directed
743,104,2,Directed
743,111,4,Directed
743,120,3,Directed
743,126,1,Directed
743,135,1,Directed
743,157,10,Directed
743,166,63,Directed
743,168,3,Directed
743,173,4,Directed
743,214,1,Directed
743,229,1,Directed
743,236,1,Directed
743,260,3,Directed
743,294,1,Directed
743,305,8,Directed
743,313,1,Directed
743,333,8,Directed
743,340,6,Directed
743,356,99,Directed
743,416,8,Directed
743,425,1,Directed
743,443,12,Directed
743,462,1,Directed
743,472,54,Directed
743,506,2,Directed
743,516,33,Directed
743,517,3,Directed
743,528,1,Directed
743,532,2,Directed
743,542,5,Directed
743,546,2,Directed
743,550,35,Directed
743,565,2,Directed
743,586,2,Directed
743,602,201,Directed
743,684,14,Directed
743,704,90,Directed
743,721,11,Directed
743,746,2,Directed
743,762,1,Directed
743,765,15,Directed
743,782,2,Directed
743,794,1,Directed
743,854,5,Directed
743,859,17,Directed
743,868,7,Directed
743,908,2,Directed
743,912,7,Directed
743,923,2,Directed
743,946,1,Directed
743,948,6,Directed
743,956,1,Directed
744,30,1,Directed
744,31,1,Directed
744,32,1,Directed
744,38,1,Directed
744,42,1,Directed
744,46,1,Directed
744,74,1,Directed
744,82,1,Directed
744,125,1,Directed
744,142,1,Directed
744,152,1,Directed
744,161,1,Directed
744,164,1,Directed
744,168,21,Directed
744,170,2,Directed
744,176,1,Directed
744,194,1,Directed
744,203,1,Directed
744,208,1,Directed
744,210,1,Directed
744,218,1,Directed
744,232,16,Directed
744,236,1,Directed
744,254,1,Directed
744,293,1,Directed
744,304,1,Directed
744,306,1,Directed
744,307,1,Directed
744,321,1,Directed
744,324,1,Directed
744,346,1,Directed
744,353,1,Directed
744,356,7,Directed
744,360,1,Directed
744,368,1,Directed
744,378,1,Directed
744,381,1,Directed
744,400,1,Directed
744,402,1,Directed
744,406,1,Directed
744,407,1,Directed
744,428,1,Directed
744,432,1,Directed
744,460,1,Directed
744,464,1,Directed
744,469,1,Directed
744,470,1,Directed
744,472,19,Directed
744,489,1,Directed
744,493,1,Directed
744,496,1,Directed
744,505,1,Directed
744,509,1,Directed
744,524,1,Directed
744,527,1,Directed
744,548,1,Directed
744,558,1,Directed
744,560,1,Directed
744,562,1,Directed
744,568,1,Directed
744,581,1,Directed
744,583,1,Directed
744,606,1,Directed
744,622,1,Directed
744,644,1,Directed
744,647,1,Directed
744,660,1,Directed
744,676,1,Directed
744,722,1,Directed
744,735,1,Directed
744,740,1,Directed
744,743,1,Directed
744,745,1,Directed
744,777,1,Directed
744,780,1,Directed
744,795,1,Directed
744,798,1,Directed
744,803,1,Directed
744,807,1,Directed
744,830,1,Directed
744,843,1,Directed
744,870,1,Directed
744,871,2,Directed
744,879,1,Directed
744,912,90,Directed
744,915,1,Directed
744,939,1,Directed
744,943,1,Directed
744,946,21,Directed
744,952,1,Directed
744,971,1,Directed
744,977,1,Directed
744,1002,1,Directed
745,644,1,Directed
745,650,2,Directed
745,702,1,Directed
745,719,1,Directed
745,738,13,Directed
745,767,2,Directed
745,828,7,Directed
745,837,6,Directed
745,996,2,Directed
745,1001,1,Directed
746,2,1,Directed
746,8,1,Directed
746,24,1,Directed
746,32,13,Directed
746,53,1,Directed
746,56,5,Directed
746,61,2,Directed
746,62,3,Directed
746,70,1,Directed
746,75,1,Directed
746,77,1,Directed
746,90,6,Directed
746,111,3,Directed
746,112,2,Directed
746,120,1,Directed
746,127,1,Directed
746,134,1,Directed
746,135,34,Directed
746,136,1,Directed
746,157,65,Directed
746,159,14,Directed
746,161,2,Directed
746,189,1,Directed
746,191,1,Directed
746,193,1,Directed
746,197,12,Directed
746,200,2,Directed
746,214,99,Directed
746,221,7,Directed
746,223,47,Directed
746,233,18,Directed
746,235,1,Directed
746,248,42,Directed
746,271,7,Directed
746,277,21,Directed
746,316,1,Directed
746,334,8,Directed
746,343,1,Directed
746,356,6,Directed
746,388,10,Directed
746,413,81,Directed
746,414,2,Directed
746,415,4,Directed
746,450,32,Directed
746,472,2,Directed
746,500,1,Directed
746,502,56,Directed
746,517,19,Directed
746,522,6,Directed
746,530,53,Directed
746,531,4,Directed
746,534,83,Directed
746,542,76,Directed
746,550,56,Directed
746,565,1,Directed
746,568,1,Directed
746,572,3,Directed
746,586,6,Directed
746,591,135,Directed
746,592,1,Directed
746,595,11,Directed
746,607,3,Directed
746,609,1,Directed
746,617,2,Directed
746,624,3,Directed
746,629,1,Directed
746,630,2,Directed
746,662,1,Directed
746,665,22,Directed
746,668,344,Directed
746,671,1,Directed
746,679,1,Directed
746,684,47,Directed
746,687,82,Directed
746,692,457,Directed
746,696,2,Directed
746,700,9,Directed
746,718,49,Directed
746,720,186,Directed
746,731,48,Directed
746,739,30,Directed
746,742,44,Directed
746,743,8,Directed
746,749,2,Directed
746,763,2,Directed
746,775,43,Directed
746,776,35,Directed
746,783,6,Directed
746,801,2,Directed
746,803,5,Directed
746,812,17,Directed
746,813,238,Directed
746,832,1,Directed
746,834,30,Directed
746,836,4,Directed
746,841,12,Directed
746,844,6,Directed
746,851,33,Directed
746,870,6,Directed
746,900,47,Directed
746,912,3,Directed
746,915,21,Directed
746,920,46,Directed
746,923,43,Directed
746,935,1060,Directed
746,966,4,Directed
746,980,30,Directed
746,992,11,Directed
746,994,25,Directed
748,308,3,Directed
748,347,2,Directed
748,577,2,Directed
748,686,1,Directed
748,700,2,Directed
748,926,30,Directed
748,933,1,Directed
749,2,4,Directed
749,40,2,Directed
749,56,1,Directed
749,61,2,Directed
749,65,1,Directed
749,75,8,Directed
749,90,2,Directed
749,127,2,Directed
749,136,1,Directed
749,150,1,Directed
749,151,2,Directed
749,178,8,Directed
749,189,8,Directed
749,190,1,Directed
749,191,11,Directed
749,196,1,Directed
749,220,7,Directed
749,229,1,Directed
749,231,10,Directed
749,233,6,Directed
749,248,1,Directed
749,250,3,Directed
749,264,2,Directed
749,306,1,Directed
749,316,1,Directed
749,329,1,Directed
749,334,3,Directed
749,343,11,Directed
749,415,6,Directed
749,416,1,Directed
749,450,2,Directed
749,464,1,Directed
749,502,18,Directed
749,530,1,Directed
749,534,1,Directed
749,540,10,Directed
749,569,27,Directed
749,572,2,Directed
749,581,1,Directed
749,607,3,Directed
749,609,2,Directed
749,629,4,Directed
749,660,2,Directed
749,671,1,Directed
749,692,17,Directed
749,700,5,Directed
749,707,1,Directed
749,718,4,Directed
749,742,3,Directed
749,746,3,Directed
749,775,1,Directed
749,783,2,Directed
749,819,4,Directed
749,830,1,Directed
749,834,2,Directed
749,835,1,Directed
749,854,4,Directed
749,865,2,Directed
749,890,1,Directed
749,901,1,Directed
749,935,1,Directed
749,978,1,Directed
749,987,1,Directed
749,994,1,Directed
749,995,4,Directed
749,997,1,Directed
750,24,11,Directed
750,75,1,Directed
750,141,1,Directed
750,280,1,Directed
750,288,19,Directed
750,353,3,Directed
750,391,12,Directed
750,445,11,Directed
750,484,13,Directed
750,507,1,Directed
750,561,1,Directed
750,629,4,Directed
750,739,2,Directed
750,838,1,Directed
750,851,1,Directed
750,891,3,Directed
751,112,5,Directed
751,196,1,Directed
751,267,7,Directed
751,517,2,Directed
751,854,3,Directed
751,948,1,Directed
752,16,1,Directed
752,40,1,Directed
752,55,1,Directed
752,56,1,Directed
752,62,1,Directed
752,65,5,Directed
752,70,3,Directed
752,83,1,Directed
752,91,1,Directed
752,93,2,Directed
752,120,31,Directed
752,127,1,Directed
752,136,1,Directed
752,147,4,Directed
752,150,2,Directed
752,178,9,Directed
752,185,2,Directed
752,188,1,Directed
752,190,1,Directed
752,191,20,Directed
752,220,6,Directed
752,233,1,Directed
752,253,3,Directed
752,304,1,Directed
752,306,2,Directed
752,312,1,Directed
752,316,1,Directed
752,318,1,Directed
752,326,1,Directed
752,334,1,Directed
752,388,1,Directed
752,413,2,Directed
752,415,6,Directed
752,416,3,Directed
752,443,1,Directed
752,471,7,Directed
752,481,1,Directed
752,499,2,Directed
752,506,2,Directed
752,518,3,Directed
752,534,1,Directed
752,542,1,Directed
752,544,1,Directed
752,586,1,Directed
752,587,4,Directed
752,595,2,Directed
752,617,4,Directed
752,627,1,Directed
752,629,2,Directed
752,644,1,Directed
752,671,1,Directed
752,687,1,Directed
752,692,2,Directed
752,699,1,Directed
752,718,2,Directed
752,731,1,Directed
752,762,1,Directed
752,772,1,Directed
752,775,3,Directed
752,776,4,Directed
752,784,1,Directed
752,811,1,Directed
752,833,4,Directed
752,850,2,Directed
752,854,2,Directed
752,869,1,Directed
752,887,1,Directed
752,920,1,Directed
752,927,1,Directed
752,946,2,Directed
752,948,2,Directed
752,978,2,Directed
752,987,1,Directed
752,994,2,Directed
752,997,1,Directed
754,16,2,Directed
754,120,2,Directed
754,127,14,Directed
754,184,8,Directed
754,201,3,Directed
754,272,17,Directed
754,364,1,Directed
754,377,1,Directed
754,393,2,Directed
754,407,1,Directed
754,450,6,Directed
754,595,19,Directed
754,597,1,Directed
754,687,2,Directed
754,716,1,Directed
754,718,71,Directed
754,742,1,Directed
754,779,2,Directed
754,843,2,Directed
754,866,1,Directed
754,883,6,Directed
754,907,5,Directed
757,581,3,Directed
757,932,6,Directed
757,936,1,Directed
758,25,1,Directed
758,41,53,Directed
758,48,4,Directed
758,73,7,Directed
758,91,2,Directed
758,216,1,Directed
758,318,12,Directed
758,319,6,Directed
758,386,16,Directed
758,434,2,Directed
758,458,5,Directed
758,499,25,Directed
758,503,12,Directed
758,558,4,Directed
758,565,1,Directed
758,607,1,Directed
758,672,1,Directed
758,723,73,Directed
758,753,1,Directed
758,844,67,Directed
758,918,111,Directed
758,956,93,Directed
758,1000,1,Directed
759,74,9,Directed
759,77,3,Directed
759,104,1,Directed
759,111,1,Directed
759,126,7,Directed
759,133,1,Directed
759,166,21,Directed
759,168,2,Directed
759,232,3,Directed
759,256,1,Directed
759,294,8,Directed
759,313,1,Directed
759,332,1,Directed
759,362,4,Directed
759,416,6,Directed
759,435,2,Directed
759,447,2,Directed
759,573,1,Directed
759,586,5,Directed
759,648,1,Directed
759,762,5,Directed
759,782,1,Directed
759,885,2,Directed
759,974,2,Directed
759,984,7,Directed
760,738,4,Directed
761,14,2,Directed
761,327,2,Directed
761,381,7,Directed
761,396,12,Directed
761,418,1,Directed
761,516,49,Directed
761,532,16,Directed
761,541,2,Directed
761,576,1,Directed
761,643,1,Directed
761,650,3,Directed
761,666,1,Directed
761,700,8,Directed
761,702,3,Directed
761,719,1,Directed
761,738,26,Directed
761,752,1,Directed
761,783,27,Directed
761,790,7,Directed
761,804,19,Directed
761,837,2,Directed
761,850,8,Directed
761,866,5,Directed
761,881,30,Directed
761,924,2,Directed
761,928,2,Directed
761,969,6,Directed
761,996,1,Directed
762,77,2,Directed
762,166,2,Directed
762,185,3,Directed
762,260,1,Directed
762,356,1,Directed
762,586,2,Directed
762,765,1,Directed
762,912,1,Directed
763,14,1,Directed
763,48,3,Directed
763,90,6,Directed
763,134,2,Directed
763,159,1,Directed
763,185,1,Directed
763,214,9,Directed
763,231,1,Directed
763,334,1,Directed
763,461,1,Directed
763,528,3,Directed
763,565,2,Directed
763,657,1,Directed
763,854,3,Directed
763,867,1,Directed
763,956,2,Directed
764,76,1,Directed
764,90,4,Directed
764,105,6,Directed
764,120,1,Directed
764,226,2,Directed
764,231,9,Directed
764,233,1,Directed
764,245,49,Directed
764,264,2,Directed
764,329,5,Directed
764,338,1,Directed
764,364,51,Directed
764,516,7,Directed
764,528,1,Directed
764,582,57,Directed
764,624,8,Directed
764,790,1,Directed
764,801,2,Directed
764,840,31,Directed
764,925,1,Directed
764,987,9,Directed
764,994,60,Directed
764,1004,2,Directed
765,30,174,Directed
765,48,1,Directed
765,52,15,Directed
765,61,1,Directed
765,77,1,Directed
765,86,5,Directed
765,90,15,Directed
765,104,174,Directed
765,111,3,Directed
765,120,3,Directed
765,126,5,Directed
765,133,29,Directed
765,135,4,Directed
765,152,2,Directed
765,157,1,Directed
765,159,4,Directed
765,166,9,Directed
765,168,16,Directed
765,185,1,Directed
765,209,38,Directed
765,214,43,Directed
765,232,7,Directed
765,256,8,Directed
765,294,3,Directed
765,305,3,Directed
765,313,46,Directed
765,318,1,Directed
765,356,77,Directed
765,383,3,Directed
765,415,1,Directed
765,416,12,Directed
765,425,66,Directed
765,443,1,Directed
765,450,4,Directed
765,472,10,Directed
765,517,4,Directed
765,523,3,Directed
765,528,4,Directed
765,542,8,Directed
765,570,3,Directed
765,573,1,Directed
765,581,2,Directed
765,586,3,Directed
765,591,3,Directed
765,602,53,Directed
765,607,1,Directed
765,648,134,Directed
765,674,1,Directed
765,684,2,Directed
765,704,5,Directed
765,718,1,Directed
765,721,140,Directed
765,742,15,Directed
765,743,21,Directed
765,752,1,Directed
765,762,18,Directed
765,790,7,Directed
765,859,4,Directed
765,868,40,Directed
765,890,2,Directed
765,908,92,Directed
765,912,19,Directed
765,936,16,Directed
765,942,5,Directed
765,946,7,Directed
765,948,35,Directed
767,6,4,Directed
767,29,2,Directed
767,55,1,Directed
767,78,1,Directed
767,178,10,Directed
767,201,2,Directed
767,314,2,Directed
767,333,48,Directed
767,359,3,Directed
767,404,1,Directed
767,409,5,Directed
767,410,1,Directed
767,569,2,Directed
767,599,11,Directed
767,693,1,Directed
767,710,5,Directed
767,745,2,Directed
767,929,2,Directed
768,2,4,Directed
768,70,1,Directed
768,159,1,Directed
768,322,1,Directed
768,334,3,Directed
768,534,5,Directed
768,591,4,Directed
769,2,1,Directed
769,83,4,Directed
769,86,2,Directed
769,91,1,Directed
769,95,3,Directed
769,120,2,Directed
769,135,3,Directed
769,152,2,Directed
769,159,2,Directed
769,229,5,Directed
769,231,3,Directed
769,245,1,Directed
769,306,7,Directed
769,329,3,Directed
769,364,1,Directed
769,383,2,Directed
769,400,3,Directed
769,443,2,Directed
769,506,1,Directed
769,525,1,Directed
769,528,1,Directed
769,581,1,Directed
769,607,1,Directed
769,659,2,Directed
769,692,12,Directed
769,742,1,Directed
769,771,8,Directed
769,772,2,Directed
769,798,1,Directed
769,830,1,Directed
769,835,2,Directed
769,863,3,Directed
769,873,3,Directed
769,901,2,Directed
769,914,1,Directed
769,951,3,Directed
769,993,2,Directed
771,4,32,Directed
771,60,2,Directed
771,61,8,Directed
771,65,27,Directed
771,75,1,Directed
771,82,21,Directed
771,83,64,Directed
771,86,5,Directed
771,90,10,Directed
771,137,39,Directed
771,152,3,Directed
771,155,2,Directed
771,161,12,Directed
771,170,5,Directed
771,193,1,Directed
771,214,3,Directed
771,229,6,Directed
771,306,119,Directed
771,317,7,Directed
771,321,2,Directed
771,362,12,Directed
771,374,3,Directed
771,388,3,Directed
771,390,14,Directed
771,400,4,Directed
771,415,1,Directed
771,443,6,Directed
771,450,1,Directed
771,527,1,Directed
771,528,3,Directed
771,533,1,Directed
771,546,5,Directed
771,568,13,Directed
771,585,2,Directed
771,594,1,Directed
771,607,1,Directed
771,626,4,Directed
771,638,2,Directed
771,659,18,Directed
771,660,4,Directed
771,697,15,Directed
771,700,4,Directed
771,703,93,Directed
771,720,3,Directed
771,742,82,Directed
771,769,11,Directed
771,784,22,Directed
771,798,1,Directed
771,807,2,Directed
771,835,7,Directed
771,855,4,Directed
771,863,51,Directed
771,870,9,Directed
771,873,1,Directed
771,900,23,Directed
771,901,31,Directed
771,926,1,Directed
771,951,3,Directed
771,993,8,Directed
772,2,1,Directed
772,5,2,Directed
772,6,5,Directed
772,8,6,Directed
772,13,8,Directed
772,16,5,Directed
772,24,2,Directed
772,32,1,Directed
772,39,1,Directed
772,40,10,Directed
772,53,7,Directed
772,56,9,Directed
772,61,5,Directed
772,62,1,Directed
772,65,2,Directed
772,68,4,Directed
772,70,9,Directed
772,72,3,Directed
772,75,178,Directed
772,82,2,Directed
772,83,1,Directed
772,90,1,Directed
772,95,1,Directed
772,107,10,Directed
772,114,1,Directed
772,116,2,Directed
772,120,174,Directed
772,122,5,Directed
772,127,23,Directed
772,135,14,Directed
772,136,1,Directed
772,137,1,Directed
772,141,2,Directed
772,147,3,Directed
772,150,7,Directed
772,157,2,Directed
772,159,4,Directed
772,160,3,Directed
772,166,1,Directed
772,178,14,Directed
772,188,5,Directed
772,189,11,Directed
772,190,10,Directed
772,191,2,Directed
772,193,3,Directed
772,196,1,Directed
772,199,4,Directed
772,200,5,Directed
772,201,1,Directed
772,203,5,Directed
772,205,1,Directed
772,208,1,Directed
772,214,5,Directed
772,218,1,Directed
772,220,16,Directed
772,223,4,Directed
772,226,1,Directed
772,231,1,Directed
772,233,4,Directed
772,235,2,Directed
772,239,4,Directed
772,243,5,Directed
772,245,2,Directed
772,248,6,Directed
772,267,1,Directed
772,272,4,Directed
772,274,3,Directed
772,277,1,Directed
772,278,2,Directed
772,280,12,Directed
772,281,3,Directed
772,283,2,Directed
772,292,2,Directed
772,293,4,Directed
772,306,4,Directed
772,316,9,Directed
772,326,5,Directed
772,333,2,Directed
772,334,49,Directed
772,335,1,Directed
772,340,2,Directed
772,356,8,Directed
772,364,2,Directed
772,367,2,Directed
772,371,3,Directed
772,381,2,Directed
772,388,5,Directed
772,398,4,Directed
772,401,1,Directed
772,414,4,Directed
772,415,4,Directed
772,416,14,Directed
772,425,3,Directed
772,433,3,Directed
772,435,2,Directed
772,443,2,Directed
772,450,5,Directed
772,452,1,Directed
772,454,115,Directed
772,476,1,Directed
772,499,2,Directed
772,500,4,Directed
772,501,2,Directed
772,502,15,Directed
772,506,2,Directed
772,517,11,Directed
772,518,1,Directed
772,522,1,Directed
772,526,3,Directed
772,528,6,Directed
772,530,5,Directed
772,531,1,Directed
772,534,6,Directed
772,535,4,Directed
772,540,1,Directed
772,542,10,Directed
772,544,11,Directed
772,546,1,Directed
772,547,1,Directed
772,549,3,Directed
772,553,1,Directed
772,566,26,Directed
772,569,1,Directed
772,572,2,Directed
772,573,3,Directed
772,581,2,Directed
772,586,10,Directed
772,590,1,Directed
772,591,1,Directed
772,595,3,Directed
772,609,138,Directed
772,612,2,Directed
772,613,6,Directed
772,614,8,Directed
772,617,1,Directed
772,628,1,Directed
772,629,18,Directed
772,630,1,Directed
772,633,27,Directed
772,637,1,Directed
772,640,3,Directed
772,656,2,Directed
772,657,1,Directed
772,660,2,Directed
772,663,1,Directed
772,669,8,Directed
772,671,1,Directed
772,682,5,Directed
772,684,4,Directed
772,685,1,Directed
772,687,19,Directed
772,692,2,Directed
772,693,2,Directed
772,696,1,Directed
772,703,4,Directed
772,707,1,Directed
772,716,2,Directed
772,718,7,Directed
772,720,4,Directed
772,724,1,Directed
772,731,3,Directed
772,738,4,Directed
772,739,10,Directed
772,742,21,Directed
772,752,3,Directed
772,754,2,Directed
772,763,1,Directed
772,765,2,Directed
772,769,1,Directed
772,775,6,Directed
772,776,2,Directed
772,783,9,Directed
772,784,1,Directed
772,787,1,Directed
772,796,1,Directed
772,803,1,Directed
772,805,3,Directed
772,807,4,Directed
772,809,4,Directed
772,812,9,Directed
772,822,1,Directed
772,823,8,Directed
772,830,1,Directed
772,833,6,Directed
772,834,4,Directed
772,836,2,Directed
772,841,1,Directed
772,843,4,Directed
772,850,8,Directed
772,851,3,Directed
772,854,1,Directed
772,857,9,Directed
772,862,7,Directed
772,863,1,Directed
772,865,6,Directed
772,866,5,Directed
772,868,2,Directed
772,870,5,Directed
772,875,1,Directed
772,880,1,Directed
772,881,1,Directed
772,883,7,Directed
772,890,8,Directed
772,891,1,Directed
772,898,1,Directed
772,900,3,Directed
772,912,6,Directed
772,915,22,Directed
772,920,6,Directed
772,923,69,Directed
772,926,3,Directed
772,927,12,Directed
772,931,1,Directed
772,934,1,Directed
772,940,1,Directed
772,948,9,Directed
772,951,35,Directed
772,969,2,Directed
772,970,2,Directed
772,978,6,Directed
772,980,4,Directed
772,987,9,Directed
772,993,8,Directed
772,994,3,Directed
772,996,1,Directed
772,997,6,Directed
773,338,4,Directed
773,540,1,Directed
773,630,1,Directed
773,700,2,Directed
773,955,3,Directed
774,90,1,Directed
774,91,3,Directed
774,540,9,Directed
774,568,1,Directed
774,769,1,Directed
774,947,2816,Directed
774,951,2,Directed
775,120,4,Directed
775,157,6,Directed
775,329,7,Directed
775,443,1,Directed
775,483,1,Directed
775,502,2,Directed
775,506,10,Directed
775,528,1,Directed
775,537,1,Directed
775,591,1,Directed
775,607,1,Directed
775,617,1,Directed
775,687,2,Directed
775,692,25,Directed
775,696,1,Directed
775,712,1,Directed
775,718,1,Directed
775,738,1,Directed
775,746,6,Directed
775,772,3,Directed
775,854,1,Directed
775,900,1,Directed
775,995,2,Directed
776,53,4,Directed
776,61,1,Directed
776,65,3,Directed
776,75,2,Directed
776,90,2,Directed
776,157,3,Directed
776,159,20,Directed
776,193,8,Directed
776,214,23,Directed
776,229,1,Directed
776,257,1,Directed
776,278,17,Directed
776,306,2,Directed
776,316,1,Directed
776,334,17,Directed
776,356,7,Directed
776,450,14,Directed
776,502,5,Directed
776,517,6,Directed
776,528,1,Directed
776,530,8,Directed
776,542,1,Directed
776,550,1,Directed
776,586,9,Directed
776,587,1,Directed
776,591,6,Directed
776,609,1,Directed
776,617,10,Directed
776,671,1,Directed
776,684,10,Directed
776,687,29,Directed
776,692,1,Directed
776,746,2,Directed
776,752,2,Directed
776,765,3,Directed
776,890,4,Directed
776,891,3,Directed
776,900,1,Directed
776,915,10,Directed
776,923,16,Directed
776,935,1,Directed
776,975,1,Directed
777,16,3,Directed
777,127,1,Directed
777,229,1,Directed
777,365,1,Directed
777,716,2,Directed
777,718,3,Directed
777,994,2,Directed
779,61,1,Directed
779,91,1,Directed
779,101,2,Directed
779,127,4,Directed
779,149,1,Directed
779,184,10,Directed
779,225,5,Directed
779,246,2,Directed
779,257,1,Directed
779,295,1,Directed
779,407,7,Directed
779,410,1,Directed
779,423,7,Directed
779,563,1,Directed
779,630,5,Directed
779,710,5,Directed
779,711,1,Directed
779,718,6,Directed
779,754,3,Directed
779,790,1,Directed
779,832,2,Directed
779,843,29,Directed
779,849,1,Directed
779,883,10,Directed
779,907,1,Directed
779,977,5,Directed
780,103,1,Directed
780,106,2,Directed
780,125,1,Directed
780,139,4,Directed
780,164,1,Directed
780,303,2,Directed
780,322,1,Directed
780,337,4,Directed
780,378,1,Directed
780,423,1,Directed
780,509,4,Directed
780,514,13,Directed
780,548,1,Directed
780,603,4,Directed
780,612,1,Directed
780,622,1,Directed
780,634,1,Directed
780,638,2,Directed
780,832,1,Directed
780,950,5,Directed
780,977,1,Directed
780,1001,1,Directed
782,2,24,Directed
782,3,2,Directed
782,21,2,Directed
782,24,6,Directed
782,38,4,Directed
782,45,28,Directed
782,52,3,Directed
782,61,22,Directed
782,66,21,Directed
782,74,25,Directed
782,77,6,Directed
782,111,11,Directed
782,112,11,Directed
782,126,54,Directed
782,153,1,Directed
782,160,1,Directed
782,166,22,Directed
782,168,131,Directed
782,170,2,Directed
782,193,6,Directed
782,197,5,Directed
782,231,2,Directed
782,232,39,Directed
782,240,1,Directed
782,250,12,Directed
782,260,1,Directed
782,267,5,Directed
782,287,1,Directed
782,294,14,Directed
782,316,1,Directed
782,324,1,Directed
782,326,2,Directed
782,332,87,Directed
782,347,1,Directed
782,351,13,Directed
782,356,3,Directed
782,405,3,Directed
782,416,116,Directed
782,425,1,Directed
782,435,110,Directed
782,439,2,Directed
782,445,1,Directed
782,447,13,Directed
782,448,2,Directed
782,466,3,Directed
782,472,180,Directed
782,475,1,Directed
782,483,1,Directed
782,484,1,Directed
782,500,34,Directed
782,507,8,Directed
782,517,2,Directed
782,573,5,Directed
782,575,83,Directed
782,586,229,Directed
782,602,16,Directed
782,607,8,Directed
782,629,4,Directed
782,630,1,Directed
782,648,15,Directed
782,656,5,Directed
782,662,4,Directed
782,674,6,Directed
782,677,1,Directed
782,685,1,Directed
782,700,5,Directed
782,717,1,Directed
782,743,5,Directed
782,746,1,Directed
782,759,3,Directed
782,762,1,Directed
782,790,25,Directed
782,803,1,Directed
782,806,7,Directed
782,825,1,Directed
782,832,1,Directed
782,838,14,Directed
782,854,9,Directed
782,857,1,Directed
782,867,1,Directed
782,868,24,Directed
782,869,1,Directed
782,885,8,Directed
782,887,2,Directed
782,890,6,Directed
782,891,1,Directed
782,912,24,Directed
782,915,10,Directed
782,923,8,Directed
782,948,3,Directed
782,974,1,Directed
782,984,43,Directed
782,988,6,Directed
782,997,2,Directed
783,6,1,Directed
783,13,1,Directed
783,14,2,Directed
783,29,1,Directed
783,75,1,Directed
783,159,1,Directed
783,214,1,Directed
783,381,1,Directed
783,506,4,Directed
783,516,1,Directed
783,541,1,Directed
783,650,1,Directed
783,654,7,Directed
783,670,1,Directed
783,682,2,Directed
783,687,1,Directed
783,738,18,Directed
783,761,1,Directed
783,850,1,Directed
783,881,1,Directed
784,4,7,Directed
784,61,2,Directed
784,65,3,Directed
784,82,9,Directed
784,83,44,Directed
784,90,6,Directed
784,137,1,Directed
784,155,13,Directed
784,159,2,Directed
784,161,5,Directed
784,170,4,Directed
784,203,1,Directed
784,214,7,Directed
784,300,31,Directed
784,306,53,Directed
784,362,2,Directed
784,390,110,Directed
784,400,1,Directed
784,528,1,Directed
784,533,2,Directed
784,587,6,Directed
784,617,1,Directed
784,626,2,Directed
784,659,3,Directed
784,660,1,Directed
784,697,6,Directed
784,703,27,Directed
784,742,38,Directed
784,752,2,Directed
784,769,2,Directed
784,771,1,Directed
784,772,1,Directed
784,835,1,Directed
784,855,4,Directed
784,863,20,Directed
784,870,2,Directed
784,901,15,Directed
784,963,2,Directed
784,981,2,Directed
786,99,1,Directed
786,178,1,Directed
786,502,2,Directed
786,752,1,Directed
786,862,1,Directed
787,90,7,Directed
787,159,16,Directed
787,214,6,Directed
787,316,1,Directed
787,772,2,Directed
787,909,2,Directed
788,46,2,Directed
788,50,3,Directed
788,91,1,Directed
788,96,2,Directed
788,106,24,Directed
788,139,1,Directed
788,164,1,Directed
788,299,9,Directed
788,303,1,Directed
788,322,2,Directed
788,323,1,Directed
788,337,1,Directed
788,368,1,Directed
788,399,1,Directed
788,402,28,Directed
788,460,1,Directed
788,477,1,Directed
788,509,15,Directed
788,534,1,Directed
788,622,5,Directed
788,634,94,Directed
788,638,8,Directed
788,676,1,Directed
788,735,1,Directed
788,740,56,Directed
788,780,1,Directed
788,832,4,Directed
788,879,1,Directed
788,906,6,Directed
788,939,2,Directed
788,950,2,Directed
789,2,5,Directed
789,28,2,Directed
789,32,3,Directed
789,56,6,Directed
789,61,1,Directed
789,68,3,Directed
789,95,3,Directed
789,141,4,Directed
789,197,1,Directed
789,231,6,Directed
789,245,2,Directed
789,251,3,Directed
789,269,1,Directed
789,311,2,Directed
789,329,3,Directed
789,333,1,Directed
789,338,7,Directed
789,361,2,Directed
789,364,4,Directed
789,422,2,Directed
789,432,4,Directed
789,433,21,Directed
789,470,109,Directed
789,480,1,Directed
789,482,3,Directed
789,511,2,Directed
789,531,3,Directed
789,540,3,Directed
789,582,2,Directed
789,587,3,Directed
789,588,1,Directed
789,592,1,Directed
789,605,85,Directed
789,624,7,Directed
789,633,1,Directed
789,641,2,Directed
789,698,2,Directed
789,731,9,Directed
789,764,2,Directed
789,772,2,Directed
789,796,1,Directed
789,809,2,Directed
789,840,2,Directed
789,849,7,Directed
789,863,1,Directed
789,872,2,Directed
789,873,3,Directed
789,890,2,Directed
789,925,1,Directed
789,951,8,Directed
789,955,2,Directed
789,987,14,Directed
789,994,7,Directed
790,0,1,Directed
790,2,259,Directed
790,14,7,Directed
790,30,38,Directed
790,38,1,Directed
790,45,1,Directed
790,48,1,Directed
790,52,17,Directed
790,61,1,Directed
790,66,1,Directed
790,77,9,Directed
790,101,1,Directed
790,104,23,Directed
790,109,1,Directed
790,111,4,Directed
790,112,1,Directed
790,118,4,Directed
790,119,34,Directed
790,122,1,Directed
790,126,150,Directed
790,135,2,Directed
790,143,2,Directed
790,149,3,Directed
790,166,1,Directed
790,168,192,Directed
790,177,2,Directed
790,197,1,Directed
790,209,1,Directed
790,229,7,Directed
790,232,45,Directed
790,236,1,Directed
790,243,1,Directed
790,256,1,Directed
790,260,38,Directed
790,266,35,Directed
790,267,14,Directed
790,294,7,Directed
790,305,3,Directed
790,306,27,Directed
790,313,1,Directed
790,318,1,Directed
790,335,7,Directed
790,347,3,Directed
790,356,14,Directed
790,374,2,Directed
790,384,1,Directed
790,388,2,Directed
790,409,2,Directed
790,416,44,Directed
790,423,2,Directed
790,425,27,Directed
790,439,3,Directed
790,447,2,Directed
790,458,7,Directed
790,465,8,Directed
790,472,4,Directed
790,500,6,Directed
790,502,6,Directed
790,506,1,Directed
790,516,61,Directed
790,519,4,Directed
790,526,1,Directed
790,530,2,Directed
790,532,19,Directed
790,537,3,Directed
790,551,2,Directed
790,556,1,Directed
790,573,1,Directed
790,582,1,Directed
790,586,2,Directed
790,595,21,Directed
790,628,2,Directed
790,630,19,Directed
790,638,24,Directed
790,648,26,Directed
790,659,2,Directed
790,662,3,Directed
790,664,1,Directed
790,680,8,Directed
790,700,88,Directed
790,716,1,Directed
790,721,1,Directed
790,730,17,Directed
790,761,12,Directed
790,764,2,Directed
790,765,8,Directed
790,779,2,Directed
790,782,27,Directed
790,783,1,Directed
790,812,266,Directed
790,823,9,Directed
790,837,1,Directed
790,863,10,Directed
790,866,2,Directed
790,868,95,Directed
790,881,10,Directed
790,883,1,Directed
790,885,4,Directed
790,891,1,Directed
790,901,4,Directed
790,912,9,Directed
790,934,2,Directed
790,948,5,Directed
790,956,20,Directed
790,966,7,Directed
790,974,1,Directed
790,977,3,Directed
790,984,6,Directed
791,13,1,Directed
791,32,41,Directed
791,90,3,Directed
791,99,1,Directed
791,502,3,Directed
791,580,5,Directed
791,609,2,Directed
791,617,1,Directed
791,669,1,Directed
791,687,2,Directed
791,693,11,Directed
791,718,1,Directed
791,862,5,Directed
791,976,2,Directed
791,977,3,Directed
793,243,1,Directed
794,61,1,Directed
794,62,1,Directed
794,111,6,Directed
794,160,1,Directed
794,161,1,Directed
794,168,1,Directed
794,200,1,Directed
794,285,1,Directed
794,341,1,Directed
794,356,1,Directed
794,412,1,Directed
794,485,1,Directed
794,517,1,Directed
794,571,1,Directed
794,591,4,Directed
794,660,4,Directed
794,663,4,Directed
794,704,1,Directed
794,712,1,Directed
794,731,1,Directed
794,742,1,Directed
794,743,1,Directed
794,762,8,Directed
794,803,1,Directed
794,841,1,Directed
794,854,11,Directed
794,868,1,Directed
794,870,1,Directed
794,900,1,Directed
794,910,1,Directed
794,912,1,Directed
794,915,1,Directed
795,31,1,Directed
795,167,4,Directed
795,207,140,Directed
795,257,1,Directed
795,301,5,Directed
795,302,1,Directed
795,387,1,Directed
795,421,184,Directed
795,424,170,Directed
795,469,2,Directed
795,493,10,Directed
795,512,1,Directed
795,547,4,Directed
795,561,2,Directed
795,630,1,Directed
795,817,1,Directed
795,847,1,Directed
795,851,2,Directed
795,891,1,Directed
795,957,3,Directed
795,978,30,Directed
795,988,1,Directed
796,143,1,Directed
796,921,1,Directed
798,53,1,Directed
798,90,4,Directed
798,135,2,Directed
798,159,9,Directed
798,214,3,Directed
798,245,2,Directed
798,278,1,Directed
798,329,3,Directed
798,482,1,Directed
798,483,1,Directed
798,581,2,Directed
798,607,1,Directed
798,659,2,Directed
798,692,7,Directed
798,769,7,Directed
798,784,3,Directed
798,890,1,Directed
798,951,2,Directed
799,62,1,Directed
799,163,3,Directed
799,485,4,Directed
799,513,1,Directed
799,518,8,Directed
799,542,1,Directed
799,551,8,Directed
799,646,1,Directed
799,823,1,Directed
799,895,26,Directed
799,913,1,Directed
800,62,132,Directed
800,163,1,Directed
800,168,1,Directed
800,267,1,Directed
800,356,1,Directed
800,472,1,Directed
800,500,2,Directed
800,586,1,Directed
800,762,1,Directed
800,803,1,Directed
800,854,3,Directed
800,931,1,Directed
800,984,1,Directed
801,1001,2,Directed
802,4,1,Directed
802,26,2,Directed
802,40,20,Directed
802,60,2,Directed
802,61,3,Directed
802,75,1,Directed
802,82,1,Directed
802,90,3,Directed
802,120,1,Directed
802,159,4,Directed
802,187,15,Directed
802,193,1,Directed
802,198,2,Directed
802,254,1,Directed
802,272,5,Directed
802,275,1,Directed
802,362,2,Directed
802,379,2,Directed
802,428,11,Directed
802,450,47,Directed
802,466,9,Directed
802,488,2,Directed
802,522,1,Directed
802,546,1,Directed
802,568,10,Directed
802,572,9,Directed
802,596,6,Directed
802,607,4,Directed
802,662,6,Directed
802,678,3,Directed
802,695,6,Directed
802,712,5,Directed
802,900,4,Directed
802,947,2,Directed
803,74,12,Directed
803,112,52,Directed
803,166,18,Directed
803,267,17,Directed
803,294,10,Directed
803,332,1,Directed
803,392,8,Directed
803,415,1,Directed
803,416,2,Directed
803,459,1,Directed
803,517,33,Directed
803,528,3,Directed
803,546,1,Directed
803,550,2,Directed
803,586,1,Directed
803,674,22,Directed
803,687,3,Directed
803,772,1,Directed
803,838,1,Directed
803,948,11,Directed
803,951,1,Directed
804,120,1,Directed
804,418,2,Directed
804,516,41,Directed
804,532,21,Directed
804,700,1,Directed
804,761,26,Directed
804,783,9,Directed
804,828,1,Directed
804,850,7,Directed
804,881,36,Directed
804,928,1,Directed
806,17,5,Directed
806,31,5,Directed
806,92,5,Directed
806,136,6,Directed
806,142,5,Directed
806,165,5,Directed
806,200,18,Directed
806,224,9,Directed
806,302,5,Directed
806,316,18,Directed
806,344,2,Directed
806,349,2,Directed
806,428,24,Directed
806,543,5,Directed
806,647,8,Directed
806,782,12,Directed
806,838,7,Directed
806,857,9,Directed
806,888,2,Directed
806,915,17,Directed
806,952,13,Directed
806,953,5,Directed
806,971,5,Directed
806,990,5,Directed
807,53,1,Directed
807,75,1,Directed
807,83,1,Directed
807,86,1,Directed
807,90,1,Directed
807,120,2,Directed
807,134,1,Directed
807,159,4,Directed
807,193,6,Directed
807,196,1,Directed
807,214,4,Directed
807,229,1,Directed
807,239,1,Directed
807,306,6,Directed
807,334,1,Directed
807,383,2,Directed
807,400,2,Directed
807,443,1,Directed
807,471,1,Directed
807,546,2,Directed
807,587,1,Directed
807,609,4,Directed
807,633,1,Directed
807,659,5,Directed
807,692,1,Directed
807,769,2,Directed
807,771,2,Directed
807,772,2,Directed
807,784,3,Directed
807,835,1,Directed
807,863,2,Directed
807,890,1,Directed
807,901,1,Directed
807,951,7,Directed
807,993,1,Directed
808,0,2,Directed
808,5,15,Directed
808,29,22,Directed
808,107,11,Directed
808,118,1,Directed
808,175,1,Directed
808,468,1,Directed
808,473,2,Directed
808,491,1,Directed
808,553,7,Directed
808,569,1,Directed
808,670,6,Directed
808,688,2,Directed
808,752,1,Directed
808,876,1,Directed
808,898,4,Directed
808,899,13,Directed
808,921,1,Directed
809,8,3,Directed
809,28,3,Directed
809,75,1,Directed
809,90,3,Directed
809,159,5,Directed
809,214,3,Directed
809,239,4,Directed
809,318,1,Directed
809,334,1,Directed
809,364,1,Directed
809,367,3,Directed
809,433,1,Directed
809,482,1,Directed
809,580,1,Directed
809,591,2,Directed
809,633,2,Directed
809,641,3,Directed
809,669,1,Directed
809,731,3,Directed
809,772,3,Directed
809,891,9,Directed
809,987,34,Directed
809,994,11,Directed
810,7,31,Directed
810,90,1,Directed
810,107,88,Directed
810,159,9,Directed
810,231,3,Directed
810,262,4,Directed
810,289,24,Directed
810,335,24,Directed
810,380,2,Directed
810,381,20,Directed
810,383,1,Directed
810,440,1,Directed
810,468,4,Directed
810,473,7,Directed
810,506,1,Directed
810,577,1,Directed
810,643,2,Directed
810,664,5,Directed
810,737,1,Directed
810,881,28,Directed
810,980,1,Directed
810,1004,1,Directed
811,415,5,Directed
811,617,6,Directed
811,833,1,Directed
812,2,49,Directed
812,52,2,Directed
812,65,2,Directed
812,75,1,Directed
812,119,82,Directed
812,120,1,Directed
812,126,3,Directed
812,135,1,Directed
812,168,2,Directed
812,229,1,Directed
812,334,1,Directed
812,415,1,Directed
812,465,51,Directed
812,500,1,Directed
812,532,1,Directed
812,542,4,Directed
812,550,14,Directed
812,586,1,Directed
812,591,1,Directed
812,607,1,Directed
812,661,2,Directed
812,687,7,Directed
812,692,1,Directed
812,696,1,Directed
812,700,114,Directed
812,718,1,Directed
812,746,11,Directed
812,772,3,Directed
812,790,242,Directed
812,858,1,Directed
812,935,1,Directed
813,24,1,Directed
813,53,2,Directed
813,90,5,Directed
813,135,2,Directed
813,137,1,Directed
813,147,1,Directed
813,168,3,Directed
813,214,10,Directed
813,277,9,Directed
813,356,1,Directed
813,379,1,Directed
813,400,8,Directed
813,450,2,Directed
813,517,6,Directed
813,530,1,Directed
813,662,2,Directed
813,663,1,Directed
813,668,30,Directed
813,720,23,Directed
813,742,3,Directed
813,746,191,Directed
813,776,1,Directed
813,851,1,Directed
813,900,5,Directed
813,912,7,Directed
813,935,42,Directed
813,996,2,Directed
815,29,1,Directed
815,217,1,Directed
815,433,3,Directed
815,1004,3,Directed
817,2,1,Directed
817,35,9,Directed
817,141,1,Directed
817,167,17,Directed
817,188,1,Directed
817,207,2,Directed
817,274,11,Directed
817,294,34,Directed
817,301,1,Directed
817,421,2,Directed
817,424,2,Directed
817,469,2,Directed
817,512,1,Directed
817,547,4,Directed
817,552,2,Directed
817,607,1,Directed
817,614,1,Directed
817,630,2,Directed
817,647,3,Directed
817,795,1,Directed
817,851,24,Directed
817,954,1,Directed
817,957,2,Directed
817,978,5,Directed
817,988,7,Directed
818,58,38,Directed
818,153,14,Directed
818,250,1,Directed
818,438,59,Directed
818,478,23,Directed
818,592,1,Directed
818,807,14,Directed
818,997,14,Directed
819,53,2,Directed
819,61,1,Directed
819,91,1,Directed
819,95,1,Directed
819,231,2,Directed
819,329,71,Directed
819,338,2,Directed
819,438,20,Directed
819,540,1,Directed
819,624,1,Directed
819,662,1,Directed
819,692,4,Directed
819,719,1,Directed
819,749,2,Directed
819,818,1,Directed
819,836,1,Directed
819,873,2,Directed
819,887,3,Directed
819,890,2,Directed
819,909,2,Directed
819,951,1,Directed
819,955,3,Directed
819,1003,1,Directed
822,534,1,Directed
822,638,1,Directed
822,735,3,Directed
823,2,1,Directed
823,40,1,Directed
823,62,36,Directed
823,90,1,Directed
823,113,11,Directed
823,120,25,Directed
823,124,8,Directed
823,147,1,Directed
823,163,1,Directed
823,191,1,Directed
823,193,3,Directed
823,239,5,Directed
823,250,13,Directed
823,257,1,Directed
823,267,2,Directed
823,369,20,Directed
823,394,8,Directed
823,413,1,Directed
823,416,1,Directed
823,444,12,Directed
823,485,48,Directed
823,499,1,Directed
823,513,34,Directed
823,518,8,Directed
823,535,48,Directed
823,542,58,Directed
823,551,14,Directed
823,556,8,Directed
823,646,12,Directed
823,687,1,Directed
823,722,14,Directed
823,770,1,Directed
823,772,2,Directed
823,790,7,Directed
823,821,8,Directed
823,854,12,Directed
823,890,3,Directed
823,895,20,Directed
823,913,2,Directed
823,923,6,Directed
823,927,11,Directed
823,951,1,Directed
824,858,1,Directed
827,712,3,Directed
828,13,3,Directed
828,14,2,Directed
828,106,3,Directed
828,132,3,Directed
828,173,2,Directed
828,197,1,Directed
828,199,2,Directed
828,249,1,Directed
828,270,3,Directed
828,327,2,Directed
828,433,1,Directed
828,437,3,Directed
828,480,1,Directed
828,506,4,Directed
828,516,12,Directed
828,532,14,Directed
828,541,4,Directed
828,576,2,Directed
828,644,3,Directed
828,650,9,Directed
828,654,2,Directed
828,657,2,Directed
828,666,1,Directed
828,670,1,Directed
828,682,2,Directed
828,702,3,Directed
828,719,13,Directed
828,738,8,Directed
828,745,12,Directed
828,761,3,Directed
828,783,3,Directed
828,804,5,Directed
828,837,10,Directed
828,850,4,Directed
828,881,5,Directed
828,921,2,Directed
828,923,2,Directed
828,924,3,Directed
828,945,2,Directed
828,969,2,Directed
828,979,2,Directed
828,996,2,Directed
828,1001,10,Directed
830,61,2,Directed
830,83,1,Directed
830,86,1,Directed
830,91,4,Directed
830,135,1,Directed
830,152,1,Directed
830,185,17,Directed
830,191,1,Directed
830,193,4,Directed
830,229,1,Directed
830,231,7,Directed
830,245,7,Directed
830,248,1,Directed
830,306,1,Directed
830,329,1,Directed
830,400,1,Directed
830,443,1,Directed
830,462,1,Directed
830,528,1,Directed
830,540,2,Directed
830,581,3,Directed
830,617,2,Directed
830,633,1,Directed
830,659,1,Directed
830,692,20,Directed
830,718,1,Directed
830,749,1,Directed
830,769,15,Directed
830,771,1,Directed
830,835,1,Directed
830,863,1,Directed
830,873,1,Directed
830,891,1,Directed
830,901,1,Directed
832,1,2,Directed
832,16,6,Directed
832,38,43,Directed
832,42,5,Directed
832,46,2,Directed
832,70,3,Directed
832,78,3,Directed
832,84,1,Directed
832,90,4,Directed
832,96,13,Directed
832,102,2,Directed
832,103,7,Directed
832,106,3,Directed
832,125,8,Directed
832,132,7,Directed
832,139,16,Directed
832,154,1,Directed
832,164,3,Directed
832,174,2,Directed
832,175,11,Directed
832,184,19,Directed
832,206,2,Directed
832,216,2,Directed
832,229,1,Directed
832,247,1,Directed
832,299,14,Directed
832,303,1,Directed
832,309,9,Directed
832,319,32,Directed
832,322,6,Directed
832,323,4,Directed
832,324,4,Directed
832,329,6,Directed
832,337,3,Directed
832,346,1,Directed
832,369,5,Directed
832,376,7,Directed
832,378,4,Directed
832,388,33,Directed
832,399,1,Directed
832,400,1,Directed
832,402,3,Directed
832,410,9,Directed
832,416,1,Directed
832,423,55,Directed
832,447,1,Directed
832,456,2,Directed
832,474,3,Directed
832,487,9,Directed
832,509,15,Directed
832,510,5,Directed
832,513,4,Directed
832,514,24,Directed
832,527,1,Directed
832,534,1,Directed
832,538,1,Directed
832,540,2,Directed
832,559,1,Directed
832,582,9,Directed
832,603,3,Directed
832,612,2,Directed
832,622,7,Directed
832,634,13,Directed
832,638,49,Directed
832,649,7,Directed
832,663,3,Directed
832,700,1,Directed
832,710,30,Directed
832,740,6,Directed
832,746,1,Directed
832,779,3,Directed
832,780,16,Directed
832,782,1,Directed
832,788,2,Directed
832,862,2,Directed
832,879,1,Directed
832,919,1,Directed
832,936,18,Directed
832,950,12,Directed
832,951,2,Directed
832,955,2,Directed
832,976,5,Directed
832,977,8,Directed
832,1001,1,Directed
833,40,1,Directed
833,61,4,Directed
833,75,4,Directed
833,91,2,Directed
833,127,1,Directed
833,150,1,Directed
833,151,1,Directed
833,159,3,Directed
833,178,2,Directed
833,185,47,Directed
833,193,1,Directed
833,214,3,Directed
833,232,1,Directed
833,248,1,Directed
833,257,6,Directed
833,367,2,Directed
833,415,56,Directed
833,462,53,Directed
833,499,13,Directed
833,518,1,Directed
833,535,1,Directed
833,546,1,Directed
833,549,1,Directed
833,587,2,Directed
833,607,3,Directed
833,617,17,Directed
833,692,1,Directed
833,720,49,Directed
833,752,1,Directed
833,811,4,Directed
833,850,2,Directed
833,854,1,Directed
833,915,1,Directed
833,948,1,Directed
833,987,3,Directed
834,65,1,Directed
834,120,3,Directed
834,135,2,Directed
834,550,2,Directed
834,692,1,Directed
834,696,1,Directed
834,749,1,Directed
835,233,15,Directed
835,307,1,Directed
835,443,1,Directed
835,450,1,Directed
835,662,1,Directed
835,692,1,Directed
835,736,1,Directed
835,742,5,Directed
835,771,1,Directed
835,782,1,Directed
835,900,1,Directed
837,13,8,Directed
837,15,2,Directed
837,114,2,Directed
837,122,6,Directed
837,199,6,Directed
837,371,1,Directed
837,382,1,Directed
837,410,1,Directed
837,479,1,Directed
837,506,3,Directed
837,516,6,Directed
837,532,1,Directed
837,541,1,Directed
837,641,2,Directed
837,654,2,Directed
837,682,2,Directed
837,698,2,Directed
837,700,2,Directed
837,719,20,Directed
837,738,24,Directed
837,745,10,Directed
837,761,2,Directed
837,783,36,Directed
837,828,2,Directed
837,850,5,Directed
837,881,1,Directed
837,916,2,Directed
837,921,2,Directed
837,924,12,Directed
838,2,2,Directed
838,24,2,Directed
838,31,3,Directed
838,35,1,Directed
838,92,4,Directed
838,112,3,Directed
838,136,7,Directed
838,142,2,Directed
838,160,6,Directed
838,165,6,Directed
838,167,4,Directed
838,200,2,Directed
838,224,1,Directed
838,267,7,Directed
838,280,4,Directed
838,281,2,Directed
838,288,3,Directed
838,316,14,Directed
838,332,1,Directed
838,344,2,Directed
838,349,7,Directed
838,351,1,Directed
838,353,2,Directed
838,373,2,Directed
838,392,2,Directed
838,416,1,Directed
838,428,11,Directed
838,435,1,Directed
838,445,4,Directed
838,469,1,Directed
838,493,7,Directed
838,530,6,Directed
838,543,1,Directed
838,586,1,Directed
838,629,20,Directed
838,630,4,Directed
838,631,4,Directed
838,647,2,Directed
838,656,9,Directed
838,658,5,Directed
838,662,2,Directed
838,685,8,Directed
838,700,5,Directed
838,750,2,Directed
838,773,1,Directed
838,857,13,Directed
838,891,6,Directed
838,915,4,Directed
838,952,8,Directed
838,953,3,Directed
838,971,3,Directed
838,988,1,Directed
839,335,1,Directed
840,2,4,Directed
840,28,2,Directed
840,32,10,Directed
840,56,9,Directed
840,61,10,Directed
840,68,1,Directed
840,95,1,Directed
840,170,9,Directed
840,196,1,Directed
840,231,37,Directed
840,245,40,Directed
840,251,3,Directed
840,311,7,Directed
840,318,11,Directed
840,338,10,Directed
840,361,2,Directed
840,433,4,Directed
840,471,2,Directed
840,480,1,Directed
840,482,1,Directed
840,531,1,Directed
840,540,93,Directed
840,582,6,Directed
840,605,4,Directed
840,624,6,Directed
840,641,1,Directed
840,698,1,Directed
840,749,1,Directed
840,764,47,Directed
840,789,1,Directed
840,796,1,Directed
840,809,3,Directed
840,849,1,Directed
840,867,2,Directed
840,872,1,Directed
840,873,18,Directed
840,925,8,Directed
840,955,11,Directed
840,987,8,Directed
840,994,5,Directed
841,75,1,Directed
841,90,13,Directed
841,120,2,Directed
841,159,13,Directed
841,214,8,Directed
841,245,2,Directed
841,274,13,Directed
841,330,1,Directed
841,483,1,Directed
841,506,3,Directed
841,546,5,Directed
841,550,1,Directed
841,684,1,Directed
841,687,1,Directed
841,692,1,Directed
841,704,3,Directed
841,718,1,Directed
841,720,2,Directed
841,746,8,Directed
841,794,1,Directed
841,828,1,Directed
841,920,7,Directed
841,923,3,Directed
841,931,2,Directed
841,935,4,Directed
842,91,2,Directed
842,132,32,Directed
842,329,2,Directed
842,364,1,Directed
842,702,15,Directed
843,16,19,Directed
843,19,2,Directed
843,38,2,Directed
843,61,6,Directed
843,90,2,Directed
843,115,2,Directed
843,127,9,Directed
843,184,26,Directed
843,201,8,Directed
843,259,1,Directed
843,279,1,Directed
843,320,21,Directed
843,334,1,Directed
843,388,15,Directed
843,393,35,Directed
843,407,83,Directed
843,426,2,Directed
843,440,3,Directed
843,457,1,Directed
843,490,2,Directed
843,522,4,Directed
843,534,12,Directed
843,591,13,Directed
843,597,2,Directed
843,607,6,Directed
843,615,2,Directed
843,635,1,Directed
843,652,2,Directed
843,687,12,Directed
843,711,29,Directed
843,718,16,Directed
843,724,6,Directed
843,732,1,Directed
843,754,8,Directed
843,772,1,Directed
843,779,33,Directed
843,883,33,Directed
843,884,1,Directed
843,907,30,Directed
843,999,2,Directed
844,25,21,Directed
844,48,1,Directed
844,53,2,Directed
844,85,6,Directed
844,134,1,Directed
844,147,2,Directed
844,157,3,Directed
844,159,9,Directed
844,193,1,Directed
844,214,6,Directed
844,277,1,Directed
844,285,2,Directed
844,318,9,Directed
844,319,7,Directed
844,321,13,Directed
844,332,2,Directed
844,383,1,Directed
844,458,11,Directed
844,499,41,Directed
844,546,8,Directed
844,550,1,Directed
844,558,25,Directed
844,565,22,Directed
844,668,1,Directed
844,669,1,Directed
844,672,70,Directed
844,679,6,Directed
844,684,63,Directed
844,696,1,Directed
844,704,12,Directed
844,723,2,Directed
844,746,2,Directed
844,758,33,Directed
844,918,41,Directed
844,935,6,Directed
844,956,55,Directed
844,1000,1,Directed
845,30,4,Directed
845,111,2,Directed
845,166,2,Directed
845,168,4,Directed
845,356,4,Directed
845,602,4,Directed
845,762,2,Directed
845,765,6,Directed
845,912,4,Directed
846,2,1,Directed
846,24,6,Directed
846,31,2,Directed
846,67,134,Directed
846,92,2,Directed
846,112,1,Directed
846,160,1,Directed
846,188,2,Directed
846,280,30,Directed
846,288,103,Directed
846,349,1,Directed
846,360,2,Directed
846,421,2,Directed
846,422,1,Directed
846,424,3,Directed
846,445,2,Directed
846,484,2,Directed
846,526,2,Directed
846,530,2,Directed
846,547,5,Directed
846,561,243,Directed
846,629,6,Directed
846,631,5,Directed
846,647,1,Directed
846,656,2,Directed
846,658,2,Directed
846,739,3,Directed
846,795,3,Directed
846,838,1,Directed
846,894,1,Directed
846,990,2,Directed
847,24,2,Directed
847,31,25,Directed
847,35,1,Directed
847,56,1,Directed
847,92,8,Directed
847,136,1,Directed
847,142,5,Directed
847,165,15,Directed
847,180,1,Directed
847,190,1,Directed
847,207,30,Directed
847,274,1,Directed
847,302,3,Directed
847,316,3,Directed
847,408,4,Directed
847,421,1,Directed
847,424,16,Directed
847,428,3,Directed
847,482,14,Directed
847,547,1,Directed
847,552,1,Directed
847,561,1,Directed
847,569,5,Directed
847,629,1,Directed
847,647,4,Directed
847,658,1,Directed
847,795,2,Directed
847,838,1,Directed
847,857,1,Directed
847,936,1,Directed
847,952,1,Directed
847,953,2,Directed
847,954,4,Directed
847,990,1,Directed
848,4,8,Directed
848,860,2,Directed
849,2,1,Directed
849,5,1,Directed
849,91,1,Directed
849,105,1,Directed
849,149,5,Directed
849,175,234,Directed
849,231,2,Directed
849,235,2,Directed
849,275,204,Directed
849,327,14,Directed
849,329,3,Directed
849,338,14,Directed
849,423,51,Directed
849,427,1,Directed
849,428,2,Directed
849,433,9,Directed
849,446,1,Directed
849,473,1,Directed
849,506,3,Directed
849,511,6,Directed
849,540,3,Directed
849,582,2,Directed
849,585,1,Directed
849,599,4,Directed
849,644,1,Directed
849,650,1,Directed
849,700,3,Directed
849,710,4,Directed
849,737,91,Directed
849,752,1,Directed
849,789,2,Directed
849,840,1,Directed
849,858,2,Directed
849,890,2,Directed
849,897,1,Directed
849,921,3,Directed
849,925,1,Directed
849,951,1,Directed
849,977,3,Directed
849,987,9,Directed
849,994,1,Directed
849,1001,1,Directed
849,1004,1,Directed
850,13,28,Directed
850,14,29,Directed
850,53,3,Directed
850,65,8,Directed
850,75,20,Directed
850,90,2,Directed
850,91,6,Directed
850,98,1,Directed
850,107,1,Directed
850,120,8,Directed
850,131,8,Directed
850,134,14,Directed
850,150,1,Directed
850,173,21,Directed
850,185,9,Directed
850,191,1,Directed
850,193,4,Directed
850,196,14,Directed
850,197,25,Directed
850,199,36,Directed
850,214,1,Directed
850,270,15,Directed
850,278,1,Directed
850,291,1,Directed
850,299,1,Directed
850,327,14,Directed
850,334,1,Directed
850,367,1,Directed
850,383,2,Directed
850,415,3,Directed
850,437,5,Directed
850,454,2,Directed
850,506,31,Directed
850,516,29,Directed
850,532,2,Directed
850,541,46,Directed
850,546,2,Directed
850,576,21,Directed
850,607,2,Directed
850,609,4,Directed
850,611,5,Directed
850,644,25,Directed
850,650,21,Directed
850,654,12,Directed
850,657,21,Directed
850,682,38,Directed
850,683,1,Directed
850,702,24,Directed
850,719,24,Directed
850,738,46,Directed
850,745,18,Directed
850,747,1,Directed
850,752,13,Directed
850,761,22,Directed
850,772,3,Directed
850,783,42,Directed
850,804,22,Directed
850,828,11,Directed
850,833,11,Directed
850,837,25,Directed
850,881,46,Directed
850,890,2,Directed
850,921,21,Directed
850,923,1,Directed
850,924,34,Directed
850,945,4,Directed
850,951,2,Directed
850,962,4,Directed
850,967,1,Directed
850,979,13,Directed
850,987,11,Directed
850,995,2,Directed
850,996,35,Directed
850,1001,26,Directed
851,24,2,Directed
851,32,1,Directed
851,35,12,Directed
851,61,6,Directed
851,65,4,Directed
851,75,1,Directed
851,90,3,Directed
851,135,6,Directed
851,141,21,Directed
851,159,4,Directed
851,160,1,Directed
851,167,82,Directed
851,188,55,Directed
851,207,2,Directed
851,214,5,Directed
851,229,1,Directed
851,241,6,Directed
851,267,1,Directed
851,274,1,Directed
851,280,31,Directed
851,301,9,Directed
851,334,5,Directed
851,356,1,Directed
851,367,1,Directed
851,383,1,Directed
851,387,6,Directed
851,390,3,Directed
851,415,6,Directed
851,421,5,Directed
851,424,3,Directed
851,428,5,Directed
851,443,2,Directed
851,450,6,Directed
851,462,4,Directed
851,469,42,Directed
851,502,13,Directed
851,512,5,Directed
851,517,1,Directed
851,528,1,Directed
851,530,25,Directed
851,534,1,Directed
851,546,1,Directed
851,547,56,Directed
851,552,4,Directed
851,570,4,Directed
851,581,1,Directed
851,591,5,Directed
851,607,1,Directed
851,614,26,Directed
851,629,3,Directed
851,630,18,Directed
851,658,1,Directed
851,670,1,Directed
851,684,1,Directed
851,687,4,Directed
851,696,4,Directed
851,709,2,Directed
851,718,17,Directed
851,724,1,Directed
851,731,4,Directed
851,742,1,Directed
851,746,2,Directed
851,750,1,Directed
851,795,7,Directed
851,817,24,Directed
851,824,1,Directed
851,858,1,Directed
851,862,2,Directed
851,891,5,Directed
851,915,28,Directed
851,920,46,Directed
851,951,1,Directed
851,954,7,Directed
851,957,4,Directed
851,978,220,Directed
851,980,1,Directed
851,988,3,Directed
853,70,1,Directed
853,159,3,Directed
853,164,3,Directed
853,223,6,Directed
853,303,1,Directed
853,310,2,Directed
853,322,3,Directed
853,337,3,Directed
853,343,18,Directed
853,388,1,Directed
853,548,2,Directed
853,612,1,Directed
853,638,10,Directed
853,663,1,Directed
853,906,1,Directed
853,920,1,Directed
853,943,1,Directed
853,951,2,Directed
854,2,4,Directed
854,48,1,Directed
854,61,8,Directed
854,62,10,Directed
854,89,1,Directed
854,90,7,Directed
854,111,1,Directed
854,113,43,Directed
854,120,15,Directed
854,124,5,Directed
854,157,1,Directed
854,159,4,Directed
854,166,3,Directed
854,185,7,Directed
854,193,3,Directed
854,214,5,Directed
854,235,2,Directed
854,239,9,Directed
854,250,25,Directed
854,256,3,Directed
854,267,9,Directed
854,291,2,Directed
854,332,5,Directed
854,334,3,Directed
854,337,9,Directed
854,356,5,Directed
854,362,8,Directed
854,369,5,Directed
854,383,1,Directed
854,394,3,Directed
854,416,14,Directed
854,435,1,Directed
854,444,6,Directed
854,454,2,Directed
854,485,17,Directed
854,502,8,Directed
854,513,6,Directed
854,517,15,Directed
854,518,35,Directed
854,522,3,Directed
854,528,2,Directed
854,535,46,Directed
854,542,50,Directed
854,546,5,Directed
854,550,7,Directed
854,551,7,Directed
854,556,3,Directed
854,565,2,Directed
854,586,25,Directed
854,591,4,Directed
854,602,2,Directed
854,604,1,Directed
854,609,8,Directed
854,617,1,Directed
854,646,10,Directed
854,674,1,Directed
854,700,1,Directed
854,722,14,Directed
854,730,5,Directed
854,743,6,Directed
854,749,4,Directed
854,751,7,Directed
854,752,2,Directed
854,763,4,Directed
854,765,1,Directed
854,775,2,Directed
854,782,3,Directed
854,821,3,Directed
854,823,8,Directed
854,833,1,Directed
854,890,3,Directed
854,918,7,Directed
854,923,1,Directed
854,927,7,Directed
854,946,2,Directed
854,948,5,Directed
854,956,1,Directed
854,968,1,Directed
855,34,18,Directed
855,83,3,Directed
855,112,5,Directed
855,135,17,Directed
855,170,70,Directed
855,273,1,Directed
855,292,1,Directed
855,311,4,Directed
855,315,1,Directed
855,405,1,Directed
855,527,1,Directed
855,540,53,Directed
855,581,122,Directed
855,609,1,Directed
855,628,2,Directed
855,692,1,Directed
855,697,173,Directed
855,720,12,Directed
855,771,4,Directed
855,784,2,Directed
855,925,3,Directed
855,936,8,Directed
855,951,3,Directed
855,955,7,Directed
857,2,2,Directed
857,17,25,Directed
857,31,4,Directed
857,61,1,Directed
857,90,1,Directed
857,92,2,Directed
857,120,2,Directed
857,122,5,Directed
857,136,12,Directed
857,141,1,Directed
857,142,13,Directed
857,160,8,Directed
857,165,13,Directed
857,200,18,Directed
857,207,1,Directed
857,214,9,Directed
857,239,5,Directed
857,292,1,Directed
857,302,2,Directed
857,316,37,Directed
857,344,4,Directed
857,371,1,Directed
857,408,1,Directed
857,422,1,Directed
857,428,80,Directed
857,471,1,Directed
857,528,1,Directed
857,530,8,Directed
857,543,2,Directed
857,546,1,Directed
857,585,1,Directed
857,629,1,Directed
857,647,1,Directed
857,700,2,Directed
857,772,2,Directed
857,838,33,Directed
857,883,14,Directed
857,891,1,Directed
857,915,95,Directed
857,923,1,Directed
857,951,8,Directed
857,952,7,Directed
857,953,3,Directed
857,971,2,Directed
857,990,1,Directed
858,35,4,Directed
858,61,1,Directed
858,160,3,Directed
858,165,3,Directed
858,188,1,Directed
858,239,1,Directed
858,273,1,Directed
858,280,2,Directed
858,373,1,Directed
858,454,1,Directed
858,552,11,Directed
858,572,2,Directed
858,587,1,Directed
858,607,1,Directed
858,614,10,Directed
858,629,2,Directed
858,633,2,Directed
858,654,1,Directed
858,700,1,Directed
858,812,1,Directed
858,824,3,Directed
858,849,4,Directed
858,851,6,Directed
858,891,2,Directed
858,915,1,Directed
858,991,12,Directed
859,305,7,Directed
859,416,2,Directed
859,472,2,Directed
859,515,1,Directed
859,565,1,Directed
859,592,1,Directed
859,743,15,Directed
859,765,4,Directed
859,948,2,Directed
860,848,1,Directed
861,127,2,Directed
861,896,25,Directed
861,934,2,Directed
862,19,2,Directed
862,32,26,Directed
862,78,4,Directed
862,90,4,Directed
862,99,23,Directed
862,143,3,Directed
862,157,1,Directed
862,167,3,Directed
862,178,80,Directed
862,188,15,Directed
862,189,28,Directed
862,277,1,Directed
862,280,14,Directed
862,293,63,Directed
862,333,1,Directed
862,379,3,Directed
862,388,1,Directed
862,428,1,Directed
862,469,2,Directed
862,470,4,Directed
862,482,1,Directed
862,495,2,Directed
862,502,32,Directed
862,534,50,Directed
862,538,8,Directed
862,547,64,Directed
862,569,30,Directed
862,572,16,Directed
862,577,1,Directed
862,580,2,Directed
862,585,1,Directed
862,605,2,Directed
862,638,6,Directed
862,662,3,Directed
862,669,1,Directed
862,693,13,Directed
862,700,3,Directed
862,710,1,Directed
862,772,4,Directed
862,791,4,Directed
862,832,2,Directed
862,851,1,Directed
862,909,39,Directed
862,915,1,Directed
862,923,1,Directed
862,976,2,Directed
862,977,1,Directed
863,65,1,Directed
863,82,1,Directed
863,83,16,Directed
863,86,2,Directed
863,105,2,Directed
863,134,1,Directed
863,137,2,Directed
863,152,2,Directed
863,157,1,Directed
863,161,9,Directed
863,194,2,Directed
863,199,2,Directed
863,203,2,Directed
863,213,2,Directed
863,229,3,Directed
863,231,5,Directed
863,233,2,Directed
863,306,15,Directed
863,307,3,Directed
863,310,2,Directed
863,311,1,Directed
863,315,2,Directed
863,317,2,Directed
863,325,1,Directed
863,329,1,Directed
863,343,1,Directed
863,364,1,Directed
863,371,1,Directed
863,374,1,Directed
863,388,1,Directed
863,400,2,Directed
863,443,3,Directed
863,483,1,Directed
863,523,5,Directed
863,534,1,Directed
863,540,5,Directed
863,570,1,Directed
863,592,1,Directed
863,597,1,Directed
863,606,2,Directed
863,616,1,Directed
863,624,3,Directed
863,626,12,Directed
863,659,9,Directed
863,660,2,Directed
863,673,2,Directed
863,679,1,Directed
863,692,3,Directed
863,700,1,Directed
863,703,6,Directed
863,720,4,Directed
863,736,2,Directed
863,740,2,Directed
863,742,25,Directed
863,764,1,Directed
863,769,11,Directed
863,771,16,Directed
863,772,2,Directed
863,774,2,Directed
863,783,1,Directed
863,784,35,Directed
863,789,1,Directed
863,790,9,Directed
863,792,1,Directed
863,798,2,Directed
863,807,2,Directed
863,830,1,Directed
863,835,2,Directed
863,840,1,Directed
863,900,10,Directed
863,901,8,Directed
863,909,1,Directed
863,993,18,Directed
863,994,15,Directed
863,1002,2,Directed
865,53,1,Directed
865,65,3,Directed
865,75,2,Directed
865,90,5,Directed
865,120,6,Directed
865,159,8,Directed
865,242,1,Directed
865,249,1,Directed
865,257,1,Directed
865,329,1,Directed
865,367,1,Directed
865,383,1,Directed
865,415,2,Directed
865,471,2,Directed
865,528,1,Directed
865,609,1,Directed
865,671,1,Directed
865,752,2,Directed
865,769,1,Directed
865,890,3,Directed
865,891,3,Directed
865,923,2,Directed
865,951,2,Directed
865,975,1,Directed
865,995,2,Directed
866,2,3,Directed
866,16,1,Directed
866,53,4,Directed
866,61,1,Directed
866,90,6,Directed
866,101,29,Directed
866,127,17,Directed
866,149,10,Directed
866,159,15,Directed
866,189,2,Directed
866,239,3,Directed
866,246,4,Directed
866,278,1,Directed
866,290,3,Directed
866,365,10,Directed
866,377,57,Directed
866,423,29,Directed
866,457,2,Directed
866,506,2,Directed
866,522,2,Directed
866,528,1,Directed
866,549,4,Directed
866,681,2,Directed
866,700,3,Directed
866,708,10,Directed
866,711,1,Directed
866,716,32,Directed
866,718,120,Directed
866,724,5,Directed
866,729,1,Directed
866,754,1,Directed
866,761,5,Directed
866,772,3,Directed
866,790,2,Directed
866,869,1,Directed
866,876,2,Directed
866,883,1,Directed
866,951,11,Directed
867,2,2,Directed
867,4,2,Directed
867,29,3,Directed
867,236,1,Directed
867,385,1,Directed
867,526,1,Directed
867,528,3,Directed
867,700,1,Directed
867,810,1,Directed
867,974,2,Directed
868,2,7,Directed
868,30,40,Directed
868,52,88,Directed
868,61,1,Directed
868,75,1,Directed
868,77,1,Directed
868,90,1,Directed
868,104,4,Directed
868,120,4,Directed
868,126,21,Directed
868,159,4,Directed
868,168,66,Directed
868,209,4,Directed
868,214,4,Directed
868,232,3,Directed
868,239,1,Directed
868,240,1,Directed
868,256,2,Directed
868,260,3,Directed
868,294,9,Directed
868,313,1,Directed
868,316,1,Directed
868,332,1,Directed
868,356,90,Directed
868,362,4,Directed
868,367,4,Directed
868,383,7,Directed
868,416,85,Directed
868,425,10,Directed
868,435,1,Directed
868,447,2,Directed
868,471,2,Directed
868,472,9,Directed
868,521,2,Directed
868,546,1,Directed
868,550,3,Directed
868,573,8,Directed
868,586,43,Directed
868,602,8,Directed
868,648,13,Directed
868,700,1,Directed
868,704,1,Directed
868,721,1,Directed
868,730,76,Directed
868,743,9,Directed
868,759,1,Directed
868,762,2,Directed
868,765,74,Directed
868,772,1,Directed
868,782,22,Directed
868,790,97,Directed
868,889,9,Directed
868,912,38,Directed
868,948,22,Directed
868,974,5,Directed
868,984,2,Directed
870,4,1,Directed
870,12,7,Directed
870,75,1,Directed
870,82,20,Directed
870,83,2,Directed
870,120,1,Directed
870,135,12,Directed
870,141,1,Directed
870,193,1,Directed
870,267,1,Directed
870,337,6,Directed
870,362,1,Directed
870,371,3,Directed
870,405,7,Directed
870,421,3,Directed
870,450,2,Directed
870,505,1,Directed
870,527,25,Directed
870,572,1,Directed
870,581,1,Directed
870,607,1,Directed
870,628,6,Directed
870,633,1,Directed
870,658,2,Directed
870,680,1,Directed
870,687,1,Directed
870,697,1,Directed
870,700,1,Directed
870,720,4,Directed
870,731,5,Directed
870,746,1,Directed
870,771,5,Directed
870,772,3,Directed
870,951,1,Directed
871,628,4,Directed
872,2,1,Directed
872,32,2,Directed
872,143,4,Directed
872,316,1,Directed
872,433,2,Directed
872,506,1,Directed
872,582,1,Directed
872,599,3,Directed
872,686,2,Directed
872,789,1,Directed
872,801,1,Directed
872,977,2,Directed
872,987,13,Directed
873,95,7,Directed
873,231,65,Directed
873,239,1,Directed
873,245,4,Directed
873,306,1,Directed
873,311,1,Directed
873,329,1,Directed
873,383,1,Directed
873,528,1,Directed
873,540,17,Directed
873,546,2,Directed
873,550,2,Directed
873,624,13,Directed
873,660,3,Directed
873,692,3,Directed
873,697,3,Directed
873,789,2,Directed
873,819,2,Directed
873,830,1,Directed
873,840,3,Directed
873,925,3,Directed
873,955,1,Directed
873,987,2,Directed
874,231,84,Directed
874,245,84,Directed
874,540,84,Directed
874,764,84,Directed
874,840,84,Directed
874,849,1,Directed
874,873,86,Directed
874,925,8,Directed
876,2,2,Directed
876,866,1,Directed
876,999,2,Directed
878,78,2,Directed
878,99,1,Directed
878,415,1,Directed
878,502,8,Directed
878,599,1,Directed
878,929,2,Directed
879,38,1,Directed
879,42,1,Directed
879,50,1,Directed
879,69,15,Directed
879,75,3,Directed
879,88,4,Directed
879,132,2,Directed
879,164,35,Directed
879,174,1,Directed
879,223,29,Directed
879,322,59,Directed
879,334,2,Directed
879,337,1,Directed
879,343,8,Directed
879,368,19,Directed
879,388,4,Directed
879,399,1,Directed
879,402,1,Directed
879,420,21,Directed
879,487,1,Directed
879,501,3,Directed
879,510,1,Directed
879,534,6,Directed
879,548,15,Directed
879,591,1,Directed
879,606,2,Directed
879,612,2,Directed
879,638,4,Directed
879,663,2,Directed
879,735,7,Directed
879,740,44,Directed
879,788,1,Directed
879,939,1,Directed
880,4,1,Directed
880,32,2,Directed
880,77,1,Directed
880,83,1,Directed
880,107,2,Directed
880,113,1,Directed
880,119,4,Directed
880,120,1,Directed
880,149,1,Directed
880,189,3,Directed
880,193,1,Directed
880,195,1,Directed
880,209,4,Directed
880,250,2,Directed
880,293,1,Directed
880,306,1,Directed
880,379,1,Directed
880,416,1,Directed
880,435,1,Directed
880,451,1,Directed
880,528,1,Directed
880,538,4,Directed
880,573,1,Directed
880,609,4,Directed
880,629,1,Directed
880,680,1,Directed
880,707,17,Directed
880,711,1,Directed
880,770,2,Directed
880,772,1,Directed
880,782,1,Directed
880,873,2,Directed
880,890,3,Directed
880,923,16,Directed
880,936,2,Directed
880,946,6,Directed
880,963,1,Directed
880,984,1,Directed
881,6,6,Directed
881,13,1,Directed
881,14,19,Directed
881,90,2,Directed
881,173,1,Directed
881,197,1,Directed
881,199,1,Directed
881,257,1,Directed
881,270,1,Directed
881,381,2,Directed
881,396,1,Directed
881,433,4,Directed
881,506,11,Directed
881,516,40,Directed
881,532,2,Directed
881,541,2,Directed
881,576,1,Directed
881,643,1,Directed
881,644,1,Directed
881,650,3,Directed
881,654,1,Directed
881,657,1,Directed
881,700,15,Directed
881,702,2,Directed
881,719,1,Directed
881,738,2,Directed
881,745,1,Directed
881,761,37,Directed
881,778,2,Directed
881,783,15,Directed
881,790,12,Directed
881,804,42,Directed
881,810,16,Directed
881,828,1,Directed
881,837,2,Directed
881,850,10,Directed
881,921,2,Directed
881,923,2,Directed
881,924,1,Directed
881,928,3,Directed
881,979,1,Directed
881,996,2,Directed
881,1001,2,Directed
883,0,1,Directed
883,4,1,Directed
883,16,5,Directed
883,32,1,Directed
883,61,6,Directed
883,90,2,Directed
883,114,1,Directed
883,120,3,Directed
883,122,1,Directed
883,127,2,Directed
883,136,2,Directed
883,159,2,Directed
883,166,13,Directed
883,184,16,Directed
883,189,23,Directed
883,200,22,Directed
883,201,1,Directed
883,225,9,Directed
883,293,1,Directed
883,320,2,Directed
883,377,6,Directed
883,393,3,Directed
883,404,1,Directed
883,407,4,Directed
883,423,2,Directed
883,428,8,Directed
883,595,18,Directed
883,617,1,Directed
883,711,1,Directed
883,716,11,Directed
883,718,18,Directed
883,724,30,Directed
883,745,1,Directed
883,754,10,Directed
883,772,2,Directed
883,777,1,Directed
883,779,12,Directed
883,843,12,Directed
883,857,7,Directed
883,866,4,Directed
883,890,1,Directed
883,904,1,Directed
883,907,9,Directed
883,915,7,Directed
883,919,1,Directed
883,923,3,Directed
883,936,7,Directed
883,951,6,Directed
883,952,1,Directed
883,977,1,Directed
883,1004,1,Directed
885,20,1,Directed
885,30,7,Directed
885,74,16,Directed
885,90,3,Directed
885,91,2,Directed
885,104,1,Directed
885,111,15,Directed
885,126,6,Directed
885,166,4,Directed
885,168,1,Directed
885,214,1,Directed
885,232,2,Directed
885,256,19,Directed
885,294,51,Directed
885,305,2,Directed
885,313,26,Directed
885,332,2,Directed
885,416,30,Directed
885,435,5,Directed
885,439,4,Directed
885,447,21,Directed
885,472,1,Directed
885,573,5,Directed
885,586,39,Directed
885,648,21,Directed
885,759,2,Directed
885,762,3,Directed
885,782,2,Directed
885,790,6,Directed
885,889,6,Directed
885,890,1,Directed
885,951,1,Directed
885,962,2,Directed
885,974,11,Directed
885,984,24,Directed
886,250,157,Directed
886,482,1,Directed
886,587,1,Directed
887,53,1,Directed
887,159,2,Directed
887,176,1,Directed
887,193,2,Directed
887,214,4,Directed
887,383,56,Directed
887,483,1,Directed
887,589,1,Directed
887,782,1,Directed
887,819,1,Directed
887,909,1,Directed
888,207,1,Directed
888,349,1,Directed
888,428,10,Directed
888,838,1,Directed
890,5,2,Directed
890,14,1,Directed
890,19,1,Directed
890,32,2,Directed
890,48,1,Directed
890,53,6,Directed
890,62,2,Directed
890,65,1,Directed
890,70,3,Directed
890,77,2,Directed
890,90,23,Directed
890,127,9,Directed
890,147,2,Directed
890,150,1,Directed
890,168,2,Directed
890,173,1,Directed
890,175,1,Directed
890,178,2,Directed
890,190,1,Directed
890,192,1,Directed
890,193,6,Directed
890,205,1,Directed
890,214,1,Directed
890,216,1,Directed
890,220,2,Directed
890,233,5,Directed
890,235,11,Directed
890,245,1,Directed
890,250,1,Directed
890,273,1,Directed
890,280,5,Directed
890,292,1,Directed
890,293,1,Directed
890,294,1,Directed
890,306,1,Directed
890,315,1,Directed
890,324,3,Directed
890,329,1,Directed
890,334,3,Directed
890,338,1,Directed
890,343,1,Directed
890,403,1,Directed
890,415,1,Directed
890,416,3,Directed
890,426,1,Directed
890,454,5,Directed
890,458,2,Directed
890,468,3,Directed
890,472,1,Directed
890,479,3,Directed
890,485,1,Directed
890,499,1,Directed
890,500,2,Directed
890,502,4,Directed
890,506,5,Directed
890,517,1,Directed
890,534,9,Directed
890,540,4,Directed
890,542,1,Directed
890,546,1,Directed
890,572,1,Directed
890,581,1,Directed
890,582,2,Directed
890,595,1,Directed
890,607,2,Directed
890,609,5,Directed
890,613,1,Directed
890,625,1,Directed
890,627,1,Directed
890,629,2,Directed
890,633,4,Directed
890,634,1,Directed
890,638,1,Directed
890,646,6,Directed
890,649,3,Directed
890,650,1,Directed
890,657,1,Directed
890,663,2,Directed
890,670,1,Directed
890,700,2,Directed
890,702,1,Directed
890,705,1,Directed
890,714,3,Directed
890,716,3,Directed
890,718,1,Directed
890,720,4,Directed
890,721,1,Directed
890,731,4,Directed
890,742,3,Directed
890,743,1,Directed
890,746,1,Directed
890,749,2,Directed
890,765,3,Directed
890,771,1,Directed
890,772,2,Directed
890,776,5,Directed
890,783,2,Directed
890,789,1,Directed
890,819,2,Directed
890,823,1,Directed
890,850,1,Directed
890,851,2,Directed
890,853,2,Directed
890,854,1,Directed
890,880,6,Directed
890,881,1,Directed
890,883,1,Directed
890,885,1,Directed
890,912,1,Directed
890,915,6,Directed
890,923,75,Directed
890,926,3,Directed
890,935,1,Directed
890,941,1,Directed
890,948,4,Directed
890,951,1,Directed
890,956,1,Directed
890,962,7,Directed
890,978,2,Directed
890,994,1,Directed
890,997,5,Directed
890,1001,1,Directed
890,1002,1,Directed
890,1003,2,Directed
891,2,8,Directed
891,24,295,Directed
891,32,16,Directed
891,58,1,Directed
891,61,3,Directed
891,65,3,Directed
891,75,10,Directed
891,90,7,Directed
891,91,1,Directed
891,141,1,Directed
891,153,4,Directed
891,157,5,Directed
891,158,1,Directed
891,159,3,Directed
891,160,19,Directed
891,167,1,Directed
891,189,2,Directed
891,190,8,Directed
891,191,2,Directed
891,193,2,Directed
891,207,2,Directed
891,214,6,Directed
891,239,1,Directed
891,248,37,Directed
891,267,211,Directed
891,274,2,Directed
891,280,22,Directed
891,288,2,Directed
891,290,1,Directed
891,302,1,Directed
891,353,131,Directed
891,360,30,Directed
891,362,1,Directed
891,383,8,Directed
891,391,6,Directed
891,397,4,Directed
891,414,257,Directed
891,424,1,Directed
891,445,43,Directed
891,483,3,Directed
891,484,2,Directed
891,493,19,Directed
891,507,1,Directed
891,517,1,Directed
891,522,1,Directed
891,526,7,Directed
891,530,296,Directed
891,543,8,Directed
891,546,1,Directed
891,547,1,Directed
891,550,3,Directed
891,561,6,Directed
891,563,2,Directed
891,587,1,Directed
891,607,9,Directed
891,614,1,Directed
891,629,368,Directed
891,630,48,Directed
891,631,11,Directed
891,656,3,Directed
891,658,9,Directed
891,685,6,Directed
891,687,1,Directed
891,696,8,Directed
891,700,5,Directed
891,704,1,Directed
891,740,5,Directed
891,750,4,Directed
891,775,4,Directed
891,795,2,Directed
891,809,4,Directed
891,830,1,Directed
891,838,8,Directed
891,846,6,Directed
891,851,5,Directed
891,858,1,Directed
891,915,3,Directed
891,920,10,Directed
891,978,1,Directed
891,995,31,Directed
891,997,4,Directed
892,142,2,Directed
892,316,2,Directed
892,915,1,Directed
893,120,7,Directed
893,164,1,Directed
893,299,4,Directed
893,309,3,Directed
893,509,1,Directed
893,562,3,Directed
895,62,1,Directed
895,163,17,Directed
895,250,1,Directed
895,383,1,Directed
895,485,3,Directed
895,518,26,Directed
895,551,24,Directed
895,646,1,Directed
895,799,27,Directed
895,823,25,Directed
895,913,2,Directed
896,18,4,Directed
896,189,1,Directed
896,195,4,Directed
896,235,1,Directed
896,237,2,Directed
896,281,1,Directed
896,410,1,Directed
896,522,1,Directed
896,680,1,Directed
896,700,1,Directed
896,724,1,Directed
896,861,1,Directed
896,972,1,Directed
898,2,2,Directed
898,5,1,Directed
898,29,3,Directed
898,32,1,Directed
898,90,2,Directed
898,107,9,Directed
898,236,2,Directed
898,335,4,Directed
898,385,1,Directed
898,464,1,Directed
898,532,1,Directed
898,553,2,Directed
898,663,1,Directed
898,685,5,Directed
898,688,4,Directed
898,808,12,Directed
899,5,1,Directed
899,29,18,Directed
899,107,3,Directed
899,217,3,Directed
899,238,3,Directed
899,289,7,Directed
899,335,22,Directed
899,442,3,Directed
899,491,1,Directed
899,506,1,Directed
899,532,4,Directed
899,688,2,Directed
899,808,23,Directed
899,898,1,Directed
900,40,3,Directed
900,53,1,Directed
900,61,2,Directed
900,90,2,Directed
900,120,2,Directed
900,159,2,Directed
900,161,13,Directed
900,187,2,Directed
900,193,2,Directed
900,196,1,Directed
900,214,5,Directed
900,272,26,Directed
900,383,1,Directed
900,388,12,Directed
900,413,1,Directed
900,450,22,Directed
900,546,3,Directed
900,550,9,Directed
900,568,2,Directed
900,633,1,Directed
900,662,9,Directed
900,692,2,Directed
900,712,1,Directed
900,742,84,Directed
900,746,2,Directed
900,771,15,Directed
900,784,7,Directed
900,813,2,Directed
900,863,10,Directed
901,75,1,Directed
901,161,2,Directed
901,223,1,Directed
901,306,2,Directed
901,502,1,Directed
901,552,2,Directed
901,742,6,Directed
901,771,1,Directed
901,784,9,Directed
901,790,4,Directed
901,863,3,Directed
901,993,1,Directed
902,24,7,Directed
902,35,2,Directed
902,280,41,Directed
902,293,1,Directed
902,301,1,Directed
902,360,1,Directed
902,526,7,Directed
902,547,2,Directed
902,629,9,Directed
902,658,1,Directed
904,61,1,Directed
904,122,3,Directed
904,189,1,Directed
904,479,9,Directed
904,718,14,Directed
904,851,1,Directed
904,980,2,Directed
905,281,41,Directed
905,491,1,Directed
905,609,1,Directed
906,88,27,Directed
906,106,6,Directed
906,323,1,Directed
906,601,2,Directed
906,638,4,Directed
906,740,2,Directed
906,788,3,Directed
907,16,1,Directed
907,38,1,Directed
907,184,3,Directed
907,201,1,Directed
907,259,1,Directed
907,279,1,Directed
907,320,1,Directed
907,393,18,Directed
907,407,1,Directed
907,426,2,Directed
907,452,1,Directed
907,490,1,Directed
907,522,1,Directed
907,587,1,Directed
907,615,1,Directed
907,635,1,Directed
907,652,1,Directed
907,687,1,Directed
907,695,1,Directed
907,711,1,Directed
907,718,1,Directed
907,732,1,Directed
907,754,5,Directed
907,777,1,Directed
907,779,1,Directed
907,843,11,Directed
907,883,4,Directed
907,884,1,Directed
907,912,2,Directed
907,951,1,Directed
907,999,1,Directed
908,2,2,Directed
908,30,12,Directed
908,77,3,Directed
908,104,32,Directed
908,126,1,Directed
908,133,6,Directed
908,356,1,Directed
908,425,20,Directed
908,443,3,Directed
908,602,4,Directed
908,648,4,Directed
908,700,1,Directed
908,721,11,Directed
908,743,3,Directed
908,762,6,Directed
908,765,72,Directed
908,936,5,Directed
909,24,4,Directed
909,58,82,Directed
909,61,1,Directed
909,120,1,Directed
909,135,2,Directed
909,248,1,Directed
909,362,12,Directed
909,371,1,Directed
909,383,12,Directed
909,454,4,Directed
909,500,1,Directed
909,502,1,Directed
909,528,5,Directed
909,581,2,Directed
909,585,4,Directed
909,589,3,Directed
909,609,1,Directed
909,654,1,Directed
909,787,4,Directed
909,819,1,Directed
909,841,1,Directed
909,854,1,Directed
909,862,64,Directed
909,863,2,Directed
909,867,3,Directed
909,887,1,Directed
909,901,2,Directed
909,935,2,Directed
910,53,1,Directed
910,65,1,Directed
910,75,1,Directed
910,90,1,Directed
910,170,2,Directed
910,193,9,Directed
910,231,2,Directed
910,272,3,Directed
910,329,30,Directed
910,332,1,Directed
910,334,6,Directed
910,546,1,Directed
910,591,14,Directed
910,607,1,Directed
910,609,2,Directed
910,687,1,Directed
910,692,17,Directed
910,835,1,Directed
910,923,13,Directed
910,995,2,Directed
911,201,1,Directed
911,1004,1,Directed
912,30,14,Directed
912,38,1,Directed
912,52,34,Directed
912,53,2,Directed
912,61,2,Directed
912,62,1,Directed
912,74,31,Directed
912,77,200,Directed
912,90,12,Directed
912,91,1,Directed
912,104,3,Directed
912,111,1,Directed
912,112,2,Directed
912,115,1,Directed
912,120,3,Directed
912,126,15,Directed
912,133,2,Directed
912,134,1,Directed
912,159,26,Directed
912,166,5,Directed
912,168,1197,Directed
912,177,4,Directed
912,191,1,Directed
912,193,1,Directed
912,196,1,Directed
912,209,12,Directed
912,214,100,Directed
912,232,65,Directed
912,256,4,Directed
912,260,117,Directed
912,266,87,Directed
912,267,4,Directed
912,294,1,Directed
912,305,14,Directed
912,313,32,Directed
912,332,6,Directed
912,347,2,Directed
912,356,302,Directed
912,362,3,Directed
912,383,4,Directed
912,416,91,Directed
912,425,112,Directed
912,435,1,Directed
912,439,113,Directed
912,447,5,Directed
912,472,273,Directed
912,515,4,Directed
912,521,20,Directed
912,530,1,Directed
912,546,2,Directed
912,556,14,Directed
912,557,46,Directed
912,573,1,Directed
912,574,1,Directed
912,575,73,Directed
912,586,37,Directed
912,602,19,Directed
912,607,1,Directed
912,648,10,Directed
912,687,3,Directed
912,699,14,Directed
912,721,1,Directed
912,730,61,Directed
912,740,1,Directed
912,742,2,Directed
912,743,11,Directed
912,744,29,Directed
912,746,5,Directed
912,759,2,Directed
912,762,9,Directed
912,765,32,Directed
912,770,1,Directed
912,772,5,Directed
912,782,29,Directed
912,790,5,Directed
912,813,7,Directed
912,868,22,Directed
912,885,8,Directed
912,890,1,Directed
912,891,1,Directed
912,907,2,Directed
912,915,2,Directed
912,923,11,Directed
912,946,6,Directed
912,948,46,Directed
912,949,106,Directed
912,966,1,Directed
912,984,29,Directed
913,62,1,Directed
913,109,12,Directed
913,163,5,Directed
913,250,3,Directed
913,369,68,Directed
913,383,3,Directed
913,518,7,Directed
913,535,23,Directed
913,762,3,Directed
913,799,2,Directed
913,823,2,Directed
913,895,3,Directed
915,8,3,Directed
915,17,50,Directed
915,24,3,Directed
915,31,63,Directed
915,32,13,Directed
915,35,1,Directed
915,61,24,Directed
915,62,1,Directed
915,65,6,Directed
915,75,6,Directed
915,90,20,Directed
915,91,4,Directed
915,92,59,Directed
915,112,2,Directed
915,120,10,Directed
915,122,18,Directed
915,135,13,Directed
915,136,167,Directed
915,141,2,Directed
915,142,170,Directed
915,157,19,Directed
915,159,18,Directed
915,160,44,Directed
915,165,49,Directed
915,167,8,Directed
915,168,1,Directed
915,178,3,Directed
915,181,2,Directed
915,185,26,Directed
915,188,1,Directed
915,189,16,Directed
915,191,2,Directed
915,200,283,Directed
915,214,8,Directed
915,224,12,Directed
915,229,3,Directed
915,248,9,Directed
915,267,9,Directed
915,278,5,Directed
915,280,35,Directed
915,281,3,Directed
915,285,2,Directed
915,290,2,Directed
915,302,33,Directed
915,306,2,Directed
915,316,355,Directed
915,334,10,Directed
915,341,32,Directed
915,344,30,Directed
915,349,13,Directed
915,351,9,Directed
915,356,10,Directed
915,371,2,Directed
915,388,2,Directed
915,408,4,Directed
915,415,1,Directed
915,428,539,Directed
915,431,1,Directed
915,443,8,Directed
915,450,34,Directed
915,462,2,Directed
915,472,1,Directed
915,502,22,Directed
915,511,2,Directed
915,517,8,Directed
915,528,1,Directed
915,530,89,Directed
915,534,2,Directed
915,542,4,Directed
915,543,35,Directed
915,586,23,Directed
915,591,26,Directed
915,595,11,Directed
915,607,12,Directed
915,609,1,Directed
915,629,6,Directed
915,630,12,Directed
915,633,1,Directed
915,637,1,Directed
915,647,115,Directed
915,656,7,Directed
915,658,2,Directed
915,662,12,Directed
915,668,1,Directed
915,671,6,Directed
915,684,15,Directed
915,687,30,Directed
915,692,1,Directed
915,696,10,Directed
915,716,2,Directed
915,718,81,Directed
915,720,1,Directed
915,724,2,Directed
915,731,33,Directed
915,739,25,Directed
915,742,21,Directed
915,746,5,Directed
915,762,2,Directed
915,765,5,Directed
915,772,12,Directed
915,776,7,Directed
915,782,9,Directed
915,806,17,Directed
915,813,1,Directed
915,823,1,Directed
915,838,10,Directed
915,851,34,Directed
915,857,330,Directed
915,858,1,Directed
915,862,1,Directed
915,883,38,Directed
915,888,1,Directed
915,890,4,Directed
915,891,9,Directed
915,900,1,Directed
915,912,5,Directed
915,917,2,Directed
915,920,31,Directed
915,923,37,Directed
915,935,2,Directed
915,952,74,Directed
915,953,62,Directed
915,971,54,Directed
915,980,1,Directed
915,988,8,Directed
915,990,38,Directed
916,127,5,Directed
916,195,1,Directed
916,243,1,Directed
916,454,1,Directed
916,716,1,Directed
916,718,1,Directed
918,25,8,Directed
918,48,3,Directed
918,168,1,Directed
918,318,2,Directed
918,319,6,Directed
918,321,1,Directed
918,332,2,Directed
918,383,3,Directed
918,458,6,Directed
918,499,24,Directed
918,558,2,Directed
918,565,1,Directed
918,600,1,Directed
918,618,1,Directed
918,672,6,Directed
918,679,3,Directed
918,684,8,Directed
918,704,1,Directed
918,758,16,Directed
918,844,18,Directed
918,854,9,Directed
918,912,1,Directed
918,946,5,Directed
918,956,9,Directed
919,61,1,Directed
919,324,1,Directed
919,337,4,Directed
919,376,13,Directed
919,388,1,Directed
919,601,36,Directed
919,1000,51,Directed
920,24,1,Directed
920,32,2,Directed
920,35,1,Directed
920,65,2,Directed
920,67,1,Directed
920,75,1,Directed
920,90,2,Directed
920,120,5,Directed
920,135,2,Directed
920,136,2,Directed
920,141,3,Directed
920,142,1,Directed
920,148,1,Directed
920,159,10,Directed
920,160,2,Directed
920,167,4,Directed
920,181,12,Directed
920,185,1,Directed
920,188,1,Directed
920,189,1,Directed
920,190,10,Directed
920,214,1,Directed
920,248,3,Directed
920,274,36,Directed
920,280,11,Directed
920,301,1,Directed
920,316,1,Directed
920,353,7,Directed
920,428,1,Directed
920,443,1,Directed
920,450,5,Directed
920,502,1,Directed
920,526,1,Directed
920,528,1,Directed
920,530,12,Directed
920,534,1,Directed
920,546,6,Directed
920,550,7,Directed
920,607,1,Directed
920,614,1,Directed
920,629,1,Directed
920,630,23,Directed
920,633,1,Directed
920,647,3,Directed
920,656,46,Directed
920,662,2,Directed
920,668,1,Directed
920,687,1,Directed
920,692,1,Directed
920,696,1,Directed
920,700,3,Directed
920,718,1,Directed
920,731,3,Directed
920,739,2,Directed
920,742,1,Directed
920,746,1,Directed
920,772,2,Directed
920,841,8,Directed
920,851,30,Directed
920,857,1,Directed
920,891,8,Directed
920,915,10,Directed
920,978,6,Directed
920,988,1,Directed
921,5,2,Directed
921,13,2,Directed
921,14,14,Directed
921,29,1,Directed
921,32,23,Directed
921,75,2,Directed
921,101,1,Directed
921,173,2,Directed
921,189,2,Directed
921,199,4,Directed
921,231,1,Directed
921,249,4,Directed
921,270,4,Directed
921,327,10,Directed
921,381,6,Directed
921,437,2,Directed
921,506,32,Directed
921,516,2,Directed
921,532,2,Directed
921,541,18,Directed
921,576,3,Directed
921,605,4,Directed
921,611,10,Directed
921,643,2,Directed
921,644,3,Directed
921,650,2,Directed
921,654,2,Directed
921,657,43,Directed
921,682,2,Directed
921,702,3,Directed
921,719,9,Directed
921,724,7,Directed
921,738,18,Directed
921,745,2,Directed
921,761,2,Directed
921,783,13,Directed
921,796,9,Directed
921,808,1,Directed
921,828,2,Directed
921,837,4,Directed
921,849,1,Directed
921,850,2,Directed
921,881,7,Directed
921,923,13,Directed
921,924,3,Directed
921,945,2,Directed
921,977,11,Directed
921,979,2,Directed
921,996,2,Directed
921,1001,3,Directed
921,1004,12,Directed
922,362,1,Directed
923,2,12,Directed
923,11,1,Directed
923,13,1,Directed
923,14,2,Directed
923,32,2,Directed
923,39,18,Directed
923,53,74,Directed
923,75,3,Directed
923,90,35,Directed
923,120,60,Directed
923,127,1,Directed
923,134,12,Directed
923,135,5,Directed
923,151,35,Directed
923,157,2,Directed
923,159,57,Directed
923,168,5,Directed
923,178,3,Directed
923,189,1,Directed
923,193,79,Directed
923,197,42,Directed
923,199,3,Directed
923,200,1,Directed
923,214,94,Directed
923,231,16,Directed
923,233,3,Directed
923,235,30,Directed
923,239,31,Directed
923,248,4,Directed
923,264,1,Directed
923,270,3,Directed
923,278,56,Directed
923,290,7,Directed
923,316,3,Directed
923,334,12,Directed
923,356,4,Directed
923,367,19,Directed
923,410,1,Directed
923,414,1,Directed
923,416,1,Directed
923,435,1,Directed
923,450,2,Directed
923,472,1,Directed
923,476,18,Directed
923,500,8,Directed
923,502,12,Directed
923,506,14,Directed
923,516,1,Directed
923,517,1,Directed
923,528,6,Directed
923,530,1,Directed
923,531,1,Directed
923,534,1,Directed
923,541,19,Directed
923,542,4,Directed
923,546,8,Directed
923,550,10,Directed
923,576,2,Directed
923,582,1,Directed
923,586,7,Directed
923,591,52,Directed
923,592,7,Directed
923,595,4,Directed
923,607,3,Directed
923,609,40,Directed
923,617,56,Directed
923,633,59,Directed
923,644,3,Directed
923,650,1,Directed
923,671,4,Directed
923,684,1,Directed
923,687,120,Directed
923,692,8,Directed
923,693,1,Directed
923,702,3,Directed
923,707,19,Directed
923,715,1,Directed
923,718,2,Directed
923,719,1,Directed
923,738,73,Directed
923,742,8,Directed
923,743,3,Directed
923,746,17,Directed
923,765,1,Directed
923,772,75,Directed
923,776,11,Directed
923,782,6,Directed
923,783,8,Directed
923,801,1,Directed
923,823,1,Directed
923,837,1,Directed
923,850,2,Directed
923,851,1,Directed
923,857,1,Directed
923,862,1,Directed
923,865,1,Directed
923,875,18,Directed
923,880,23,Directed
923,881,2,Directed
923,883,2,Directed
923,890,74,Directed
923,900,1,Directed
923,910,10,Directed
923,912,3,Directed
923,915,14,Directed
923,920,1,Directed
923,921,49,Directed
923,924,1,Directed
923,940,1,Directed
923,948,1,Directed
923,951,38,Directed
923,963,1,Directed
923,979,1,Directed
923,983,3,Directed
923,994,4,Directed
923,996,1,Directed
923,1001,1,Directed
924,14,198,Directed
924,90,2,Directed
924,122,22,Directed
924,173,29,Directed
924,199,129,Directed
924,270,1,Directed
924,327,2,Directed
924,381,2,Directed
924,382,1,Directed
924,410,4,Directed
924,506,90,Directed
924,516,53,Directed
924,541,24,Directed
924,611,6,Directed
924,644,125,Directed
924,682,21,Directed
924,702,42,Directed
924,719,1,Directed
924,738,1,Directed
924,761,5,Directed
924,828,1,Directed
924,837,15,Directed
924,850,24,Directed
924,881,6,Directed
924,921,1,Directed
924,969,1,Directed
924,996,28,Directed
924,1001,51,Directed
925,269,4,Directed
925,311,18,Directed
925,429,23,Directed
925,540,3,Directed
925,697,34,Directed
925,698,3,Directed
925,840,3,Directed
925,849,1,Directed
925,873,12,Directed
925,874,39,Directed
925,951,2,Directed
925,955,17,Directed
925,987,7,Directed
926,27,2,Directed
926,53,1,Directed
926,61,7,Directed
926,73,5,Directed
926,90,1,Directed
926,120,1,Directed
926,129,15,Directed
926,147,45,Directed
926,157,32,Directed
926,171,16,Directed
926,221,1,Directed
926,230,5,Directed
926,255,2,Directed
926,277,9,Directed
926,285,5,Directed
926,308,10,Directed
926,334,1,Directed
926,336,41,Directed
926,347,14,Directed
926,355,3,Directed
926,415,1,Directed
926,565,10,Directed
926,577,29,Directed
926,590,13,Directed
926,591,1,Directed
926,607,2,Directed
926,686,8,Directed
926,692,1,Directed
926,715,134,Directed
926,718,1,Directed
926,748,52,Directed
926,877,2,Directed
926,931,10,Directed
926,933,9,Directed
926,951,5,Directed
926,972,7,Directed
927,40,4,Directed
927,53,1,Directed
927,62,3,Directed
927,65,28,Directed
927,75,9,Directed
927,90,54,Directed
927,98,1,Directed
927,113,80,Directed
927,120,29,Directed
927,147,23,Directed
927,159,1,Directed
927,191,52,Directed
927,193,4,Directed
927,196,10,Directed
927,235,1,Directed
927,239,1,Directed
927,250,124,Directed
927,257,1,Directed
927,277,1,Directed
927,356,5,Directed
927,369,81,Directed
927,413,26,Directed
927,416,31,Directed
927,444,92,Directed
927,454,10,Directed
927,483,1,Directed
927,485,84,Directed
927,513,90,Directed
927,515,44,Directed
927,535,82,Directed
927,542,77,Directed
927,551,69,Directed
927,557,3,Directed
927,592,56,Directed
927,607,11,Directed
927,609,31,Directed
927,629,11,Directed
927,633,3,Directed
927,646,71,Directed
927,674,1,Directed
927,686,5,Directed
927,713,1,Directed
927,722,110,Directed
927,743,2,Directed
927,752,7,Directed
927,770,77,Directed
927,772,7,Directed
927,821,5,Directed
927,823,89,Directed
927,854,129,Directed
927,890,1,Directed
927,948,12,Directed
927,951,1,Directed
928,251,2,Directed
928,666,1,Directed
928,761,4,Directed
928,804,1,Directed
928,881,4,Directed
928,996,1,Directed
928,1004,2,Directed
929,0,5,Directed
929,78,6,Directed
929,99,16,Directed
929,178,8,Directed
929,228,3,Directed
929,239,1,Directed
929,249,5,Directed
929,314,34,Directed
929,333,5,Directed
929,403,2,Directed
929,409,4,Directed
929,502,4,Directed
929,506,1,Directed
929,538,3,Directed
929,599,18,Directed
929,605,3,Directed
929,693,3,Directed
929,710,10,Directed
929,767,8,Directed
929,862,3,Directed
929,878,14,Directed
929,977,1,Directed
931,147,4,Directed
931,157,2,Directed
931,159,1,Directed
931,171,1,Directed
931,214,3,Directed
931,277,2,Directed
931,355,1,Directed
931,577,1,Directed
931,590,1,Directed
931,715,1,Directed
931,926,2,Directed
932,135,9,Directed
932,405,1,Directed
932,581,3,Directed
932,692,14,Directed
933,2,1,Directed
933,91,2,Directed
933,147,13,Directed
933,157,12,Directed
933,171,34,Directed
933,230,2,Directed
933,277,6,Directed
933,285,2,Directed
933,308,2,Directed
933,347,55,Directed
933,355,13,Directed
933,577,18,Directed
933,590,10,Directed
933,607,1,Directed
933,686,7,Directed
933,715,2,Directed
933,723,7,Directed
933,748,6,Directed
933,926,4,Directed
933,931,2,Directed
933,935,2,Directed
933,966,31,Directed
933,972,2,Directed
934,55,1,Directed
934,71,4,Directed
934,127,2,Directed
934,169,1,Directed
934,195,3,Directed
934,239,1,Directed
934,281,1,Directed
934,293,2,Directed
934,318,8,Directed
934,372,8,Directed
934,404,3,Directed
934,410,2,Directed
934,595,111,Directed
934,718,3,Directed
934,772,1,Directed
934,790,1,Directed
934,861,10,Directed
934,880,1,Directed
934,951,2,Directed
935,53,1,Directed
935,56,1,Directed
935,61,1,Directed
935,62,2,Directed
935,77,1,Directed
935,90,4,Directed
935,111,12,Directed
935,135,1,Directed
935,157,2,Directed
935,159,3,Directed
935,168,1,Directed
935,191,6,Directed
935,193,2,Directed
935,200,2,Directed
935,214,32,Directed
935,223,1,Directed
935,230,1,Directed
935,233,54,Directed
935,248,1,Directed
935,251,1,Directed
935,277,5,Directed
935,337,1,Directed
935,347,1,Directed
935,413,147,Directed
935,415,2,Directed
935,430,1,Directed
935,450,2,Directed
935,483,1,Directed
935,499,1,Directed
935,501,1,Directed
935,502,2,Directed
935,517,4,Directed
935,530,4,Directed
935,531,1,Directed
935,534,3,Directed
935,542,1,Directed
935,568,9,Directed
935,571,1,Directed
935,577,2,Directed
935,607,1,Directed
935,624,1,Directed
935,663,2,Directed
935,668,88,Directed
935,671,1,Directed
935,684,1,Directed
935,686,1,Directed
935,692,20,Directed
935,696,12,Directed
935,700,15,Directed
935,703,2,Directed
935,720,198,Directed
935,739,5,Directed
935,742,3,Directed
935,746,513,Directed
935,749,2,Directed
935,776,3,Directed
935,789,1,Directed
935,813,71,Directed
935,834,1,Directed
935,844,10,Directed
935,854,1,Directed
935,870,4,Directed
935,909,2,Directed
935,920,1,Directed
935,923,2,Directed
935,933,3,Directed
935,966,20,Directed
935,971,3,Directed
935,992,19,Directed
936,30,60,Directed
936,34,1,Directed
936,75,1,Directed
936,90,1,Directed
936,97,3,Directed
936,104,6,Directed
936,135,72,Directed
936,137,31,Directed
936,170,2,Directed
936,184,1,Directed
936,267,6,Directed
936,278,1,Directed
936,292,3,Directed
936,304,4,Directed
936,315,18,Directed
936,337,16,Directed
936,360,3,Directed
936,369,2,Directed
936,371,1,Directed
936,405,2,Directed
936,443,2,Directed
936,456,12,Directed
936,577,31,Directed
936,581,132,Directed
936,587,3,Directed
936,626,5,Directed
936,697,2,Directed
936,703,2,Directed
936,720,21,Directed
936,757,2,Directed
936,765,21,Directed
936,832,14,Directed
936,855,9,Directed
936,880,1,Directed
936,883,6,Directed
936,908,3,Directed
936,942,13,Directed
936,951,4,Directed
937,628,6,Directed
939,38,11,Directed
939,42,2,Directed
939,70,6,Directed
939,84,1,Directed
939,90,1,Directed
939,91,2,Directed
939,102,1,Directed
939,125,2,Directed
939,139,2,Directed
939,206,1,Directed
939,247,1,Directed
939,299,4,Directed
939,309,2,Directed
939,322,3,Directed
939,323,3,Directed
939,324,1,Directed
939,337,2,Directed
939,383,1,Directed
939,474,9,Directed
939,477,1,Directed
939,487,1,Directed
939,509,3,Directed
939,510,9,Directed
939,534,29,Directed
939,612,1,Directed
939,634,1,Directed
939,638,6,Directed
939,676,1,Directed
939,706,1,Directed
939,788,1,Directed
939,879,1,Directed
939,951,6,Directed
940,40,1,Directed
940,53,21,Directed
940,65,2,Directed
940,70,1,Directed
940,75,3,Directed
940,90,6,Directed
940,107,1,Directed
940,120,3,Directed
940,127,1,Directed
940,147,1,Directed
940,150,1,Directed
940,159,91,Directed
940,178,1,Directed
940,190,1,Directed
940,193,8,Directed
940,196,3,Directed
940,214,82,Directed
940,239,1,Directed
940,257,2,Directed
940,278,2,Directed
940,316,1,Directed
940,334,1,Directed
940,367,4,Directed
940,383,2,Directed
940,401,1,Directed
940,415,9,Directed
940,416,1,Directed
940,425,1,Directed
940,429,1,Directed
940,546,1,Directed
940,550,1,Directed
940,586,1,Directed
940,607,2,Directed
940,609,3,Directed
940,629,1,Directed
940,633,4,Directed
940,687,2,Directed
940,720,1,Directed
940,725,1,Directed
940,772,1,Directed
940,833,1,Directed
940,850,1,Directed
940,890,1,Directed
940,923,1,Directed
940,951,2,Directed
940,978,1,Directed
942,30,9,Directed
942,135,343,Directed
942,167,1,Directed
942,185,2,Directed
942,292,7,Directed
942,337,6,Directed
942,341,11,Directed
942,383,2,Directed
942,581,16,Directed
942,712,15,Directed
942,720,10,Directed
942,765,9,Directed
942,936,21,Directed
943,15,1,Directed
943,42,3,Directed
943,46,2,Directed
943,50,1,Directed
943,70,6,Directed
943,103,11,Directed
943,106,1,Directed
943,164,7,Directed
943,310,20,Directed
943,322,4,Directed
943,343,8,Directed
943,368,1,Directed
943,399,3,Directed
943,402,5,Directed
943,510,1,Directed
943,548,1,Directed
943,565,1,Directed
943,663,2,Directed
943,950,2,Directed
944,53,2,Directed
944,90,6,Directed
944,159,4,Directed
944,191,1,Directed
944,267,31,Directed
944,609,1,Directed
946,25,3,Directed
946,30,14,Directed
946,53,7,Directed
946,90,5,Directed
946,104,5,Directed
946,111,5,Directed
946,166,3,Directed
946,168,10,Directed
946,193,4,Directed
946,214,5,Directed
946,231,1,Directed
946,232,41,Directed
946,235,3,Directed
946,266,3,Directed
946,268,5,Directed
946,294,1,Directed
946,305,26,Directed
946,313,50,Directed
946,318,3,Directed
946,319,3,Directed
946,356,7,Directed
946,367,8,Directed
946,415,12,Directed
946,416,23,Directed
946,425,86,Directed
946,439,4,Directed
946,472,45,Directed
946,521,1,Directed
946,523,1,Directed
946,545,19,Directed
946,558,3,Directed
946,570,1,Directed
946,607,2,Directed
946,609,1,Directed
946,629,5,Directed
946,633,10,Directed
946,648,7,Directed
946,672,6,Directed
946,684,2,Directed
946,699,2,Directed
946,721,1,Directed
946,744,13,Directed
946,762,1,Directed
946,765,9,Directed
946,844,3,Directed
946,845,1,Directed
946,854,5,Directed
946,880,7,Directed
946,912,4,Directed
946,918,8,Directed
946,948,14,Directed
946,956,3,Directed
946,962,1,Directed
946,966,2,Directed
947,58,1,Directed
947,105,3,Directed
947,120,1,Directed
947,160,1,Directed
947,161,1,Directed
947,165,1,Directed
947,187,1,Directed
947,254,1,Directed
947,257,1,Directed
947,264,1,Directed
947,267,1,Directed
947,310,1,Directed
947,379,1,Directed
947,450,13,Directed
947,466,11,Directed
947,479,1,Directed
947,488,1,Directed
947,568,14,Directed
947,586,4,Directed
947,695,4,Directed
947,700,1,Directed
947,725,1,Directed
947,774,2176,Directed
947,837,1,Directed
947,948,1,Directed
948,2,1,Directed
948,30,12,Directed
948,52,33,Directed
948,58,1,Directed
948,61,5,Directed
948,65,17,Directed
948,74,16,Directed
948,75,30,Directed
948,77,4,Directed
948,90,17,Directed
948,91,2,Directed
948,104,5,Directed
948,112,44,Directed
948,120,103,Directed
948,126,53,Directed
948,133,4,Directed
948,134,6,Directed
948,147,1,Directed
948,160,1,Directed
948,161,1,Directed
948,165,11,Directed
948,166,2,Directed
948,168,40,Directed
948,182,2,Directed
948,190,2,Directed
948,191,12,Directed
948,193,1,Directed
948,209,1,Directed
948,214,4,Directed
948,218,1,Directed
948,232,2,Directed
948,235,3,Directed
948,250,30,Directed
948,256,4,Directed
948,257,3,Directed
948,260,4,Directed
948,266,4,Directed
948,267,60,Directed
948,294,5,Directed
948,310,1,Directed
948,313,21,Directed
948,316,1,Directed
948,318,1,Directed
948,332,4,Directed
948,340,1,Directed
948,356,57,Directed
948,367,1,Directed
948,369,1,Directed
948,392,36,Directed
948,415,2,Directed
948,416,160,Directed
948,425,94,Directed
948,435,27,Directed
948,439,6,Directed
948,444,1,Directed
948,447,1,Directed
948,454,1,Directed
948,459,4,Directed
948,472,4,Directed
948,479,1,Directed
948,499,5,Directed
948,500,18,Directed
948,513,1,Directed
948,517,46,Directed
948,530,1,Directed
948,535,1,Directed
948,542,2,Directed
948,551,1,Directed
948,573,1,Directed
948,574,2,Directed
948,586,15,Directed
948,592,74,Directed
948,602,6,Directed
948,609,1,Directed
948,617,2,Directed
948,629,5,Directed
948,646,1,Directed
948,648,12,Directed
948,674,35,Directed
948,684,1,Directed
948,696,1,Directed
948,699,3,Directed
948,721,9,Directed
948,722,1,Directed
948,730,1,Directed
948,742,1,Directed
948,743,8,Directed
948,751,10,Directed
948,752,6,Directed
948,765,25,Directed
948,772,6,Directed
948,782,5,Directed
948,790,12,Directed
948,803,50,Directed
948,823,1,Directed
948,833,1,Directed
948,837,1,Directed
948,854,14,Directed
948,859,15,Directed
948,868,12,Directed
948,885,1,Directed
948,890,10,Directed
948,912,34,Directed
948,915,1,Directed
948,918,1,Directed
948,923,1,Directed
948,927,13,Directed
948,940,1,Directed
948,946,19,Directed
948,947,1,Directed
948,949,5,Directed
948,984,1,Directed
949,30,3,Directed
949,52,2,Directed
949,77,15,Directed
949,168,371,Directed
949,191,3,Directed
949,232,21,Directed
949,260,33,Directed
949,266,47,Directed
949,313,1,Directed
949,356,1,Directed
949,416,27,Directed
949,425,8,Directed
949,435,1,Directed
949,439,45,Directed
949,472,18,Directed
949,556,2,Directed
949,557,1,Directed
949,575,10,Directed
949,648,1,Directed
949,912,130,Directed
949,948,5,Directed
949,966,5,Directed
950,42,1,Directed
950,69,3,Directed
950,70,1,Directed
950,88,7,Directed
950,91,1,Directed
950,102,1,Directed
950,103,41,Directed
950,106,2,Directed
950,154,2,Directed
950,164,3,Directed
950,206,3,Directed
950,223,1,Directed
950,303,18,Directed
950,310,3,Directed
950,322,3,Directed
950,323,1,Directed
950,337,1,Directed
950,343,51,Directed
950,368,3,Directed
950,378,8,Directed
950,399,8,Directed
950,402,7,Directed
950,420,1,Directed
950,514,60,Directed
950,634,1,Directed
950,638,6,Directed
950,663,51,Directed
950,740,1,Directed
950,780,31,Directed
950,788,3,Directed
950,822,1,Directed
950,832,14,Directed
950,943,1,Directed
950,977,32,Directed
950,1001,24,Directed
951,0,1,Directed
951,4,3,Directed
951,6,3,Directed
951,13,18,Directed
951,15,3,Directed
951,16,2,Directed
951,31,4,Directed
951,38,1,Directed
951,42,5,Directed
951,53,4,Directed
951,55,1,Directed
951,56,7,Directed
951,58,2,Directed
951,65,1,Directed
951,71,1,Directed
951,75,2,Directed
951,78,25,Directed
951,83,2,Directed
951,91,1,Directed
951,95,5,Directed
951,103,1,Directed
951,107,2,Directed
951,120,2,Directed
951,133,2,Directed
951,135,2,Directed
951,141,1,Directed
951,142,5,Directed
951,143,3,Directed
951,147,4,Directed
951,159,17,Directed
951,161,5,Directed
951,166,1,Directed
951,167,6,Directed
951,169,3,Directed
951,170,5,Directed
951,171,4,Directed
951,178,5,Directed
951,184,1,Directed
951,188,3,Directed
951,189,19,Directed
951,190,3,Directed
951,191,1,Directed
951,194,6,Directed
951,195,1,Directed
951,200,1,Directed
951,203,1,Directed
951,213,1,Directed
951,214,51,Directed
951,225,16,Directed
951,230,2,Directed
951,231,1,Directed
951,235,7,Directed
951,239,79,Directed
951,245,21,Directed
951,255,1,Directed
951,267,8,Directed
951,273,51,Directed
951,274,10,Directed
951,278,1,Directed
951,284,7,Directed
951,299,4,Directed
951,306,5,Directed
951,322,1,Directed
951,323,6,Directed
951,324,2,Directed
951,329,1,Directed
951,332,1,Directed
951,335,2,Directed
951,338,10,Directed
951,341,2,Directed
951,343,1,Directed
951,353,1,Directed
951,367,7,Directed
951,369,6,Directed
951,371,4,Directed
951,372,10,Directed
951,377,9,Directed
951,388,10,Directed
951,391,1,Directed
951,399,1,Directed
951,404,1,Directed
951,407,1,Directed
951,410,4,Directed
951,415,1,Directed
951,416,2,Directed
951,424,2,Directed
951,428,5,Directed
951,433,5,Directed
951,435,2,Directed
951,453,2,Directed
951,454,1,Directed
951,470,2,Directed
951,474,3,Directed
951,479,1,Directed
951,482,12,Directed
951,493,1,Directed
951,500,3,Directed
951,502,32,Directed
951,506,38,Directed
951,509,1,Directed
951,518,1,Directed
951,534,11,Directed
951,535,1,Directed
951,538,12,Directed
951,540,17,Directed
951,541,38,Directed
951,542,1,Directed
951,543,3,Directed
951,546,1,Directed
951,552,31,Directed
951,557,1,Directed
951,569,11,Directed
951,572,2,Directed
951,577,1,Directed
951,581,9,Directed
951,584,1,Directed
951,595,17,Directed
951,596,1,Directed
951,599,4,Directed
951,603,1,Directed
951,605,5,Directed
951,609,14,Directed
951,614,1,Directed
951,617,4,Directed
951,629,1,Directed
951,630,16,Directed
951,633,6,Directed
951,638,10,Directed
951,649,2,Directed
951,651,1,Directed
951,656,1,Directed
951,660,6,Directed
951,663,44,Directed
951,669,6,Directed
951,679,1,Directed
951,681,4,Directed
951,687,2,Directed
951,692,2,Directed
951,693,4,Directed
951,695,3,Directed
951,703,4,Directed
951,706,34,Directed
951,707,39,Directed
951,711,7,Directed
951,713,1,Directed
951,715,11,Directed
951,718,1,Directed
951,724,16,Directed
951,727,3,Directed
951,731,4,Directed
951,736,1,Directed
951,738,15,Directed
951,739,2,Directed
951,742,7,Directed
951,749,1,Directed
951,752,2,Directed
951,769,5,Directed
951,771,3,Directed
951,772,13,Directed
951,774,1,Directed
951,789,5,Directed
951,803,2,Directed
951,807,2,Directed
951,809,6,Directed
951,819,1,Directed
951,832,1,Directed
951,833,1,Directed
951,849,1,Directed
951,850,4,Directed
951,851,5,Directed
951,853,2,Directed
951,855,5,Directed
951,857,23,Directed
951,858,1,Directed
951,865,3,Directed
951,866,14,Directed
951,870,1,Directed
951,880,2,Directed
951,883,28,Directed
951,885,3,Directed
951,890,3,Directed
951,891,1,Directed
951,898,1,Directed
951,907,2,Directed
951,915,2,Directed
951,923,33,Directed
951,925,3,Directed
951,926,16,Directed
951,931,1,Directed
951,934,2,Directed
951,936,4,Directed
951,939,11,Directed
951,940,1,Directed
951,954,4,Directed
951,957,23,Directed
951,971,1,Directed
951,976,6,Directed
951,978,2,Directed
951,979,6,Directed
951,996,18,Directed
951,997,1,Directed
952,2,1,Directed
952,17,2,Directed
952,31,2,Directed
952,92,3,Directed
952,112,3,Directed
952,120,2,Directed
952,136,20,Directed
952,142,6,Directed
952,159,1,Directed
952,165,2,Directed
952,200,207,Directed
952,224,3,Directed
952,267,4,Directed
952,275,3,Directed
952,302,2,Directed
952,316,23,Directed
952,344,23,Directed
952,349,3,Directed
952,351,7,Directed
952,362,1,Directed
952,383,2,Directed
952,422,1,Directed
952,428,26,Directed
952,517,10,Directed
952,543,27,Directed
952,630,7,Directed
952,647,2,Directed
952,806,10,Directed
952,838,43,Directed
952,847,1,Directed
952,857,11,Directed
952,915,43,Directed
952,953,2,Directed
952,971,15,Directed
952,990,2,Directed
953,2,4,Directed
953,24,6,Directed
953,90,1,Directed
953,92,3,Directed
953,136,2,Directed
953,142,4,Directed
953,181,1,Directed
953,207,19,Directed
953,280,4,Directed
953,316,26,Directed
953,349,2,Directed
953,353,1,Directed
953,374,1,Directed
953,383,1,Directed
953,424,1,Directed
953,428,10,Directed
953,569,1,Directed
953,647,12,Directed
953,656,1,Directed
953,700,1,Directed
953,724,1,Directed
953,795,1,Directed
953,838,7,Directed
953,857,5,Directed
953,915,23,Directed
953,957,11,Directed
953,978,1,Directed
954,35,2,Directed
954,167,10,Directed
954,188,1,Directed
954,193,1,Directed
954,207,9,Directed
954,301,1,Directed
954,428,1,Directed
954,469,1,Directed
954,471,1,Directed
954,547,2,Directed
954,614,1,Directed
954,630,20,Directed
954,817,2,Directed
954,851,7,Directed
954,957,2,Directed
954,964,1,Directed
954,978,6,Directed
954,990,1,Directed
955,24,1,Directed
955,28,2,Directed
955,231,11,Directed
955,264,1,Directed
955,311,133,Directed
955,338,1,Directed
955,399,1,Directed
955,427,159,Directed
955,454,1,Directed
955,510,2,Directed
955,540,220,Directed
955,543,1,Directed
955,582,1,Directed
955,624,1,Directed
955,641,2,Directed
955,692,3,Directed
955,764,1,Directed
955,773,125,Directed
955,819,6,Directed
955,832,1,Directed
955,840,3,Directed
955,855,3,Directed
955,873,6,Directed
955,890,1,Directed
955,925,128,Directed
955,962,1,Directed
955,987,142,Directed
955,994,1,Directed
956,2,1,Directed
956,25,11,Directed
956,41,8,Directed
956,48,39,Directed
956,73,3,Directed
956,193,1,Directed
956,216,23,Directed
956,318,2,Directed
956,319,18,Directed
956,321,3,Directed
956,366,17,Directed
956,383,1,Directed
956,434,2,Directed
956,458,51,Directed
956,465,2,Directed
956,499,30,Directed
956,503,1,Directed
956,558,39,Directed
956,565,29,Directed
956,600,17,Directed
956,672,6,Directed
956,679,4,Directed
956,684,46,Directed
956,700,12,Directed
956,704,5,Directed
956,723,3,Directed
956,743,1,Directed
956,758,42,Directed
956,790,25,Directed
956,844,67,Directed
957,167,7,Directed
957,188,3,Directed
957,207,2,Directed
957,362,1,Directed
957,374,2,Directed
957,547,1,Directed
957,630,6,Directed
957,795,1,Directed
957,851,2,Directed
957,951,6,Directed
957,953,6,Directed
957,954,1,Directed
957,978,7,Directed
957,990,3,Directed
960,34,3,Directed
961,2,2,Directed
962,40,1,Directed
962,62,1,Directed
962,70,1,Directed
962,190,1,Directed
962,316,2,Directed
962,416,1,Directed
962,540,2,Directed
962,601,2,Directed
962,890,25,Directed
963,53,1,Directed
963,65,3,Directed
963,67,751,Directed
963,68,2,Directed
963,120,1,Directed
963,134,1,Directed
963,135,2,Directed
963,159,3,Directed
963,193,3,Directed
963,214,1,Directed
963,245,2,Directed
963,306,4,Directed
963,329,2,Directed
963,367,3,Directed
963,415,1,Directed
963,443,2,Directed
963,471,1,Directed
963,551,1,Directed
963,581,2,Directed
963,588,2,Directed
963,607,2,Directed
963,633,3,Directed
963,659,4,Directed
963,692,2,Directed
963,712,2,Directed
963,746,2,Directed
963,764,2,Directed
963,769,2,Directed
963,784,1,Directed
963,835,2,Directed
963,836,2,Directed
963,855,2,Directed
963,880,1,Directed
963,890,1,Directed
963,995,2,Directed
964,167,2,Directed
964,547,1,Directed
964,978,1,Directed
965,450,4,Directed
966,2,1,Directed
966,45,8,Directed
966,66,6,Directed
966,168,62,Directed
966,171,1,Directed
966,227,4,Directed
966,232,4,Directed
966,347,67,Directed
966,472,3,Directed
966,575,24,Directed
966,577,1,Directed
966,686,3,Directed
966,700,1,Directed
966,746,1,Directed
966,782,1,Directed
966,790,7,Directed
966,933,63,Directed
966,935,55,Directed
966,946,1,Directed
966,949,3,Directed
969,16,1,Directed
969,76,1,Directed
969,122,1,Directed
969,153,2,Directed
969,175,1,Directed
969,178,5,Directed
969,189,16,Directed
969,231,1,Directed
969,251,1,Directed
969,410,2,Directed
969,423,1,Directed
969,433,1,Directed
969,482,1,Directed
969,502,1,Directed
969,509,4,Directed
969,528,2,Directed
969,532,1,Directed
969,541,1,Directed
969,607,3,Directed
969,650,1,Directed
969,718,7,Directed
969,761,2,Directed
969,772,1,Directed
969,777,1,Directed
969,828,1,Directed
969,837,2,Directed
969,924,1,Directed
969,977,23,Directed
969,994,1,Directed
969,1001,1,Directed
969,1004,2,Directed
971,17,1,Directed
971,31,2,Directed
971,92,1,Directed
971,136,4,Directed
971,142,2,Directed
971,165,2,Directed
971,200,62,Directed
971,267,10,Directed
971,281,1,Directed
971,302,1,Directed
971,316,8,Directed
971,344,8,Directed
971,349,1,Directed
971,383,1,Directed
971,428,2,Directed
971,454,1,Directed
971,543,21,Directed
971,630,4,Directed
971,647,1,Directed
971,838,12,Directed
971,857,2,Directed
971,915,8,Directed
971,952,10,Directed
971,953,1,Directed
971,990,1,Directed
972,147,1,Directed
972,171,3,Directed
972,366,1,Directed
974,74,10,Directed
974,104,1,Directed
974,126,2,Directed
974,166,1,Directed
974,256,1,Directed
974,294,4,Directed
974,313,1,Directed
974,332,4,Directed
974,435,4,Directed
974,573,1,Directed
974,586,17,Directed
974,648,2,Directed
974,721,1,Directed
974,759,1,Directed
974,782,1,Directed
974,790,2,Directed
974,867,4,Directed
974,868,2,Directed
974,885,7,Directed
974,948,1,Directed
974,984,5,Directed
976,78,3,Directed
976,99,1,Directed
976,130,1,Directed
976,143,1,Directed
976,178,12,Directed
976,293,1,Directed
976,314,2,Directed
976,349,42,Directed
976,410,2,Directed
976,491,1,Directed
976,502,20,Directed
976,599,2,Directed
976,724,1,Directed
976,951,2,Directed
977,0,3,Directed
977,2,1,Directed
977,5,3,Directed
977,16,1,Directed
977,32,35,Directed
977,56,3,Directed
977,103,96,Directed
977,114,6,Directed
977,120,2,Directed
977,122,2,Directed
977,139,1,Directed
977,149,3,Directed
977,153,319,Directed
977,175,3,Directed
977,178,4,Directed
977,184,7,Directed
977,189,35,Directed
977,192,2,Directed
977,200,5,Directed
977,208,45,Directed
977,229,1,Directed
977,236,50,Directed
977,249,1,Directed
977,251,2,Directed
977,275,1,Directed
977,323,1,Directed
977,364,1,Directed
977,365,1,Directed
977,372,1,Directed
977,378,11,Directed
977,399,5,Directed
977,403,1,Directed
977,407,6,Directed
977,409,4,Directed
977,410,30,Directed
977,418,651,Directed
977,419,1,Directed
977,423,206,Directed
977,428,1,Directed
977,433,2,Directed
977,442,1,Directed
977,479,3,Directed
977,480,2,Directed
977,487,3,Directed
977,490,1,Directed
977,491,7,Directed
977,497,98,Directed
977,510,2,Directed
977,513,1,Directed
977,514,132,Directed
977,541,19,Directed
977,569,3,Directed
977,613,1,Directed
977,629,2,Directed
977,638,1,Directed
977,644,12,Directed
977,650,1,Directed
977,693,2,Directed
977,700,1,Directed
977,702,2,Directed
977,732,1,Directed
977,761,1,Directed
977,779,5,Directed
977,780,113,Directed
977,790,8,Directed
977,791,8,Directed
977,796,21,Directed
977,832,26,Directed
977,849,3,Directed
977,862,2,Directed
977,872,1,Directed
977,883,2,Directed
977,921,14,Directed
977,950,164,Directed
977,969,60,Directed
977,996,131,Directed
977,1001,307,Directed
977,1004,386,Directed
978,24,2,Directed
978,35,153,Directed
978,65,2,Directed
978,90,3,Directed
978,120,3,Directed
978,141,144,Directed
978,142,1,Directed
978,150,1,Directed
978,159,8,Directed
978,161,1,Directed
978,167,207,Directed
978,178,1,Directed
978,188,175,Directed
978,190,4,Directed
978,207,124,Directed
978,214,3,Directed
978,231,1,Directed
978,239,1,Directed
978,267,4,Directed
978,274,2,Directed
978,280,17,Directed
978,281,1,Directed
978,299,1,Directed
978,301,146,Directed
978,316,6,Directed
978,362,1,Directed
978,367,1,Directed
978,383,1,Directed
978,387,3,Directed
978,415,7,Directed
978,421,132,Directed
978,424,125,Directed
978,451,1,Directed
978,469,161,Directed
978,483,1,Directed
978,493,15,Directed
978,502,5,Directed
978,511,1,Directed
978,512,89,Directed
978,526,1,Directed
978,547,157,Directed
978,552,138,Directed
978,561,2,Directed
978,607,3,Directed
978,614,150,Directed
978,629,24,Directed
978,630,12,Directed
978,645,2,Directed
978,656,2,Directed
978,724,1,Directed
978,772,1,Directed
978,795,138,Directed
978,817,131,Directed
978,851,220,Directed
978,858,1,Directed
978,890,2,Directed
978,891,2,Directed
978,920,9,Directed
978,953,1,Directed
978,954,138,Directed
978,957,115,Directed
978,962,1,Directed
978,988,165,Directed
979,199,4,Directed
979,512,5,Directed
979,654,1,Directed
979,783,11,Directed
979,850,2,Directed
979,923,1,Directed
979,951,1,Directed
979,996,2,Directed
980,5,8,Directed
980,29,1,Directed
980,61,4,Directed
980,90,1,Directed
980,107,78,Directed
980,114,1,Directed
980,120,1,Directed
980,122,19,Directed
980,127,2,Directed
980,201,3,Directed
980,236,5,Directed
980,248,4,Directed
980,314,1,Directed
980,320,2,Directed
980,335,22,Directed
980,362,1,Directed
980,381,7,Directed
980,383,1,Directed
980,393,1,Directed
980,462,2,Directed
980,464,54,Directed
980,468,1,Directed
980,479,11,Directed
980,502,3,Directed
980,528,6,Directed
980,532,3,Directed
980,537,1,Directed
980,553,3,Directed
980,591,3,Directed
980,670,12,Directed
980,687,3,Directed
980,692,4,Directed
980,709,1,Directed
980,716,7,Directed
980,718,44,Directed
980,810,1,Directed
980,851,1,Directed
980,876,1,Directed
980,898,4,Directed
981,306,3,Directed
981,784,2,Directed
983,2,2,Directed
983,29,1,Directed
983,65,3,Directed
983,90,1,Directed
983,193,1,Directed
983,196,1,Directed
983,214,4,Directed
983,278,1,Directed
983,364,1,Directed
983,482,1,Directed
983,692,2,Directed
983,764,1,Directed
983,769,1,Directed
983,923,4,Directed
983,987,1,Directed
984,2,1,Directed
984,74,45,Directed
984,90,2,Directed
984,104,1,Directed
984,126,35,Directed
984,133,6,Directed
984,166,5,Directed
984,168,64,Directed
984,214,4,Directed
984,232,9,Directed
984,267,14,Directed
984,294,20,Directed
984,299,1,Directed
984,313,1,Directed
984,332,5,Directed
984,356,3,Directed
984,362,1,Directed
984,416,15,Directed
984,435,8,Directed
984,447,36,Directed
984,472,1,Directed
984,500,1,Directed
984,557,1,Directed
984,573,4,Directed
984,586,205,Directed
984,602,2,Directed
984,609,1,Directed
984,648,2,Directed
984,730,1,Directed
984,759,19,Directed
984,762,66,Directed
984,765,1,Directed
984,782,47,Directed
984,790,6,Directed
984,868,1,Directed
984,885,23,Directed
984,912,27,Directed
984,962,1,Directed
984,974,8,Directed
985,107,3,Directed
985,335,1,Directed
987,28,310,Directed
987,40,1,Directed
987,53,4,Directed
987,56,378,Directed
987,65,4,Directed
987,68,306,Directed
987,75,5,Directed
987,90,5,Directed
987,91,3,Directed
987,95,318,Directed
987,105,1,Directed
987,107,1,Directed
987,120,7,Directed
987,127,1,Directed
987,131,1,Directed
987,134,1,Directed
987,135,2,Directed
987,147,1,Directed
987,150,3,Directed
987,159,7,Directed
987,185,8,Directed
987,190,1,Directed
987,193,3,Directed
987,196,1,Directed
987,197,22,Directed
987,214,4,Directed
987,220,3,Directed
987,229,1,Directed
987,231,364,Directed
987,239,1,Directed
987,245,314,Directed
987,248,1,Directed
987,251,322,Directed
987,257,3,Directed
987,269,4,Directed
987,311,311,Directed
987,329,1,Directed
987,334,3,Directed
987,338,329,Directed
987,361,314,Directed
987,364,162,Directed
987,367,3,Directed
987,415,7,Directed
987,432,262,Directed
987,433,424,Directed
987,462,1,Directed
987,471,9,Directed
987,480,178,Directed
987,482,321,Directed
987,499,1,Directed
987,511,60,Directed
987,515,1,Directed
987,531,421,Directed
987,540,397,Directed
987,546,1,Directed
987,569,1,Directed
987,576,2,Directed
987,582,309,Directed
987,588,25,Directed
987,607,4,Directed
987,609,1,Directed
987,612,1,Directed
987,617,2,Directed
987,629,1,Directed
987,633,2,Directed
987,641,313,Directed
987,671,1,Directed
987,683,1,Directed
987,692,2,Directed
987,698,234,Directed
987,720,1,Directed
987,731,1,Directed
987,738,1,Directed
987,746,1,Directed
987,749,2,Directed
987,752,2,Directed
987,764,321,Directed
987,769,1,Directed
987,772,6,Directed
987,789,333,Directed
987,796,105,Directed
987,798,1,Directed
987,809,348,Directed
987,833,9,Directed
987,835,1,Directed
987,840,319,Directed
987,849,326,Directed
987,850,9,Directed
987,872,329,Directed
987,873,310,Directed
987,890,4,Directed
987,923,2,Directed
987,925,166,Directed
987,927,1,Directed
987,940,1,Directed
987,948,1,Directed
987,951,1,Directed
987,955,332,Directed
987,962,7,Directed
987,963,1,Directed
987,978,1,Directed
987,983,1,Directed
987,994,320,Directed
987,997,1,Directed
987,1003,1,Directed
988,3,2,Directed
988,35,5,Directed
988,141,2,Directed
988,167,58,Directed
988,188,40,Directed
988,207,9,Directed
988,239,1,Directed
988,241,1,Directed
988,257,1,Directed
988,267,8,Directed
988,274,3,Directed
988,301,5,Directed
988,387,2,Directed
988,421,4,Directed
988,423,1,Directed
988,424,4,Directed
988,431,3,Directed
988,451,1,Directed
988,469,7,Directed
988,512,2,Directed
988,530,1,Directed
988,547,10,Directed
988,552,4,Directed
988,614,5,Directed
988,656,7,Directed
988,667,2,Directed
988,700,3,Directed
988,782,2,Directed
988,795,4,Directed
988,817,6,Directed
988,851,19,Directed
988,915,2,Directed
988,920,1,Directed
988,954,5,Directed
988,957,2,Directed
988,978,58,Directed
990,17,4,Directed
990,24,8,Directed
990,31,46,Directed
990,56,2,Directed
990,92,12,Directed
990,136,12,Directed
990,142,11,Directed
990,165,26,Directed
990,178,25,Directed
990,180,2,Directed
990,190,1,Directed
990,200,4,Directed
990,207,51,Directed
990,224,1,Directed
990,267,3,Directed
990,280,1,Directed
990,302,11,Directed
990,316,12,Directed
990,344,4,Directed
990,349,9,Directed
990,351,1,Directed
990,408,4,Directed
990,424,39,Directed
990,428,34,Directed
990,469,2,Directed
990,482,22,Directed
990,493,1,Directed
990,543,4,Directed
990,561,2,Directed
990,633,2,Directed
990,647,15,Directed
990,656,1,Directed
990,658,3,Directed
990,795,2,Directed
990,838,4,Directed
990,846,2,Directed
990,857,15,Directed
990,888,3,Directed
990,915,6,Directed
990,952,4,Directed
990,953,16,Directed
990,954,1,Directed
990,957,2,Directed
990,971,4,Directed
991,0,1,Directed
991,2,1,Directed
991,6,1,Directed
991,61,214,Directed
991,78,1,Directed
991,178,12,Directed
991,228,1,Directed
991,249,1,Directed
991,280,1,Directed
991,295,1,Directed
991,333,1,Directed
991,409,1,Directed
991,450,3,Directed
991,470,1,Directed
991,502,3,Directed
991,538,1,Directed
991,543,3,Directed
991,569,3,Directed
991,599,1,Directed
991,605,1,Directed
991,607,1,Directed
991,614,8,Directed
991,654,294,Directed
991,693,1,Directed
991,696,1,Directed
991,700,7,Directed
991,710,1,Directed
991,712,5,Directed
991,716,2,Directed
991,718,4,Directed
991,767,1,Directed
991,858,89,Directed
991,862,1,Directed
991,976,1,Directed
992,662,1,Directed
992,746,8,Directed
992,935,6,Directed
993,65,4,Directed
993,75,1,Directed
993,135,1,Directed
993,161,1,Directed
993,214,1,Directed
993,229,1,Directed
993,233,1,Directed
993,343,3,Directed
993,534,1,Directed
993,592,1,Directed
993,692,1,Directed
993,742,8,Directed
993,863,2,Directed
993,901,1,Directed
994,24,1,Directed
994,28,1,Directed
994,56,15,Directed
994,95,1,Directed
994,120,1,Directed
994,127,1,Directed
994,189,3,Directed
994,193,1,Directed
994,214,1,Directed
994,226,2,Directed
994,231,10,Directed
994,245,9,Directed
994,264,1,Directed
994,311,2,Directed
994,334,2,Directed
994,338,12,Directed
994,361,1,Directed
994,364,11,Directed
994,410,3,Directed
994,418,1,Directed
994,433,21,Directed
994,482,1,Directed
994,531,19,Directed
994,540,91,Directed
994,543,1,Directed
994,549,1,Directed
994,550,1,Directed
994,582,22,Directed
994,624,4,Directed
994,641,2,Directed
994,687,1,Directed
994,692,3,Directed
994,718,1,Directed
994,752,2,Directed
994,764,45,Directed
994,777,2,Directed
994,789,2,Directed
994,809,2,Directed
994,849,1,Directed
994,863,3,Directed
994,923,3,Directed
994,955,1,Directed
994,987,23,Directed
995,75,5,Directed
995,91,1,Directed
995,243,3,Directed
995,250,1,Directed
995,299,1,Directed
995,334,27,Directed
995,397,2,Directed
995,414,16,Directed
995,415,1,Directed
995,483,1,Directed
995,502,2,Directed
995,528,1,Directed
995,591,1,Directed
995,671,13,Directed
995,687,1,Directed
995,692,2,Directed
995,696,6,Directed
995,749,1,Directed
995,775,3,Directed
995,783,1,Directed
995,865,1,Directed
995,891,19,Directed
995,909,1,Directed
996,14,4,Directed
996,90,6,Directed
996,101,2,Directed
996,105,3,Directed
996,153,23,Directed
996,173,3,Directed
996,199,118,Directed
996,364,1,Directed
996,379,1,Directed
996,383,5,Directed
996,410,6,Directed
996,418,745,Directed
996,423,8,Directed
996,506,110,Directed
996,516,1,Directed
996,541,38,Directed
996,609,3,Directed
996,633,2,Directed
996,644,43,Directed
996,654,1,Directed
996,657,1,Directed
996,662,1,Directed
996,702,9,Directed
996,738,2,Directed
996,761,3,Directed
996,813,2,Directed
996,850,21,Directed
996,881,1,Directed
996,924,12,Directed
996,928,1,Directed
996,951,5,Directed
996,977,29,Directed
996,979,1,Directed
997,2,1,Directed
997,34,11,Directed
997,53,4,Directed
997,65,5,Directed
997,75,11,Directed
997,90,8,Directed
997,91,1,Directed
997,120,9,Directed
997,134,2,Directed
997,150,1,Directed
997,159,2,Directed
997,191,1,Directed
997,193,7,Directed
997,196,3,Directed
997,214,2,Directed
997,235,4,Directed
997,257,1,Directed
997,329,1,Directed
997,334,3,Directed
997,367,1,Directed
997,415,4,Directed
997,471,1,Directed
997,506,1,Directed
997,528,1,Directed
997,581,1,Directed
997,607,2,Directed
997,609,8,Directed
997,617,1,Directed
997,629,1,Directed
997,633,3,Directed
997,683,1,Directed
997,692,2,Directed
997,749,1,Directed
997,752,2,Directed
997,772,2,Directed
997,782,1,Directed
997,792,1,Directed
997,833,1,Directed
997,880,1,Directed
997,890,11,Directed
997,891,1,Directed
997,951,1,Directed
998,2,1,Directed
999,101,1,Directed
1000,41,13,Directed
1000,48,26,Directed
1000,73,7,Directed
1000,112,24,Directed
1000,216,8,Directed
1000,319,9,Directed
1000,458,14,Directed
1000,499,4,Directed
1000,503,10,Directed
1000,558,13,Directed
1000,565,2,Directed
1000,684,5,Directed
1000,723,14,Directed
1000,758,1,Directed
1000,919,2,Directed
1001,13,3,Directed
1001,14,146,Directed
1001,76,9,Directed
1001,90,2,Directed
1001,91,1,Directed
1001,103,5,Directed
1001,106,4,Directed
1001,139,4,Directed
1001,153,3,Directed
1001,154,1,Directed
1001,173,4,Directed
1001,175,1,Directed
1001,189,1,Directed
1001,199,13,Directed
1001,270,3,Directed
1001,299,1,Directed
1001,327,5,Directed
1001,343,1,Directed
1001,381,6,Directed
1001,383,3,Directed
1001,399,3,Directed
1001,410,5,Directed
1001,418,3,Directed
1001,423,2,Directed
1001,437,1,Directed
1001,468,1,Directed
1001,480,2,Directed
1001,491,2,Directed
1001,506,275,Directed
1001,514,3,Directed
1001,516,6,Directed
1001,532,12,Directed
1001,541,18,Directed
1001,553,2,Directed
1001,576,3,Directed
1001,605,28,Directed
1001,607,5,Directed
1001,644,46,Directed
1001,650,12,Directed
1001,654,3,Directed
1001,657,3,Directed
1001,685,85,Directed
1001,700,2,Directed
1001,702,22,Directed
1001,719,5,Directed
1001,724,45,Directed
1001,733,1,Directed
1001,738,4,Directed
1001,745,9,Directed
1001,783,7,Directed
1001,801,4,Directed
1001,828,14,Directed
1001,832,1,Directed
1001,837,8,Directed
1001,850,10,Directed
1001,881,4,Directed
1001,921,5,Directed
1001,924,25,Directed
1001,950,16,Directed
1001,977,80,Directed
1001,979,8,Directed
1001,996,11,Directed
1002,319,26,Directed
1002,594,1,Directed
1002,769,2,Directed
1003,90,1,Directed
1003,268,3,Directed
1003,278,2,Directed
1003,291,2,Directed
1003,401,1,Directed
1003,443,1,Directed
1003,454,13,Directed
1003,707,8,Directed
1003,890,1,Directed
1003,912,1,Directed
1004,0,3,Directed
1004,5,1,Directed
1004,6,4,Directed
1004,14,3,Directed
1004,16,6,Directed
1004,29,6,Directed
1004,107,23,Directed
1004,114,6,Directed
1004,153,3,Directed
1004,175,1,Directed
1004,181,2,Directed
1004,184,5,Directed
1004,189,39,Directed
1004,208,12,Directed
1004,222,1,Directed
1004,236,25,Directed
1004,249,8,Directed
1004,275,4,Directed
1004,283,2,Directed
1004,320,16,Directed
1004,334,1,Directed
1004,335,5,Directed
1004,381,1,Directed
1004,393,3,Directed
1004,407,3,Directed
1004,410,1,Directed
1004,423,6,Directed
1004,442,2,Directed
1004,464,1,Directed
1004,468,1,Directed
1004,470,2,Directed
1004,473,7,Directed
1004,506,10,Directed
1004,509,3,Directed
1004,540,3,Directed
1004,595,5,Directed
1004,607,2,Directed
1004,639,3,Directed
1004,643,5,Directed
1004,652,2,Directed
1004,670,3,Directed
1004,682,2,Directed
1004,693,3,Directed
1004,716,7,Directed
1004,718,1,Directed
1004,724,32,Directed
1004,810,2,Directed
1004,815,3,Directed
1004,849,1,Directed
1004,883,3,Directed
1004,911,6,Directed
1004,921,11,Directed
1004,922,1,Directed
1004,928,2,Directed
1004,969,2,Directed
1004,977,100,Directed
1004,980,1,Directed
