Id,in_degree,out_degree,degree,weighted_in_degree,weighted_out_degree,weighted_degree,eccentricity,closeness,harmonic_closeness,betweenness,hub,authority,pagerank,eigenvector,clustering_directed,clustering_undirected,wcc,scc,louvain_community,greedy_modularity_community,label_propagation_community
0,43,54,97,601,943,1544,4,0.35978211553961364,0.3884940778341784,0.0025085130367316585,3.930536198131359e-06,5.981683362467094e-06,0.0013777487480975325,0.028370124953547217,0.2655911650064963,0.304500292226768,0,0,3,2,0
1,15,10,25,83,34,117,5,0.2839442256250395,0.3025042301184437,3.198863042675793e-05,1.0355374620385908e-06,4.731002472692909e-08,0.0006018313689825216,0.00408648895882456,0.535958904109589,0.625,0,0,7,1,1
2,123,155,278,903,889,1792,4,0.41548608606942633,0.4580372250423004,0.028036422032756192,5.051399654294758e-05,5.828875559325084e-05,0.0037780386665173245,0.08008739451120656,0.1021123092149815,0.10700197238658778,0,0,1,3,0
3,2,0,2,4,0,4,0,0.26629410095532363,0.27793570219966285,0.0,-0.0,1.9139802828458957e-07,0.0001952124189445817,0.001281355710772264,1.0,1.0,0,72,8,4,0
4,31,39,70,333,166,499,4,0.36206644643192865,0.3858714043993226,0.004949098678583301,4.992239511056673e-06,7.065485351994998e-06,0.0020784296317112095,0.026036024070906712,0.26556623485165065,0.30407801418439717,0,0,2,0,0
5,49,35,84,530,293,823,5,0.369296051676387,0.3983079526226725,0.001064012537870994,1.2811206299442707e-06,1.9241999263533567e-05,0.001847793119198831,0.03887046443573736,0.2852591949029829,0.32862745098039214,0,0,5,1,0
6,39,0,39,638,0,638,0,0.3572779187817259,0.3847715736040601,0.0,-0.0,6.154022077091884e-06,0.0014032507065832665,0.036072454196444705,0.38124156545209176,0.4426450742240216,0,1,3,2,0
7,4,4,8,39,29,68,5,0.2797651609796996,0.29318104906937464,2.84841993416382e-05,9.916471220498166e-07,1.316073595891732e-07,0.0003222844635634652,0.00188561611871514,0.16,0.2,0,0,5,1,0
8,23,0,23,128,0,128,0,0.34575282462747664,0.36895093062605655,0.0,-0.0,1.7354990274232237e-06,0.00064813196331468,0.025472511738095276,0.4051383399209486,0.4901185770750988,0,4,2,2,0
9,1,0,1,1,0,1,0,0.26182198628279146,0.2716920473773282,0.0,-0.0,4.688533907684093e-08,0.0001891690592119538,0.0010119089468882347,0.0,0.0,0,5,1,3,0
10,4,2,6,14,2,16,5,0.26973022615543757,0.2828595600676829,7.369544326335213e-08,2.6143309962647062e-09,1.6143754290158518e-08,0.0002518501096739322,0.0017634545877889198,0.8214285714285714,0.9,0,0,5,1,0
11,5,13,18,8,41,49,4,0.30467746382740213,0.32020304568527924,0.0009046708152629695,2.0759274773896647e-06,1.5326843993908078e-07,0.00020010728606609268,0.007119781407790994,0.46621621621621623,0.44871794871794873,0,0,2,0,0
12,9,8,17,45,20,65,5,0.2964928872427839,0.3126395939086292,3.2468561117270054e-05,5.709857763803656e-08,2.1709416305617401e-07,0.00039667234837518605,0.004907839072121302,0.5697674418604651,0.4888888888888889,0,0,0,10,0
13,35,26,61,327,153,480,5,0.3580876942733361,0.38392554991539685,0.0005990697482904692,2.4088483694924088e-06,3.1258670730266276e-06,0.0010205005283360155,0.029298399520165684,0.380873410724157,0.45,0,0,5,1,0
14,44,53,97,1060,1342,2402,4,0.35146665832375207,0.381218274111674,0.0019044587368215282,3.571296742631873e-06,4.7009151826903975e-06,0.003162548866670488,0.025509030051055783,0.32102641836292767,0.3389830508474576,0,0,5,1,0
15,13,12,25,333,728,1061,4,0.32477721108511876,0.3447546531302867,0.0011550129148278454,3.342430397841372e-06,9.302328528749692e-07,0.0015558598838641728,0.00868337040822385,0.2611683848797251,0.25833333333333336,0,0,0,10,0
16,49,44,93,275,248,523,4,0.3696950749629093,0.3989001692047367,0.0020523137502612256,3.8379705900087284e-06,2.763136742267482e-06,0.0011557794693830474,0.03604402871838097,0.28097032501177577,0.307103825136612,0,0,3,2,0
17,14,11,25,218,108,326,5,0.3114727281549136,0.3310490693739422,6.372414746315108e-05,3.6018667012897933e-06,5.68507118728247e-06,0.0005826826025002555,0.010187096646810405,0.6404109589041096,0.6617647058823529,0,0,12,4,0
18,4,1,5,12,4,16,6,0.24535876075881866,0.25659898477157506,7.645625267589943e-07,7.340541235192496e-11,7.650294429485113e-10,0.00037874201574965527,0.0003519328819298424,0.3333333333333333,0.3333333333333333,0,0,3,2,0
19,18,8,26,88,27,115,4,0.32757567436876267,0.3492385786802019,2.037080208773934e-05,3.4397515142777565e-07,4.645731448153622e-07,0.0004589674207338242,0.014552955717333022,0.5078864353312302,0.49673202614379086,0,0,3,2,0
20,1,0,1,1,0,1,0,0.2452533443192398,0.25399323181049244,0.0,-0.0,2.3526156435474887e-08,0.0001900098423894146,0.00044796015812206233,0.0,0.0,0,86,1,3,0
21,3,0,3,5,0,5,0,0.2716727144795698,0.284128595600678,0.0,-0.0,1.9593076112180134e-07,0.00020155967039830108,0.0017782444199552468,0.5,0.6666666666666666,0,25,8,7,0
22,1,1,2,9,4,13,5,0.2526044975106479,0.26155668358714235,0.0,5.865395784678751e-09,4.302848618309575e-08,0.00021677608417334024,0.0005089993953679798,0.0,0.0,0,0,7,1,1
23,0,1,1,0,1,1,5,0.0,0.0,0.0,8.119363144327695e-08,-0.0,0.00018716917629273057,2.4109404053634617e-34,0.0,0.0,0,163,1,3,0
24,67,68,135,1531,938,2469,4,0.37890674626597187,0.412605752961082,0.0023396741120333083,3.9164290848929054e-05,6.465427297051235e-05,0.0027006689351328416,0.05885859990020602,0.2997441886330775,0.3216049382716049,0,0,8,7,0
25,22,22,44,284,138,422,5,0.3271059195776029,0.3503384094754643,0.00016423987308785212,7.833688215494685e-07,1.1286067674726084e-06,0.0009202123838298621,0.013117052500500303,0.6318622174381054,0.6125356125356125,0,0,9,8,0
26,7,2,9,18,4,22,5,0.28885841441804355,0.30416243654822356,1.5701583275298442e-06,1.2542110776448452e-06,5.438373577098636e-05,0.00023267512179964866,0.005190039932725221,0.8,0.8928571428571429,0,0,2,0,0
27,3,0,3,15,0,15,0,0.2616222746227741,0.27235194585448547,0.0,-0.0,1.5973728248222262e-07,0.00021250986867711266,0.001348505115694184,1.0,1.0,0,8,6,9,0
28,16,5,21,378,21,399,5,0.2994772795432583,0.3189678510998305,3.8061667559881045e-05,6.399210377545545e-07,8.752925464907354e-05,0.0004872830896852532,0.00791808216255748,0.6043689320388349,0.625,0,0,10,6,0
29,43,65,108,375,260,635,4,0.35200904514215287,0.38172588832487236,0.0024696572488173314,8.769081525221886e-07,2.046378041768125e-06,0.0015870745201882264,0.02524903102762854,0.22918843608498782,0.24843505477308295,0,0,5,1,0
30,47,47,94,791,482,1273,4,0.35529884930235994,0.38587140439932216,0.0015804302578122577,5.0132545768669726e-05,6.34834346021627e-05,0.0017102309290524525,0.036984304926343,0.42136258660508086,0.43831640058055155,0,0,1,3,0
31,46,36,82,1082,566,1648,4,0.36264206876329896,0.39196277495769777,0.0008695091421639029,1.7789819563040485e-05,1.496323078911473e-05,0.0018010333352335868,0.03292099369920731,0.3524939172749392,0.41241496598639454,0,0,12,4,0
32,72,92,164,614,719,1333,4,0.39103176214648294,0.4236040609137048,0.0048692086856966165,1.4742566900437167e-05,1.3388593155379887e-05,0.0022704158548927434,0.06864026885761444,0.2375638713555756,0.23378256963162625,0,0,3,2,0
33,0,5,5,0,9,9,5,0.0,0.0,0.0,2.896737836984914e-07,-0.0,0.00018716917629273057,2.4109404053634617e-34,0.1,0.2,0,164,10,6,0
34,6,6,12,38,54,92,5,0.2857225819441942,0.2997631133671747,0.0009989403581376509,3.1904827176913907e-07,5.406486443837935e-07,0.00046555591571321346,0.0036746053132588733,0.45161290322580644,0.42857142857142855,0,0,2,0,0
35,32,15,47,495,39,534,5,0.3243154425385522,0.35177664974619216,0.0001273105523266083,6.030850835224845e-07,3.197643934581097e-06,0.0010324280047223858,0.0209236012459931,0.4288389513108614,0.48128342245989303,0,0,8,4,0
36,1,0,1,1,0,1,0,0.2867782625672716,0.29820642978003437,0.0,-0.0,3.44516889956301e-08,0.00018869664981810468,0.0022045058903268143,0.0,0.0,0,161,2,0,0
37,8,9,17,63,28,91,5,0.2776087560877668,0.2930795262267349,7.10241030735523e-07,3.923794095886395e-06,5.2311417801777635e-06,0.0003004271744199879,0.005496990353813113,0.9375,0.9722222222222222,0,0,1,3,0
38,40,43,83,255,397,652,5,0.37393747746248374,0.3991539763113358,0.002684035951963202,8.993915213718018e-06,6.296322526913066e-05,0.0011536689651599542,0.03588302650048452,0.31969157769869516,0.3378582202111614,0,0,7,0,0
39,6,0,6,24,0,24,0,0.30858011878583613,0.3249069373942469,0.0,-0.0,5.809204019227523e-07,0.0002392110760433824,0.008174068645310865,0.8666666666666667,0.9333333333333333,0,18,2,0,0
40,60,64,124,677,1011,1688,4,0.37619878161426346,0.40812182741116654,0.0031907668547261608,0.009587123580768716,0.0008560326142377152,0.0023509649931609208,0.05977201240427867,0.3005143761540491,0.3541139240506329,0,0,2,0,0
41,17,14,31,360,268,628,5,0.2882500352806846,0.3067343485617598,4.685974933395172e-05,2.774261781426826e-07,2.046564070325648e-07,0.0014522368665771967,0.004957085497023491,0.7384105960264901,0.7602339181286549,0,0,9,8,0
42,33,27,60,126,131,257,5,0.3463084938038184,0.37301184433164014,0.0007794338573268845,2.7013575853780523e-06,1.1459390352537683e-06,0.0008877826897837732,0.01865842353820172,0.4220630372492837,0.4470588235294118,0,0,7,1,1
43,1,0,1,4,0,4,0,0.2498083044650086,0.26045685279187997,0.0,-0.0,2.5601796452154604e-07,0.00019377507824224329,0.0007051406586100415,0.0,0.0,0,10,1,3,0
44,1,0,1,3,0,3,0,0.26033153854304125,0.2705076142131995,0.0,-0.0,1.648162343745693e-08,0.000199797766730212,0.0009449605551394097,0.0,0.0,0,3,9,8,0
45,12,3,15,225,5,230,5,0.30713895141667197,0.3260744500846022,4.827296264175519e-05,4.798159333400895e-07,5.79793512594361e-06,0.0005390835074850865,0.0071931443217546475,0.6470588235294118,0.6818181818181818,0,0,1,3,0
46,27,16,43,140,50,190,5,0.2944516281223516,0.3190524534686969,0.00026705655394287795,1.3719343956736945e-06,8.328375766054563e-08,0.001030548762548279,0.005870960541938111,0.31179775280898875,0.4298850574712644,0,0,7,1,1
47,0,1,1,0,1,1,6,0.0,0.0,0.0,1.1652924920999309e-07,-0.0,0.00018716917629273057,2.4109404053634617e-34,0.0,0.0,0,165,2,0,0
48,35,29,64,454,687,1141,5,0.3484244316478336,0.3753807106598976,0.0010823291772503773,2.6512838110644323e-06,1.5735844758979165e-06,0.0015907799423137284,0.02185539317175913,0.37537688442211053,0.37980085348506404,0,0,9,8,0
49,1,1,2,9,2,11,5,0.2582285221722057,0.26680203045685447,0.0,2.732681851316875e-08,7.39094525482606e-08,0.00020584491038520006,0.0009502738793609691,0.0,0.0,0,0,2,0,0
50,11,3,14,130,134,264,6,0.2785126511014836,0.29482233502538163,1.002223448299374e-05,1.9116936666960475e-09,1.622020670072296e-08,0.0008608716005651728,0.002263867623378362,0.3202247191011236,0.30303030303030304,0,0,7,1,1
51,0,1,1,0,1,1,6,0.0,0.0,0.0,1.1406491845118182e-09,-0.0,0.00018716917629273057,2.4109404053634617e-34,0.0,0.0,0,166,8,0,0
52,37,51,88,615,697,1312,4,0.34011211916319345,0.3687309644670043,0.001662253402000377,0.0001030857448782976,0.00011348081677318533,0.0012732404281866054,0.030114101036520173,0.4326568265682657,0.4129979035639413,0,0,1,3,0
53,98,119,217,569,358,927,4,0.41000933718175264,0.4456006768189504,0.00633199993946129,1.6643637390208772e-05,2.5956787232135972e-05,0.0018288566561688326,0.0844447757995699,0.21125524445586094,0.2430403503284329,0,0,2,0,0
54,2,1,3,2,1,3,6,0.24509512312190013,0.2535363790186142,2.223784319323933e-06,2.0365637648555688e-11,1.265695746387445e-09,0.00031326316338191806,0.00034558467117038204,0.0,0.0,0,0,2,0,0
55,6,23,29,8,37,45,5,0.29843243949251863,0.31362098138747874,0.0010234124775740981,7.234589156397391e-07,2.6591701747641266e-08,0.00023465964435718113,0.0033869402781364585,0.25497512437810943,0.30666666666666664,0,0,3,2,0
56,46,47,93,611,216,827,4,0.369296051676387,0.39729272419627665,0.0013064513915342654,2.1413506474715875e-05,0.00011028980560236856,0.0010714209198234605,0.04276221708707576,0.2858992467043315,0.32462877624167946,0,0,10,6,0
57,1,1,2,1,1,2,5,0.2773836983203669,0.2885279187817266,0.0,1.982815854944777e-08,1.8699820746270296e-08,0.0001907818516593296,0.0012989159788447235,0.0,0.0,0,0,1,3,0
58,14,12,26,174,153,327,4,0.3438721526413795,0.3638747884940771,0.00017910591131802168,2.0553023670690284e-06,9.024744144105704e-05,0.0007288234500069033,0.013592007656350042,0.24921135646687698,0.27450980392156865,0,0,2,0,0
59,2,3,5,2,4,6,5,0.25842355882037205,0.26790186125211685,2.805940543657634e-07,1.1290491269376499e-07,3.776037185336469e-09,0.00019787356685749442,0.0008135264754342927,0.45,0.6,0,0,3,2,0
60,10,6,16,38,26,64,5,0.28764421343267976,0.30362098138747895,3.89409411537433e-06,0.0012979172926111968,0.0001398900899973668,0.00031386210967580266,0.00578390116440623,0.8043478260869565,0.8545454545454545,0,0,2,0,0
61,142,158,300,1589,2293,3882,4,0.42662442877577633,0.4717428087986458,0.015538381034322127,0.00014872920659785894,0.000463294766030821,0.004224676391903773,0.12583492888210376,0.18173788600433802,0.20275197798417613,0,0,3,2,0
62,42,39,81,1008,954,1962,5,0.3547462849955133,0.38341793570219906,0.0013448962097487502,2.494228126780714e-05,1.2440233084107387e-05,0.003100670016551729,0.03797592407181769,0.3583905177791641,0.3829787234042553,0,0,4,5,0
63,1,0,1,1,0,1,0,0.23951592320562629,0.24654822335025525,0.0,-0.0,5.532486358993132e-10,0.00019362339955803862,0.00027955971554957166,0.0,0.0,0,15,2,0,0
64,8,17,25,35,38,73,5,0.28079835197223846,0.29563451776649824,5.59482583243613e-05,1.8614430513001876e-07,5.3895451934856985e-08,0.00035678833799677925,0.003562239507025018,0.4847457627118644,0.5263157894736842,0,0,7,0,1
65,100,107,207,567,416,983,4,0.41297862628626747,0.44822335025380644,0.004439083477925699,1.764260192533528e-05,3.0621804342677644e-05,0.0017580876943272834,0.10469716589497603,0.27396034474638536,0.3288705312633528,0,0,2,0,0
66,11,13,24,147,275,422,4,0.3070011591549328,0.3255668358714042,0.0016656692618979949,1.9438851493291155e-05,4.720750636602016e-06,0.00043175445118080454,0.007078342676491478,0.5207547169811321,0.5769230769230769,0,0,1,3,0
67,13,17,30,1434,1937,3371,4,0.29987098324116795,0.3192216582064297,0.00010915213140470579,1.7257129237243138e-05,3.936812237684602e-06,0.0019832222762275593,0.007633883695693085,0.27058823529411763,0.3368421052631579,0,0,12,4,0
68,22,1,23,378,1,379,5,0.34439133555930806,0.36734348561759644,3.36728726371674e-05,4.0787032274063815e-09,8.459820443761074e-05,0.00042900016530043026,0.01862314672878163,0.3194444444444444,0.38961038961038963,0,0,10,6,0
69,8,18,26,29,81,110,5,0.2780599690192382,0.2927749576988162,2.1813442524000353e-05,2.94409724944732e-07,2.98513079244926e-08,0.0003247948627238902,0.0030348179382852425,0.5094637223974764,0.5490196078431373,0,0,7,1,1
70,52,55,107,371,204,575,4,0.36731378623529,0.3980541455160733,0.00299582892471797,4.335460830844041e-06,1.0070418651024489e-05,0.0014397798635451273,0.04490463646322074,0.2761101243339254,0.29277389277389276,0,0,7,0,0
71,4,0,4,125,0,125,0,0.29981363813851125,0.3143316412859559,0.0,-0.0,1.4240078300813504e-06,0.0006935984872293009,0.003230384555003198,0.8333333333333334,0.8333333333333334,0,13,3,2,0
72,16,18,34,95,91,186,4,0.3456088806850228,0.3662436548223343,0.0023494365533900502,6.832364985771219e-06,3.0926262786170644e-06,0.0006820173526801352,0.022086465196190903,0.5063868613138686,0.5666666666666667,0,0,2,0,0
73,28,30,58,132,209,341,4,0.32508578800776494,0.35050761421319715,0.0011079031344364016,4.328522284433712e-07,2.5401741848363204e-07,0.0007125896493352693,0.010323522474646425,0.43765356265356264,0.42424242424242425,0,0,9,8,0
74,43,42,85,859,1116,1975,4,0.34701094510970854,0.3769035532994915,0.0010619345746696904,0.00020098526537246572,0.0003559701878395642,0.0019294868595281782,0.032026937621823556,0.46687429218573046,0.482886216466235,0,0,1,3,0
75,114,118,232,872,866,1738,4,0.4205934749578028,0.4581218274111671,0.006960647169867515,2.6314424296959125e-05,4.6349688964666364e-05,0.0019466249343854476,0.10628589146968424,0.2311292496630223,0.2608780108780109,0,0,2,0,0
76,8,13,21,55,53,108,5,0.3018551317848898,0.3192724196277495,0.00013940680013090116,1.56452334190882e-06,4.992211481988684e-07,0.0003791259777174565,0.0037822945008645563,0.12990196078431374,0.20952380952380953,0,0,7,1,0
77,41,33,74,870,666,1536,5,0.3466593636050381,0.375719120135363,0.0004564660228605249,9.70772244350862e-05,0.00015628655884457904,0.0017276737542131309,0.03076199013579961,0.4706102583302134,0.48520084566596194,0,0,1,3,0
78,39,25,64,490,85,575,4,0.3512862339611628,0.3795262267343475,0.0008877284402677443,5.214772440296752e-07,5.32759497709943e-06,0.001227803157350469,0.022602615211051887,0.30892678034102306,0.3681765389082462,0,0,3,2,0
79,0,1,1,0,43,43,5,0.0,0.0,0.0,4.1921649745390306e-07,-0.0,0.00018716917629273057,2.4109404053634617e-34,0.0,0.0,0,167,2,0,0
80,1,0,1,1,0,1,0,0.26639751614016066,0.27788494077834314,0.0,-0.0,1.5310723146346206e-07,0.00018959700348554487,0.0011819913391571842,0.0,0.0,0,12,1,3,0
81,0,1,1,0,2,2,5,0.0,0.0,0.0,4.806949894959812e-09,-0.0,0.00018716917629273057,2.4109404053634617e-34,0.0,0.0,0,168,2,0,0
82,25,13,38,292,59,351,4,0.3463084938038184,0.36971235194585345,0.001209957734005394,3.357504594457874e-06,5.650834547851024e-06,0.0009574458355284081,0.020168890025266187,0.33670520231213874,0.358974358974359,0,0,2,0,0
83,26,23,49,204,88,292,5,0.33527956088012995,0.359729272419627,0.00021713454973297386,1.5885162888977905e-06,3.2809201249018004e-06,0.0008661539971575079,0.02083809577311935,0.347114556416882,0.41889483065953653,0,0,2,0,0
84,15,16,31,44,45,89,5,0.3056300061439684,0.32583756345177595,6.274403093843605e-05,3.559970635503258e-07,9.147801580098085e-08,0.0005324403886070909,0.008937327821660795,0.5077092511013216,0.5263157894736842,0,0,7,0,1
85,1,1,2,6,1,7,6,0.24518293936092625,0.2543993231810507,0.0,1.8582978949370986e-09,1.0385888344956186e-08,0.0002089380757170013,0.0004892075381784958,1.0,1.0,0,0,9,8,0
86,18,7,25,527,227,754,5,0.3277325592702803,0.34983079526226674,2.7840309874288536e-05,2.6701217761801085e-05,7.409334427574959e-05,0.0017920192137314112,0.014191820020320982,0.4334470989761092,0.5490196078431373,0,0,2,0,0
87,2,0,2,11,0,11,0,0.3007337150639692,0.3149238578680203,0.0,-0.0,2.0730848645575495e-07,0.00021428950239293985,0.00325025974110343,1.0,1.0,0,9,8,7,0
88,10,9,19,52,50,102,5,0.275818453751046,0.2916243654822342,1.977001310628562e-05,2.3728845947949035e-08,2.0958551988516584e-08,0.0005923491227434792,0.002770895075603509,0.5493827160493827,0.6444444444444445,0,0,7,1,1
89,6,5,11,53,17,70,5,0.3089415728019617,0.3256683587140434,1.2436511470906677e-06,1.1024255593098708e-06,2.6326748592389194e-06,0.00028050985677030875,0.009108971171220767,0.7596153846153846,0.7142857142857143,0,0,3,2,0
90,211,333,544,1127,2361,3488,4,0.4583426548937342,0.5134517766497458,0.07493138648042155,0.00042992301361764306,0.00041151344590821873,0.0036529960306413136,0.14898280987275184,0.08564241984582738,0.09351196494775868,0,0,2,0,0
91,85,123,208,237,254,491,4,0.40041286352038924,0.4346869712351939,0.01339465788120485,8.016550647925231e-06,0.0010168309721134004,0.000929306823769666,0.061130582132989456,0.12401638962611165,0.14429201371876532,0,0,7,0,0
92,28,19,47,356,174,530,5,0.31418989153183896,0.3400169204737726,0.0001094257930525627,2.5706741397075005e-06,7.96502784032411e-06,0.0008531693586145174,0.01823076629491703,0.5574387947269304,0.6481481481481481,0,0,12,4,0
93,4,3,7,5,6,11,5,0.30590325603770463,0.32098138747884924,1.5580978463165746e-05,3.6493325977410144e-07,2.8794416870283565e-07,0.00020478285820721642,0.004181869446116904,0.23684210526315788,0.4,0,0,2,0,0
94,1,0,1,1,0,1,0,0.2498083044650086,0.26045685279187997,0.0,-0.0,6.400449113038651e-08,0.00018882065178010875,0.0007051406586100415,0.0,0.0,0,11,1,3,0
95,24,19,43,371,51,422,4,0.3379286833364668,0.36175972927241873,0.00014100434797053302,7.577923142234049e-06,8.766651307940237e-05,0.0004792627563898064,0.01780788463556529,0.3716216216216216,0.4576719576719577,0,0,10,6,0
96,19,17,36,213,124,337,5,0.3321871765807501,0.3544839255499147,0.00047705747898601515,2.3058874448300966e-07,3.367567874461135e-07,0.002205790222521818,0.010470454488025884,0.39384116693679094,0.391304347826087,0,0,7,1,1
97,8,7,15,29,15,44,5,0.30279008130811735,0.31910321489001664,5.7596032329053174e-05,3.9357057752362886e-07,5.983593134994869e-08,0.000366625945309933,0.004287110635125881,0.21,0.24444444444444444,0,0,7,0,1
98,18,18,36,1416,4531,5947,4,0.3150578194089987,0.3370389170896781,0.00017842256769486602,1.907980314197877e-05,1.2476429258465018e-05,0.002188508175082649,0.010873329735132425,0.34764991896272285,0.4268774703557312,0,0,12,5,0
99,18,26,44,216,72,288,4,0.3057665700430497,0.3267174280879856,0.00015171236627887792,3.603003540778675e-07,2.0257592407208662e-06,0.0006927369772411728,0.009329078382488505,0.5069967707212056,0.5726495726495726,0,0,3,2,0
100,0,1,1,0,1,1,6,0.0,0.0,0.0,1.0142158380142402e-07,-0.0,0.00018716917629273057,2.4109404053634617e-34,0.0,0.0,0,169,1,3,0
101,24,31,55,609,169,778,4,0.34078963334479345,0.36446700507614105,0.0016811803294116707,1.709031869310679e-06,2.8505921810137035e-06,0.0017736697776585327,0.016859038607684083,0.34938524590163933,0.35650623885918004,0,0,3,2,0
102,22,14,36,76,36,112,5,0.3078297722700608,0.3302368866328248,0.00020594785272326437,1.28535277937307e-07,1.2986562475569182e-07,0.0005700401047537035,0.008557833521189658,0.44041867954911434,0.4444444444444444,0,0,7,1,1
103,26,34,60,496,527,1023,5,0.3372624858335856,0.3620981387478838,0.0007459388660713967,4.122058339847408e-06,2.41094094439413e-06,0.001632834962045476,0.011960677851786141,0.41609392898052694,0.4587301587301587,0,0,7,1,1
104,36,44,80,994,912,1906,5,0.33429681668605044,0.3621827411167504,0.00046743214280746046,6.684299259541502e-05,4.116631390744689e-05,0.002204426899971179,0.02547595587753086,0.5110364683301344,0.5333333333333333,0,0,1,3,0
105,13,26,39,427,528,955,4,0.3134702628292923,0.3328087986463617,0.0004328730313486974,0.0013193343740063599,1.4701200568455013e-06,0.0012073428641826676,0.006338042785029339,0.2,0.26455026455026454,0,0,5,1,0
106,35,44,79,129,240,369,5,0.320367782657465,0.3485109983079515,0.0014620926183639604,5.539674776733404e-07,1.3608330433352934e-07,0.0010107337177273975,0.011017021474960705,0.31053149606299213,0.357487922705314,0,0,7,1,1
107,67,69,136,1636,1985,3621,4,0.37682025537243674,0.4108291032148893,0.005921415631772642,6.421975724334361e-06,1.898181037952797e-05,0.00408489124849687,0.049227299005234454,0.21638356164383563,0.26450617283950617,0,0,5,5,0
108,1,1,2,1,1,2,5,0.2238487352817616,0.22972927241962846,1.0402629511884748e-06,1.0520225309752207e-09,1.9942259698764281e-10,0.00019532583971843605,5.678368141324977e-05,0.0,0.0,0,0,2,0,0
109,11,9,20,49,22,71,5,0.2973948647354825,0.3145346869712347,3.987155815861063e-05,8.458893645364416e-07,3.877819540536479e-06,0.00031237130445864686,0.008118261668324734,0.5966850828729282,0.6545454545454545,0,0,1,3,0
110,4,5,9,12,38,50,5,0.2718734937450716,0.2842808798646373,0.0,3.0624483871753498e-06,5.097002159986129e-07,0.0002216076236932691,0.002752398261187301,1.0,1.0,0,0,1,3,0
111,27,24,51,163,91,254,4,0.3211194668026021,0.34585448392554896,0.0002258335447784019,1.5064184432046045e-05,0.00019040850282808468,0.00046988273338781665,0.020079935142696195,0.4996022275258552,0.4981060606060606,0,0,1,3,0
112,56,52,108,913,673,1586,4,0.37190520856323106,0.40304568527918694,0.0027262832393564643,0.00011042835786639557,8.046903104069133e-05,0.002520939158261275,0.04819779679757833,0.29778707091827844,0.29454390451832907,0,0,1,3,0
113,19,16,35,262,82,344,5,0.32648167163947767,0.34873096446700425,0.00012141850844563054,1.6042248260850947e-06,2.3310065549450408e-05,0.0007937354685328849,0.01446263355502604,0.528448275862069,0.5736842105263158,0,0,4,5,0
114,33,23,56,185,52,237,4,0.35092594038786934,0.3769035532994914,0.000509523742897533,4.865446299485288e-07,3.1724010389494617e-06,0.0008824805860587448,0.026191048165328055,0.35592105263157897,0.38412698412698415,0,0,3,2,0
115,4,0,4,5,0,5,0,0.27483759185544965,0.28822335025380813,0.0,-0.0,2.3303879168984863e-07,0.000357128125023244,0.0023688838201570313,0.0,0.0,0,27,3,2,0
116,7,7,14,12,18,30,5,0.3249314262850642,0.34272419627749523,3.973154381128462e-06,1.8133222358110465e-06,9.550783114720095e-07,0.0002110729750230151,0.010061948272004975,0.6686046511627907,0.6944444444444444,0,0,2,0,0
117,7,1,8,582,1,583,5,0.29508649579833773,0.31055837563451816,3.710405959304263e-07,1.508645409124045e-09,3.766912521892847e-06,0.0006315886918842973,0.004436086485254218,0.8703703703703703,0.9523809523809523,0,0,12,5,0
118,23,23,46,251,258,509,4,0.34824711641544287,0.37098138747884873,0.00025413810586487616,1.8467297883796578e-06,1.3291675942789617e-06,0.0008513977193800143,0.02019538519971923,0.3661417322834646,0.4188034188034188,0,0,5,1,0
119,8,10,18,168,106,274,5,0.3107654785451159,0.32741116751269006,3.808307153315327e-05,2.1381704738303753e-06,3.2122206918451145e-06,0.0006253505997474392,0.005958569458083812,0.4689655172413793,0.4444444444444444,0,0,1,3,0
120,156,221,377,1321,1980,3301,4,0.4358634291441689,0.48189509306260514,0.02548813709191734,9.306466208618059e-05,0.00019312107339893898,0.003556212925815266,0.13592343520192782,0.15377274462399795,0.17289894014031945,0,0,2,0,0
121,0,1,1,0,1,1,5,0.0,0.0,0.0,5.047609495255035e-08,-0.0,0.00018716917629273057,2.4109404053634617e-34,0.0,0.0,0,170,1,3,0
122,43,58,101,288,237,525,4,0.3647684348381371,0.3928087986463612,0.0014481586665583816,9.238991931433368e-06,1.1992155309272541e-05,0.0009861475409294464,0.03855098865321473,0.25104560844453294,0.2762128325508607,0,0,12,4,0
123,1,0,1,1,0,1,0,0.18676112280449597,0.1920908871162668,0.0,-0.0,3.3805956634694862e-12,0.00018822814119715252,8.47514947509272e-06,0.0,0.0,0,58,5,11,0
124,10,0,10,30,0,30,0,0.3156804436543551,0.3340947546531298,0.0,-0.0,6.363093567026431e-07,0.00028678602946299143,0.009152168547711117,0.8,0.8666666666666667,0,6,4,5,0
125,24,17,41,371,118,489,5,0.3241618113483397,0.3482233502538063,0.0001693671049119028,1.9198922893232336e-07,4.662865003002153e-07,0.0013625453722776535,0.008874375605926679,0.4547707558859975,0.4973544973544973,0,0,7,1,1
126,51,53,104,1051,1124,2175,4,0.3468350652591714,0.37935702199661514,0.0010002078999769015,0.00016873338995673843,0.0006798433506697075,0.0020326630686167448,0.036532828166789655,0.4214984939759036,0.4067796610169492,0,0,1,3,0
127,73,69,142,442,398,840,4,0.3818669552211748,0.4167512690355322,0.005304956722098954,9.415552145849618e-06,1.0428668260735706e-05,0.0018676115369040086,0.06992092817906786,0.2782521346057258,0.30478796169630645,0,0,3,2,0
128,0,1,1,0,1,1,6,0.0,0.0,0.0,1.0142158380142402e-07,-0.0,0.00018716917629273057,2.4109404053634617e-34,0.0,0.0,0,171,1,3,0
129,4,2,6,21,4,25,5,0.25950154863721847,0.2694416243654838,4.658044549076138e-06,4.748372206947234e-09,4.650968177793886e-08,0.0002653233459961208,0.0009584567223298769,0.6071428571428571,0.6,0,0,6,9,0
130,7,2,9,22,4,26,5,0.291193865428232,0.3053468697123521,1.3155191382619228e-06,5.5008810860679494e-08,9.942340398208728e-08,0.00035164369040074255,0.004771807225114682,0.7205882352941176,0.7142857142857143,0,0,3,2,0
131,8,0,8,34,0,34,0,0.2891962917626112,0.3060236886632826,0.0,-0.0,4.515195408788123e-07,0.0002451007711101602,0.004566683367780137,0.625,0.6428571428571429,0,16,5,1,0
132,19,16,35,98,77,175,5,0.3240083256422089,0.3461421319796946,0.0002934160072501093,2.452542322285045e-07,1.9662067107610368e-07,0.0010772802555315463,0.009696996099682128,0.300513698630137,0.42028985507246375,0,0,7,1,1
133,29,30,59,275,236,511,4,0.33926900533284343,0.3650592216582054,0.0005258934932102741,2.862828647320535e-05,3.146219496836123e-05,0.0008640909827823639,0.023175115167188166,0.5685866983372921,0.5987903225806451,0,0,1,3,0
134,51,42,93,1038,358,1396,4,0.37682025537243674,0.40524534686971164,0.0016560973853836165,6.510308022350099e-06,1.220035100094998e-05,0.0011664851133247093,0.045073044256593836,0.18569075076488586,0.20833333333333334,0,0,12,5,0
135,110,128,238,1464,3362,4826,4,0.41000933718175264,0.44983079526226677,0.013142354949245096,6.127321640261975e-05,0.0001468036120032011,0.005282740789705105,0.09488045885920339,0.2062382121632682,0.24803921568627452,0,0,2,0,0
136,46,36,82,823,492,1315,4,0.35827517474154197,0.3881556683587132,0.000884932905325317,1.4282464394811583e-05,2.5972671527687035e-05,0.0017315907678245395,0.041525544916934505,0.4209726443768997,0.42901960784313725,0,0,12,4,0
137,17,17,34,121,141,262,5,0.3302633126237187,0.3516920473773257,0.00019474209654947482,5.935867872497302e-06,1.5869535877975307e-06,0.0005737192490132718,0.014499421295198631,0.4198542805100182,0.4675324675324675,0,0,2,0,0
138,3,16,19,3,63,66,5,0.26657794458759065,0.2778003384094767,7.035696449150564e-05,3.296471812160835e-06,1.0402050391307257e-08,0.00019723275710330126,0.0010470012637707532,0.1804733727810651,0.23529411764705882,0,0,2,0,0
139,38,40,78,152,392,544,5,0.31754319431848965,0.3469035532994913,0.001388244996474329,9.02987770147735e-07,1.8256278492094002e-07,0.00125811971947593,0.010383929859991375,0.30295897780766645,0.3401360544217687,0,0,7,1,1
141,42,19,61,439,118,557,4,0.36379882177370826,0.3917089678510987,0.00023589863570263703,1.165098561465386e-06,3.648755229578784e-06,0.0014230834712221903,0.04063490683681696,0.4318432671081678,0.46511627906976744,0,0,8,4,0
142,52,54,106,849,638,1487,4,0.36379882177370826,0.39483925549915294,0.0024412874407646846,7.235836803541013e-05,3.162293868841183e-05,0.0018710276719357698,0.03982669844828319,0.3539478449837016,0.3865847414234511,0,0,12,4,0
143,34,34,68,222,165,387,4,0.3649629780033841,0.3895939086294405,0.001268794660632257,2.714828411767674e-06,2.2555222579556133e-06,0.0012026453347078476,0.034579649841431324,0.28907637655417406,0.3240418118466899,0,0,2,2,0
144,7,3,10,27,12,39,5,0.3123256886154017,0.3296108291032144,2.1594652546467545e-05,4.251127557195747e-07,1.29490789585109e-06,0.000262658426404904,0.005619682909256676,0.29069767441860467,0.39285714285714285,0,0,2,2,0
145,1,0,1,1,0,1,0,0.24569255159774847,0.254348561759731,0.0,-0.0,3.428290717155307e-09,0.0001912358116885786,0.0004693770973691549,0.0,0.0,0,22,3,2,0
146,1,1,2,7,8,15,6,0.24361181337000543,0.2516243654822352,0.0,1.4888221536864413e-07,5.464611776836906e-09,0.0002612426533757048,0.0004161236306744854,0.0,0.0,0,0,2,0,0
147,60,76,136,619,1696,2315,4,0.3747566176102657,0.4067681895093054,0.00564673871369281,3.481811638609211e-05,2.4648947519199527e-05,0.0023512404746367736,0.05443387233344732,0.2737782160859084,0.31285757302017464,0,0,6,9,0
148,3,0,3,7,0,7,0,0.2642425285288574,0.27504230118443457,0.0,-0.0,3.751680300572838e-09,0.00025532925359978244,0.0014494269222264818,0.16666666666666666,0.3333333333333333,0,2,8,7,0
149,38,26,64,247,125,372,4,0.35309885642742267,0.38087986463620893,0.0010985371959531527,8.560045779825282e-07,1.682149780668309e-06,0.0012213404750047823,0.02354081447360425,0.3097744360902256,0.3289036544850498,0,0,3,2,0
150,31,38,69,168,138,306,4,0.36035049170950245,0.38497461928933935,0.0006149128149952203,3.963435324264289e-06,3.9584440830224125e-06,0.0005454724011303957,0.03400211378874551,0.39190353143841516,0.4353535353535353,0,0,12,5,0
151,23,24,47,229,133,362,4,0.34543441885731707,0.3684433164128589,0.0002554179064725694,2.93172081407775e-06,1.952632411997047e-06,0.0005294249810671805,0.0263895378623457,0.38862781954887216,0.4413793103448276,0,0,2,0,0
152,18,8,26,198,163,361,4,0.31710175336253255,0.3391201353637896,7.29750337388805e-05,9.182345403654722e-06,6.454468388828054e-06,0.0008425743253284647,0.011738358382893761,0.3391167192429022,0.42483660130718953,0,0,2,0,0
153,17,42,59,463,405,868,4,0.3369303711257239,0.3585786802030449,0.0013025724547855297,1.549054638698818e-05,6.912568615465498e-06,0.0007994489384383018,0.01004606355261462,0.16391509433962265,0.18921775898520085,0,0,5,1,0
154,12,4,16,37,5,42,5,0.2886147548529503,0.30631133671742833,2.1755873460871815e-05,4.497630106830558e-08,3.0820431534304256e-08,0.00035950267087388155,0.0038867084013830787,0.5818965517241379,0.696969696969697,0,0,7,1,1
155,3,3,6,16,4,20,5,0.2559108391011014,0.2666328257191217,0.0010149031990116936,6.153088320636728e-08,5.986878067557269e-08,0.0005279609242093227,0.0011388575995991265,0.3333333333333333,0.3333333333333333,0,0,2,0,0
157,75,63,138,679,499,1178,4,0.39014001354409644,0.42377326565143747,0.002167956051419276,2.4700269065682184e-05,0.0002386144844561919,0.0021242550514024745,0.07652933326063016,0.33507073715562175,0.37400820793433653,0,0,6,9,0
158,6,18,24,13,32,45,5,0.2936933835864142,0.3108798646362096,0.00011469737815309123,1.8266303231789955e-07,9.564572427315154e-08,0.00023633897948561227,0.003762025629341362,0.16605166051660517,0.15204678362573099,0,0,5,1,0
159,178,189,367,1657,1520,3177,4,0.44522158995207883,0.49475465313028716,0.025466321503591394,8.790859541299087e-05,0.0002245784171032266,0.004521494862079411,0.13989892912346516,0.1372298829990449,0.15203369751217585,0,0,2,0,0
160,51,47,98,909,435,1344,4,0.364379970051302,0.395093062605752,0.000977411498237651,1.3008129392216407e-05,0.00013263521964950782,0.0013224178326134318,0.051418764995078636,0.3616412213740458,0.35081967213114756,0,0,8,7,0
161,33,33,66,187,165,352,5,0.3590270638805588,0.3839255499153969,0.0004645252272212647,1.9940973320302518e-05,8.73980689250074e-05,0.0007122995197249559,0.03188682824577571,0.31158737635421574,0.3456659619450317,0,0,2,0,0
162,1,1,2,1,1,2,5,0.21438144854522093,0.21952622673434885,0.0009935619660765135,6.457835264296229e-08,5.653849101698296e-23,0.000358980975462304,5.029207685901052e-05,0.5,1.0,0,0,3,2,0
163,12,13,25,72,45,117,5,0.3054935641769398,0.3240101522842637,0.00010985361851936185,3.3555751322140933e-07,2.341354542840488e-07,0.0004747011763485236,0.006403958234529427,0.5137931034482759,0.5142857142857142,0,0,4,5,0
164,28,37,65,200,268,468,5,0.32679349749586684,0.35262267343485537,0.0014502145404773404,3.322569843893134e-07,5.634750390883407e-07,0.0013778172011826523,0.010972826368642542,0.3788321167883212,0.41410256410256413,0,0,7,1,1
165,45,50,95,1739,2362,4101,4,0.3365989098653936,0.3681895093062594,0.001992469309461545,1.868841058068162e-05,0.00010554071087729366,0.0029681369035003775,0.02640215305926647,0.29026428732776144,0.3283208020050125,0,0,12,4,0
166,67,75,142,1009,966,1975,4,0.38059264947516414,0.4139593908629433,0.00438251171814477,0.00012665179459078445,0.0008640855463087447,0.0022749941574507736,0.062391401297840876,0.3051928485335476,0.31275060144346434,0,0,1,3,0
167,52,43,95,807,319,1126,4,0.3721074408680507,0.40194585448392467,0.0017225721411758585,3.237741295031013e-06,5.718630504346231e-06,0.002353606477486821,0.047751465631232004,0.36548452676756266,0.41228070175438597,0,0,8,4,0
168,76,83,159,4710,5664,10374,4,0.37455149630889173,0.41209813874788387,0.006036381648364738,0.0007456944953029001,0.0008324357870413532,0.008026848397996264,0.05434567094225615,0.2909163665466186,0.2978027115474521,0,0,1,3,0
169,14,16,30,159,62,221,5,0.32354873936470224,0.3435702199661583,0.00027476781179553485,2.2474041802481737e-06,1.0800551269913353e-06,0.0007313889089733611,0.008382294821670926,0.26588235294117646,0.33157894736842103,0,0,3,2,0
170,28,30,58,372,243,615,4,0.36035049170950245,0.38341793570219873,0.000560621208604867,1.397559597042807e-05,1.3486862356691562e-05,0.0011311190117825078,0.02568703459193751,0.34957107843137253,0.37237237237237236,0,0,10,6,0
171,22,16,38,302,131,433,5,0.32648167163947767,0.3495769881556675,0.0005333778283629774,2.512012131823034e-06,2.231918211779279e-06,0.0017427157344665981,0.013836525113885237,0.5043604651162791,0.525691699604743,0,0,6,9,0
172,1,0,1,1,0,1,0,0.25596030002272896,0.2650761421319816,0.0,-0.0,2.0623151006490436e-09,0.00019062224768060757,0.00056657116510445,0.0,0.0,0,149,7,0,0
173,29,23,52,365,241,606,4,0.3396057487624542,0.3651438240270718,0.0008201829950100422,2.37094998659822e-06,4.420911213725033e-06,0.0011215038550173374,0.015933813602356725,0.45141545524100996,0.5113636363636364,0,0,5,1,0
174,10,7,17,29,23,52,5,0.28137565121560243,0.29708967851099893,1.7733280430181427e-05,6.733722439784675e-08,2.164883432237336e-08,0.00033065931065117586,0.002930894153362742,0.5648854961832062,0.5909090909090909,0,0,7,1,1
175,28,28,56,784,773,1557,5,0.32508578800776494,0.3510829103214881,0.0006481534759923035,7.924886111471504e-06,1.5066884885509645e-06,0.002504100542627886,0.011917833462737573,0.29347826086956524,0.31016042780748665,0,0,5,2,0
176,10,24,34,29,170,199,4,0.32232952602748244,0.3410321489001684,0.0001918245716596274,5.612188143674146e-06,3.481813553941488e-05,0.00024117108058890885,0.011254669278220376,0.213898916967509,0.2222222222222222,0,0,10,6,0
177,5,9,14,14,13,27,5,0.2847713623621911,0.29839255499154016,2.7458829889423093e-06,1.8324230299659598e-06,2.81657280307544e-06,0.00020840015528156023,0.00393672389897252,0.8275862068965517,0.8444444444444444,0,0,1,3,0
178,95,119,214,1684,5939,7623,4,0.40539430317319025,0.44162436548223294,0.011000461090344478,4.8307644148291046e-05,2.08643235956904e-05,0.005021978345774974,0.08951817358267865,0.21629597005064963,0.23806594488188976,0,0,3,2,0
179,2,5,7,4,8,12,4,0.28788623632997273,0.30086294416243725,1.408307278473002e-06,2.775175289569858e-07,2.4498984660556554e-08,0.00020486930711958735,0.0023626514140698686,0.39473684210526316,0.5,0,0,2,0,0
180,2,10,12,3,157,160,5,0.2400230037728324,0.2509475465313042,0.0027097721611464023,9.132033923096821e-09,5.256168412268696e-09,0.00019561111984671694,0.0005225529089185185,0.046875,0.06666666666666667,0,0,5,11,0
181,25,22,47,298,189,487,4,0.34215279187817255,0.36636209813874693,0.0003611582668048235,1.8184595334850006e-06,2.562569857129713e-06,0.0006595253502180425,0.020797361503549206,0.2791353383458647,0.296551724137931,0,0,8,7,0
182,6,0,6,7,0,7,0,0.29029775880698844,0.3056683587140441,0.0,-0.0,6.806526155634803e-07,0.0002020801106340235,0.005239992866301765,0.4,0.4,0,20,1,3,0
183,1,0,1,1,0,1,0,0.22684312303601642,0.23480541455160828,0.0,-0.0,4.0320091413687025e-11,0.0001939536348826606,0.00011935434243153344,0.0,0.0,0,53,5,1,0
184,39,83,122,250,448,698,4,0.367906227825992,0.39373942470389073,0.00607288755294695,4.505951356933546e-06,1.5552047628720012e-06,0.0010178984758945277,0.029391865860725612,0.1752857920522591,0.17288049029622063,0,0,3,2,0
185,53,63,116,240,224,464,4,0.38293541340590104,0.41099830795262177,0.003216483354024415,1.5764978305836427e-05,3.5393548175063425e-05,0.001215594156644567,0.04924728817271499,0.16586248492159228,0.19080919080919082,0,0,2,0,0
186,7,15,22,91,120,211,4,0.3124683030850891,0.329780033840947,0.00010468353473090828,1.6073880898170997e-05,8.34653185121584e-06,0.0003993490484078136,0.006774868240275123,0.32666666666666666,0.2916666666666667,0,0,1,3,0
187,26,28,54,335,197,532,4,0.3468350652591714,0.3708121827411159,0.0013802205464682647,0.005210137751953903,0.001046963230483035,0.0014525202334064397,0.021739103320803865,0.3865576102418208,0.43103448275862066,0,0,2,0,0
188,54,56,110,800,390,1190,4,0.37170319595673285,0.40245346869712245,0.002256552740426428,3.254945718181569e-06,7.985997313150969e-06,0.002309348378490236,0.05234765564661187,0.3666610653671652,0.4027972027972028,0,0,8,4,0
189,103,94,197,1106,1065,2171,4,0.4056346080357707,0.44441624365482163,0.0072589011632829825,1.8307992501213237e-05,1.672799768471103e-05,0.0032264926637363502,0.09655541978920253,0.25162514951375525,0.27408963585434176,0,0,3,2,0
190,46,46,92,277,1388,1665,4,0.3667232496014712,0.3954314720812173,0.0010680805812442677,1.6013287110367965e-05,1.2380660400969602e-05,0.0008105936768677002,0.0505868709794281,0.3615328994938539,0.39124579124579123,0,0,8,7,0
191,46,60,106,460,322,782,4,0.37953720674228797,0.4054991539763107,0.0029045866344837687,1.328191852673207e-05,1.617950781184337e-05,0.001355651202193497,0.05250509363461744,0.3454232995658466,0.3989769820971867,0,0,2,0,0
192,20,17,37,241,183,424,5,0.331704112339479,0.35414551607444916,0.0007520314677978703,2.842453382053216e-07,1.099858891825945e-06,0.0010006562372943827,0.010861682239798425,0.3389570552147239,0.3715415019762846,0,0,5,1,0
193,106,117,223,668,637,1305,4,0.4070824412589799,0.44627749576988096,0.006999792379689091,4.4084749919937936e-05,3.587979860677002e-05,0.002356973030496893,0.09443867525180503,0.2253618194348725,0.24452554744525548,0,0,2,0,0
194,9,12,21,19,78,97,4,0.3241618113483397,0.3428934010152279,0.00011102650804366668,4.624036794935695e-06,2.3321644275619926e-07,0.00025703006971161923,0.008106916657433206,0.29064039408866993,0.2857142857142857,0,0,2,0,0
195,10,4,14,36,14,50,5,0.3057665700430497,0.32351945854483904,0.00025244119242426023,6.515108731726524e-07,2.802446114588744e-07,0.0005163776044498746,0.004460883295705819,0.2640449438202247,0.30303030303030304,0,0,3,2,0
196,46,26,72,210,187,397,4,0.36283434981778645,0.3918781725888319,0.0012128390192182826,6.667178681608689e-06,6.027342811740412e-05,0.0007448872903326352,0.040215804331146465,0.2425137903861308,0.283717679944095,0,0,2,5,0
197,34,23,57,233,98,331,4,0.3677085350652043,0.39204737732656453,0.000496450611539988,2.872576089134887e-06,5.471054532530567e-05,0.0006586857946555233,0.03656710805126254,0.32731305449936626,0.3508771929824561,0,0,3,0,0
198,8,5,13,86,16,102,5,0.3015890629159741,0.3179357021996615,1.1141968748222441e-05,2.9366806153097103e-06,0.00019975520461773243,0.00036527782421598594,0.006185507421119645,0.6554054054054054,0.75,0,0,2,0,0
199,31,15,46,961,238,1199,5,0.3356084275411207,0.36175972927241884,7.806677909486972e-05,1.340182785446158e-06,7.241836596507071e-06,0.0025574113275328874,0.01742027661801699,0.6039215686274509,0.6623655913978495,0,0,5,1,0
200,46,55,101,1202,1307,2509,4,0.3657432302278702,0.3944162436548213,0.0022194330317109687,3.180549424337283e-05,2.5469092954360534e-05,0.0027019202024449987,0.04379170505658378,0.3581121532628218,0.36488630354309887,0,0,12,4,0
201,35,0,35,246,0,246,0,0.34697703796707824,0.37402707275803637,0.0,-0.0,2.862960461161589e-06,0.0008282773528691649,0.02336135419174267,0.28403361344537814,0.34285714285714286,0,7,5,5,0
202,3,0,3,56,0,56,0,0.2844003333585878,0.29842639593908676,0.0,-0.0,3.0794560811341244e-06,0.00022959980570592004,0.0036438398607583143,1.0,1.0,0,45,8,7,0
203,8,6,14,19,8,27,5,0.3147679778088064,0.332318104906937,3.871026355701834e-05,2.2675080545548365e-07,2.5944523168563206e-07,0.00025116987404725036,0.008021289394867097,0.5465116279069767,0.5277777777777778,0,0,2,0,0
204,2,0,2,6,0,6,0,0.2866584220898093,0.3000846023688666,0.0,-0.0,1.733358876932434e-05,0.00019478620132493845,0.0029162302028395977,1.0,1.0,0,29,1,3,0
205,11,15,26,24,33,57,4,0.33511536912651574,0.35431472081218185,0.000915032528181337,1.4944955922498372e-06,1.1503067187029537e-06,0.00025052208219717565,0.01723684053952807,0.4195583596214511,0.4117647058823529,0,0,2,0,0
206,18,13,31,87,29,116,5,0.2862005787354016,0.30529610829103254,2.8615298908482163e-05,9.847186733835983e-08,7.361819751780501e-08,0.0005705328945428127,0.0047832896319912385,0.5494505494505495,0.6619047619047619,0,0,7,1,1
207,47,52,99,1381,1686,3067,4,0.34473832934828474,0.376565143824026,0.0014632134507373815,9.15704892423796e-06,6.132978012418004e-06,0.002987663545712304,0.027428384868743168,0.29625779625779625,0.3605565638233515,0,0,8,4,0
208,15,15,30,215,86,301,5,0.3127539231061907,0.33353637901861183,5.551028639790549e-05,1.9001587027623677e-07,1.1934330014680334e-06,0.0006625508177484924,0.008114587736668932,0.44366197183098594,0.4857142857142857,0,0,5,1,0
209,20,0,20,297,0,297,0,0.32712141347683055,0.3495769881556674,0.0,-0.0,5.1083129697810135e-05,0.0006088064151010511,0.01997303634283686,0.5657894736842105,0.6105263157894737,0,21,1,3,0
210,1,0,1,1,0,1,0,0.21139402282308586,0.2179357021996616,0.0,-0.0,1.2930093709784226e-08,0.00018830711660182772,0.00012366674107695184,0.0,0.0,0,88,1,3,0
211,1,0,1,2,0,2,0,0.2527537229406462,0.26040609137056053,0.0,-0.0,9.316793633647987e-09,0.00019439072312880522,0.0004232264339138472,0.0,0.0,0,57,2,0,0
212,1,0,1,2,0,2,0,0.2891962917626112,0.30084602368866364,0.0,-0.0,9.613815852216822e-08,0.00019090493425051377,0.002327239273806824,0.0,0.0,0,154,2,0,0
213,4,3,7,10,15,25,5,0.29804250163603885,0.3125211505922168,5.354582933048386e-06,1.802827518938047e-07,4.8553428977697595e-08,0.0002359469313884663,0.00305184304162467,0.21052631578947367,0.3,0,0,2,0,0
214,168,203,371,2128,2354,4482,4,0.44148747339119043,0.4891708967851095,0.022709603606808414,0.00012984944275993255,0.0001855487975301446,0.005169804934175451,0.1434908229165531,0.1503657842092198,0.1700389594068116,0,0,2,0,0
215,5,1,6,28,1,29,5,0.254957370997148,0.2664974619289357,0.0002967343468838131,1.982815854944777e-08,5.45925165490438e-09,0.00040635535645580905,0.0005249642204621128,0.2,0.26666666666666666,0,0,5,11,0
216,21,18,39,421,161,582,5,0.3272623547376113,0.35033840947546446,0.00014350839490272584,2.8844358645991707e-07,9.364622806882987e-07,0.001534756561889877,0.01123416874670769,0.6801925722145805,0.66,0,0,9,8,0
217,4,0,4,8,0,8,0,0.22153468261028836,0.2308967851099836,0.0,-0.0,1.335256433266216e-10,0.00038758429239075956,9.305841923831952e-05,0.0,0.0,0,59,5,11,0
218,3,1,4,3,1,4,5,0.28764421343267976,0.3007783417935705,5.511392463831311e-07,4.0754436684432136e-09,2.2866315994903655e-07,0.00019057938462402606,0.0031741048948645545,0.3333333333333333,0.3333333333333333,0,0,1,3,0
219,0,1,1,0,6,6,6,0.0,0.0,0.0,2.0921100894868423e-09,-0.0,0.00018716917629273057,2.4109404053634617e-34,0.0,0.0,0,172,10,6,0
220,37,45,82,330,587,917,4,0.3636055174050718,0.3895939086294408,0.00035770264917695335,2.490794465187904e-05,1.3241770833330973e-05,0.0009512691393456002,0.04306729552913953,0.3704773487382183,0.41551020408163264,0,0,2,0,0
221,4,0,4,10,0,10,0,0.2956782776124628,0.3098477157360407,0.0,-0.0,4.196219149783342e-07,0.00020004942441381496,0.004375327993731566,0.5833333333333334,0.8333333333333334,0,28,2,0,0
222,1,0,1,1,0,1,0,0.24569255159774847,0.2556683587140456,0.0,-0.0,1.7498234292404514e-09,0.00019109172367944653,0.0003859365631482202,0.0,0.0,0,60,5,1,0
223,34,25,59,306,144,450,5,0.35309885642742267,0.3794416243654811,0.0010753704920420666,1.5963071303141502e-06,6.154231971027838e-06,0.001153160144098421,0.030328098663566918,0.35026580035440047,0.3621951219512195,0,0,7,1,1
224,13,14,27,105,46,151,5,0.29521379799669767,0.3144331641285956,1.748719618543323e-05,4.169152485034614e-07,2.3493311785627152e-06,0.0004101645316257875,0.008506097145200472,0.7888563049853372,0.7941176470588235,0,0,12,4,0
225,15,10,25,59,39,98,5,0.3354439136060516,0.3556683587140433,3.231539333281851e-05,3.133983445845785e-06,5.449342708047287e-07,0.0003998416676817819,0.012362982581823122,0.5567010309278351,0.6416666666666667,0,0,3,2,0
226,21,0,21,76,0,76,0,0.34196091927263894,0.3648054145516065,0.0,-0.0,1.6267923781294854e-06,0.0004412148265171389,0.018619521194410894,0.3,0.37142857142857144,0,17,5,1,0
227,2,3,5,95,156,251,5,0.23181083460580798,0.2403384094754664,0.0,3.2594362722117914e-07,6.865331417107941e-07,0.00031630210601464256,0.00025007375707565365,0.75,1.0,0,0,1,3,0
228,28,13,41,720,200,920,4,0.34949212653541634,0.3740270727580363,0.00016495358834047323,1.938148765726151e-06,7.137846674703986e-06,0.0013650633315823858,0.02221190979194555,0.4962825278810409,0.5052910052910053,0,0,3,2,0
229,74,90,164,446,376,822,4,0.39260217082980214,0.42521150592216495,0.0057344362729919406,1.4774391986695042e-05,3.607938158726137e-05,0.0014408357433384777,0.06098276447901488,0.1812922614575507,0.19885773624091382,0,0,2,0,0
230,15,13,28,91,60,151,4,0.3274189395963374,0.3483079526226726,0.0001128220144110194,1.2080291346013245e-06,1.3218035927259228e-06,0.0003951395698876726,0.013678845700186746,0.5421195652173914,0.5947712418300654,0,0,6,9,0
231,74,72,146,1623,518,2141,4,0.3868318732370521,0.4209813874788487,0.0066458875465913066,0.0004186280964826472,0.00013882816557593238,0.003953265337850682,0.05716238484238453,0.19626745179979105,0.2229712858926342,0,0,10,6,0
232,59,63,122,1158,1158,2316,4,0.35566818282554324,0.39018612521150486,0.003857147579757051,0.00017289591635988,0.00015420416282353896,0.0022539896335074133,0.0434769636959909,0.3504162685956053,0.35030728709394204,0,0,1,3,0
233,39,49,88,633,456,1089,5,0.366330612289264,0.3924703891708959,0.0005040665754166444,3.483399020148254e-05,0.00012194297950061451,0.0022179998504585764,0.04904668891462598,0.3816552451238798,0.4206848357791754,0,0,2,0,0
235,37,13,50,122,30,152,4,0.3733254684977333,0.3973773265651432,0.0005293351184071671,1.1218173561288723e-06,3.7871428350224038e-06,0.0005256047761341645,0.03544104836523744,0.31615828524319867,0.3712660028449502,0,0,2,0,0
236,34,39,73,501,485,986,4,0.3547462849955133,0.38096446700507536,0.0009493057013653485,4.730646480561843e-06,4.824585266073101e-06,0.0017250205945740866,0.023569793506159026,0.2749326145552561,0.29965156794425085,0,0,5,1,0
237,1,3,4,2,4,6,5,0.22840640312294566,0.23595600676819023,4.511250367271907e-06,7.245974019035235e-08,2.9088321985989597e-11,0.0002585249699049166,0.0001464240238039153,0.3333333333333333,0.5,0,0,3,2,0
238,4,1,5,7,1,8,6,0.2657497412646001,0.27785109983079664,1.105729870816307e-05,1.6809389718053182e-11,1.1817701881537133e-08,0.0004095999491453013,0.001131432491079784,0.0,0.0,0,0,5,11,0
239,79,94,173,314,323,637,4,0.39170325343809115,0.4263113367174273,0.006030860108684474,2.2711557666913177e-05,9.480799909741593e-06,0.0011122184981090784,0.06328094709032567,0.15787165125851946,0.17978574755472754,0,0,2,0,0
240,8,0,8,14,0,14,0,0.29029775880698844,0.3062267343485617,0.0,-0.0,1.0962734822914993e-05,0.0002090437345602702,0.007143006517076584,0.9107142857142857,0.9642857142857143,0,30,1,3,0
241,19,14,33,196,31,227,4,0.32309045503132444,0.3456852791878164,0.00016643854702594966,3.453780634136457e-07,1.5897331659431199e-06,0.0007051668154469489,0.015741290804262304,0.4855769230769231,0.49,0,0,8,4,0
242,4,4,8,4,6,10,5,0.2798795843584234,0.2949576988155673,1.3335754328134288e-05,1.4876592400347026e-06,2.694612122926204e-08,0.00021565487088865158,0.0021004752517769123,0.24074074074074073,0.23809523809523808,0,0,10,6,0
243,27,15,42,121,43,164,4,0.3500284315889234,0.3740270727580365,0.0021275731740139467,2.483145092303947e-06,4.272668448435055e-06,0.0007829656516512743,0.029495160220136943,0.33766233766233766,0.36772486772486773,0,0,3,2,0
244,1,2,3,1,2,3,5,0.2958519601194748,0.308832487309645,0.0,1.4235122062351284e-07,1.591535780091619e-07,0.00018848479923164467,0.00241631250798789,1.0,1.0,0,0,2,0,0
245,55,46,101,1093,559,1652,4,0.3715014026907411,0.4020304568527908,0.0014245500846379049,8.11780542025294e-05,0.00012059221620124087,0.0024084940244607322,0.047012871579283105,0.29209005778043434,0.3159420289855073,0,0,10,6,0
246,23,24,47,494,576,1070,4,0.33397051427835295,0.35752961082910223,0.00014153166614372663,4.527485312711276e-06,2.318012704018045e-06,0.0015169929507132462,0.016593271866104483,0.4693973634651601,0.544973544973545,0,0,3,2,0
247,5,0,5,10,0,10,0,0.279646801492423,0.29319796954314803,0.0,-0.0,1.660107917260086e-08,0.00025823254130114177,0.0023141055699578347,0.55,0.7,0,40,7,0,1
248,48,66,114,401,499,900,4,0.37393747746248374,0.4019458544839247,0.004065854029695173,2.2183586565236094e-05,4.016626762094298e-05,0.0012178001539181324,0.05859112683605362,0.3036690085870414,0.31535131535131533,0,0,2,0,0
249,48,64,112,647,533,1180,4,0.3484244316478336,0.37986463620981237,0.001576996017034705,2.4901274322008502e-06,5.945270344058719e-06,0.001342091375237491,0.029039071660298683,0.24222294232015554,0.2791922739244952,0,0,3,2,0
250,45,41,86,656,263,919,4,0.3500284315889234,0.38037225042301115,0.0019083059771001787,1.637057308977094e-05,2.3239840355714393e-05,0.0013553432524870013,0.03722724935720759,0.30497237569060776,0.3341176470588235,0,0,4,5,0
251,21,20,41,431,78,509,4,0.34967071219026324,0.37165820642977926,0.0005038353914768037,3.1554939291029903e-06,8.961529866896039e-05,0.0005671059307093006,0.016841731931398124,0.28589108910891087,0.3645320197044335,0,0,10,6,0
252,1,0,1,1,0,1,0,0.26292587353810415,0.27417935702199797,0.0,-0.0,6.396121081235464e-09,0.00018937102370794126,0.0008163288172340953,0.0,0.0,0,150,5,1,0
253,10,9,19,33,351,384,5,0.31161456455206976,0.32927241962774934,1.688934738850842e-05,1.2669988954948748e-06,4.5430914257196726e-07,0.0002496507905593109,0.010206152666462251,0.4212121212121212,0.5641025641025641,0,0,2,0,0
254,10,2,12,40,4,44,5,0.29193924221687084,0.3079357021996617,9.467188759862549e-07,1.3208019697119818e-06,0.00012421581794946643,0.0002956912944020941,0.005584572452252175,0.71875,0.7555555555555555,0,0,2,0,0
255,7,0,7,22,0,22,0,0.31394672954732894,0.3308798646362095,0.0,-0.0,2.0189219433541613e-07,0.00027085364555904913,0.007192181221773488,0.6666666666666666,0.6666666666666666,0,26,6,9,0
256,38,40,78,662,614,1276,4,0.33527956088012995,0.3641285956006757,0.0003601815560211602,0.00011354222431422834,6.882354995519223e-05,0.0014239107757169605,0.02815456904470295,0.5304611242006059,0.5516908212560386,0,0,1,3,0
257,37,6,43,77,9,86,5,0.357339730421068,0.38438240270727514,0.0002452195834272165,1.0002556262904057e-07,2.316651777233211e-05,0.00035381422235768276,0.030431607913760372,0.24276169265033407,0.2802275960170697,0,0,12,5,0
259,5,2,7,6,2,8,5,0.2737222335025381,0.28583756345177774,1.0276008679014653e-05,2.4050820136678583e-08,8.13465303619284e-09,0.0002867422380176453,0.001928526317314384,0.275,0.4,0,0,3,2,0
260,28,32,60,899,987,1886,5,0.33331981673470296,0.3582064297800332,0.00027842961978146585,0.00018640504375828262,0.00017552768224475963,0.0016383722589251616,0.022946600713428168,0.5650429799426934,0.5966386554621849,0,0,1,3,0
262,3,1,4,9,1,10,6,0.25930488206000196,0.26934010152284427,0.0,6.55792399578415e-11,6.7448855263308464e-09,0.00022554885832879923,0.0007837165118515417,1.0,1.0,0,0,5,1,0
263,1,0,1,18,0,18,0,0.24999038048867117,0.2584940778341814,0.0,-0.0,3.5783158975685335e-08,0.00025502743364171803,0.00034205233535701725,0.0,0.0,0,142,4,5,0
264,28,51,79,180,211,391,4,0.34439133555930806,0.36928934010152226,0.0032722501298992996,3.595895129023057e-05,0.00010765599711993489,0.000855470649465081,0.01890122254616808,0.16323192672554793,0.1595959595959596,0,0,10,6,0
265,4,2,6,5,2,7,5,0.2693056213130048,0.2811505922165834,9.380829368764539e-07,2.02565792969982e-09,8.851639632506095e-09,0.0002346482831621844,0.0021419291914739408,0.35714285714285715,0.5,0,0,3,2,0
266,21,19,40,621,414,1035,5,0.32142112905417813,0.3439086294416237,6.0559033933811965e-05,5.875613587114022e-05,9.785895133789617e-05,0.0011538228461016405,0.015700586299515335,0.6895424836601307,0.7133333333333334,0,0,1,3,0
267,96,106,202,1919,1704,3623,4,0.3903625691707616,0.43121827411167424,0.010684579839639661,0.0004135899624804243,0.0014778429780447366,0.0048715720839588635,0.07287817172469895,0.1859326309541475,0.19947848761408082,0,0,1,3,0
268,15,19,34,640,375,1015,4,0.3113310208172635,0.33170896785109943,0.0012127005364174995,2.021342999124082e-06,4.434958662954634e-06,0.0012284837376314993,0.008732793340612301,0.34754990925589835,0.358695652173913,0,0,12,5,0
269,7,4,11,13,9,22,5,0.27592967086949405,0.2899661590524543,3.423896589879608e-06,1.2219287407059513e-06,1.1316425386323358e-06,0.0002355169486413091,0.003002501889327553,0.6792452830188679,0.7222222222222222,0,0,10,6,0
270,22,17,39,113,30,143,5,0.3356084275411207,0.358714043993231,0.00012032458520609975,3.260111760256924e-07,1.0927727769721336e-06,0.0004245380943739114,0.01645851311239111,0.5198902606310014,0.6552706552706553,0,0,5,1,0
271,2,2,4,10,2,12,5,0.2713344899906206,0.28087986463621084,0.0,1.6902132117406288e-08,3.8298345954961205e-07,0.00022122552097165093,0.0015423011445077532,1.0,1.0,0,0,2,0,0
272,41,39,80,411,301,712,5,0.35978211553961364,0.38739424703891623,0.0006355938220135649,5.598309413535268e-05,0.0009628329271584883,0.0014699842817349797,0.04341816428768485,0.40688,0.4484848484848485,0,0,2,0,0
273,11,11,22,81,150,231,5,0.3188749225332457,0.3373096446700502,5.8820479737164466e-05,2.9250724679156662e-05,1.0843622540261147e-06,0.00047358783289466505,0.00850312249506061,0.31390134529147984,0.3516483516483517,0,0,2,0,0
274,41,30,71,455,137,592,4,0.34701094510970854,0.37639593908629365,0.0006355455797332664,2.5804279559566265e-06,3.2093472071275735e-06,0.0011380565050748421,0.032604085111496935,0.39422294548413345,0.4619450317124736,0,0,8,7,0
275,24,30,54,561,425,986,4,0.3288349753754662,0.3531133671742797,0.0006417666279449341,4.7444472481819276e-06,2.267520591511274e-06,0.0019650142724217854,0.012895763022505974,0.2347517730496454,0.2537878787878788,0,0,5,2,0
276,0,1,1,0,1,1,5,0.0,0.0,0.0,1.0830511277856603e-08,-0.0,0.00018716917629273057,2.4109404053634617e-34,0.0,0.0,0,173,1,3,0
277,32,34,66,315,151,466,5,0.3372624858335856,0.3637055837563443,0.001875591215705614,2.064680498743554e-06,5.462830627832447e-06,0.0013098694342101743,0.019211774122391306,0.29915134370579916,0.29732868757259,0,0,6,9,0
278,60,48,108,681,154,835,4,0.37953720674228797,0.4105752961082903,0.0015992754353360713,1.324376753905375e-05,1.784700552565939e-05,0.0012465333282574878,0.06288881949676749,0.3201777313120753,0.37041773231031544,0,0,12,5,0
279,3,0,3,5,0,5,0,0.263633206787438,0.27329949238578843,0.0,-0.0,7.184714095681828e-09,0.00020091516448268016,0.001182917041242573,1.0,1.0,0,61,3,2,0
280,91,100,191,1132,3232,4364,4,0.3903625691707616,0.42952622673434776,0.006258934249404948,5.8910193141355086e-05,3.4049766309662636e-05,0.0030463792616800827,0.08259244269643841,0.26041724309667424,0.28190391983495433,0,0,8,7,0
281,42,34,76,237,152,389,4,0.3690968628675001,0.39593908629441527,0.0017358047089726049,2.5118737463486e-06,2.0742893452391452e-05,0.0009340442787412987,0.040993063881965615,0.29298121233605107,0.33950046253469013,0,0,3,2,0
282,2,4,6,2,5,7,6,0.26410867763656704,0.27492385786802187,3.220883737720686e-06,1.2298618121191111e-09,1.7379271720863634e-09,0.00019660493995829275,0.0008301434452460241,0.39285714285714285,0.5,0,0,7,1,1
283,8,12,20,30,40,70,4,0.33058240761176094,0.34881556683587084,5.745128238005648e-05,2.6310028140191414e-06,2.3929037362615807e-06,0.000263983971879322,0.011936340939960885,0.24725274725274726,0.3181818181818182,0,0,2,0,0
284,7,6,13,258,133,391,5,0.30265616265207657,0.318866328257191,1.330754129699928e-05,9.236499112357487e-07,7.67055454679807e-07,0.0012153915227205183,0.004389482484298783,0.726027397260274,0.7142857142857143,0,0,0,10,0
285,16,8,24,184,23,207,4,0.3109066714022468,0.3303722504230114,7.217650899182554e-05,4.68069228464561e-07,2.9259597971011707e-06,0.000813884910775049,0.00824198706527418,0.5390334572490706,0.5294117647058824,0,0,6,9,0
286,0,1,1,0,4,4,5,0.0,0.0,0.0,1.2026721181045354e-07,-0.0,0.00018716917629273057,2.4109404053634617e-34,0.0,0.0,0,174,8,7,0
287,1,0,1,1,0,1,0,0.2614228674012628,0.2717597292724212,0.0,-0.0,9.345768326107955e-08,0.00018860725372634238,0.0009542956647038934,0.0,0.0,0,73,1,3,0
288,15,22,37,484,3806,4290,5,0.29973963370842976,0.3201184433164124,0.00015504461360646218,4.040467631731137e-05,9.615972898688709e-06,0.001067290758843285,0.010878648628974271,0.5599078341013825,0.6233766233766234,0,0,8,7,0
289,11,9,20,91,59,150,5,0.2839442256250395,0.30175972927242,0.0010529780154351505,5.105465920456274e-08,1.927830201862206e-07,0.000639339919033075,0.003571880473724448,0.4532967032967033,0.5,0,0,5,1,0
290,28,82,110,257,625,882,4,0.3525531085813216,0.3770727580372245,0.0008413211251903728,3.561937602810066e-05,1.7591313995154003e-05,0.0006876721019916562,0.02924578754988613,0.2812971342383107,0.32008431195423065,0,0,2,0,0
291,14,13,27,908,199,1107,4,0.31062441387033374,0.3304399323181047,5.50850745390342e-05,1.0718806258197536e-06,1.0371833085784576e-05,0.0011851173716309175,0.008869547433962429,0.5294117647058824,0.6083333333333333,0,0,12,5,0
292,16,20,36,101,110,211,4,0.3414698521738249,0.36218274111675036,0.0003639411490210185,6.896659138073412e-06,2.2211541936837828e-06,0.0003841540790021791,0.01703334953062212,0.3062700964630225,0.3412698412698413,0,0,2,0,0
293,50,75,125,474,359,833,4,0.367906227825992,0.3975465313028755,0.0033366188322653517,1.0377231985745773e-05,0.00013818832213336282,0.001542495520638094,0.038782719535046216,0.21926070038910506,0.2523809523809524,0,0,3,2,0
294,41,47,88,900,1258,2158,4,0.34439133555930806,0.3738578680203036,0.0004661967038223152,0.000200616076076003,0.0010487633107510834,0.0019060389988908057,0.03316171451133904,0.5007917656373714,0.5255102040816326,0,0,1,3,0
295,6,1,7,272,1,273,6,0.28560333211867495,0.29954314720812214,8.341363484361632e-06,7.997335812847916e-11,3.7229044600179495e-06,0.0004034870818569209,0.004139673686553655,0.47619047619047616,0.47619047619047616,0,0,3,2,0
296,1,0,1,3,0,3,0,0.25576942731577695,0.26397631133671934,0.0,-0.0,5.004186271088315e-09,0.00019296705317916316,0.0004766990396557339,0.0,0.0,0,144,3,2,0
297,1,0,1,4,0,4,0,0.25491401117090806,0.2639593908629461,0.0,-0.0,4.45130789925585e-08,0.00019105514908815142,0.0006274728589232437,0.0,0.0,0,132,12,5,0
299,47,15,62,244,98,342,5,0.37190520856323106,0.39974619289340013,0.0009932705289994335,1.5405230799857114e-06,1.946500585066925e-06,0.0015533932660049532,0.027929096863005654,0.2123469930814263,0.22775510204081634,0,0,7,1,0
300,2,0,2,32,0,32,0,0.2570152132112828,0.26763113367174435,0.0,-0.0,9.144895367487832e-08,0.00036768429099875554,0.0007281379978774578,0.0,0.0,0,41,2,0,0
301,31,22,53,369,90,459,4,0.3217233586066503,0.34856175972927167,0.00012566100574664546,8.88944848608333e-07,2.02457032387534e-06,0.0009461805866261543,0.021102946825323186,0.5117820324005891,0.5473484848484849,0,0,8,4,0
302,21,9,30,306,26,332,5,0.3078297722700608,0.33179357021996586,4.4705359891255394e-05,1.1524140784043312e-06,8.10622702787819e-06,0.0006838822967823509,0.014289775801398202,0.548723897911833,0.5661538461538461,0,0,12,4,0
303,17,9,26,95,32,127,5,0.281144446900717,0.2999492385786808,5.5129843317825884e-05,4.074732485810509e-08,1.3686733905114672e-07,0.0006224497611578915,0.00410917441423306,0.5394321766561514,0.5490196078431373,0,0,7,1,1
304,10,8,18,99,87,186,5,0.2914419010887331,0.3070219966159054,0.00018499445743213217,9.896396541873295e-08,1.5555714769756615e-07,0.0009469383027780041,0.0036481347965755806,0.2585034013605442,0.2727272727272727,0,0,2,0,0
305,21,21,42,158,124,282,5,0.3280467803242307,0.35067681895092995,0.00011533903328456555,1.764306088207041e-05,1.6474832242814386e-05,0.0004955821067564542,0.020120900105518133,0.566193853427896,0.5584045584045584,0,0,1,3,0
306,71,60,131,787,689,1476,4,0.3905853788563614,0.4225042301184427,0.004350025555434148,2.6262338593933714e-05,0.00010602890321289537,0.002818109860373897,0.06860410207248942,0.27316237296147483,0.32334332334332333,0,0,2,0,0
307,12,13,25,26,25,51,4,0.33511536912651574,0.3548223350253801,8.003234275824252e-05,2.0076307386933816e-06,1.4399877032150323e-05,0.00026934418742885117,0.01263144477223942,0.3694158075601375,0.4583333333333333,0,0,2,0,0
308,10,22,32,62,57,119,5,0.27704679504305474,0.29145516074450195,0.00018174051412870218,1.7061346241111124e-06,2.1503707784641865e-07,0.00042606744961117384,0.002849960790217408,0.4783950617283951,0.5238095238095238,0,0,6,9,0
309,11,14,25,62,82,144,5,0.28656012720114954,0.30351945854483975,6.340868821576026e-05,2.432592847188691e-07,1.5583570381661896e-07,0.0004430609939640301,0.004297184136482411,0.4349315068493151,0.4485294117647059,0,0,7,1,1
310,38,35,73,343,321,664,4,0.34028124503050483,0.3691201353637892,0.0014982454766293777,1.9313721496043575e-06,0.00017274071774408804,0.002178884438628173,0.023222799685666907,0.31543494996150884,0.34219269102990035,0,0,7,1,1
311,20,16,36,659,53,712,4,0.31798586605778123,0.3401861252115054,0.00019754467755223417,1.4719041367774685e-05,0.00010460853970408057,0.0009249707833160003,0.011063240202895655,0.37661290322580643,0.3630769230769231,0,0,10,6,0
312,2,0,2,14,0,14,0,0.27560209082399106,0.2859052453468707,0.0,-0.0,1.5995199470206454e-08,0.000220893501470322,0.0014761319570712268,0.0,0.0,0,23,3,2,0
313,45,43,88,1055,825,1880,4,0.3394372935299331,0.37021996615905145,0.0009315072751249718,0.00013424169249244916,0.00011422733497715176,0.002069984896348608,0.029990689224697716,0.5106831970456344,0.52,0,0,1,3,0
314,19,22,41,174,200,374,4,0.30052946146523724,0.321252115059221,0.00017841337147834498,4.227380186396278e-07,1.3707989909028194e-06,0.0006339455594204885,0.008269740836356784,0.513664596273292,0.5661538461538461,0,0,3,2,0
315,10,9,19,36,29,65,4,0.33202599891137563,0.3511844331641281,4.509345428987724e-05,9.501952028335054e-07,4.758641818217883e-07,0.0002846958657363593,0.009002018141628036,0.21212121212121213,0.32051282051282054,0,0,2,0,0
316,93,124,217,1722,3768,5490,4,0.3905853788563614,0.43045685279187734,0.011940827266920107,8.8955446947405e-05,4.4773785643143464e-05,0.004743977285263594,0.08015230630736693,0.2249057896539911,0.2560947824105719,0,0,12,4,0
317,12,16,28,65,76,141,5,0.3272623547376113,0.34653130287647976,0.00027732805469890195,1.839710179118539e-06,4.4984808885427494e-07,0.0006094440630611694,0.01098711944361601,0.2972972972972973,0.4263157894736842,0,0,2,0,0
318,40,37,77,278,218,496,4,0.34895746239487263,0.3774957698815559,0.0017769581239471352,1.0258099112583677e-05,5.151609084762059e-06,0.0009568658400498996,0.02398910808046229,0.2361878453038674,0.25809435707678074,0,0,9,8,0
319,27,25,52,340,294,634,5,0.3168081406279376,0.34165820642977895,0.000867289013726143,4.943558312657344e-07,5.067446733729223e-07,0.0012933021988016738,0.009915926600226008,0.4102760736196319,0.4436781609195402,0,0,9,8,0
320,13,14,27,129,66,195,5,0.3217233586066503,0.3418781725888318,0.0003764020388010596,5.409837812842534e-07,4.272616508383105e-07,0.0005399008354005103,0.008367769985380769,0.3284457478005865,0.38235294117647056,0,0,5,5,0
321,25,23,48,355,282,637,5,0.3404505391822613,0.36438240270727484,0.00030292330472376854,1.8890718511512306e-06,1.6104655682711792e-06,0.0016458277839284886,0.018243068064150627,0.5076784101174345,0.5185185185185185,0,0,9,8,0
322,48,66,114,401,565,966,5,0.3464838398766305,0.37834179357021896,0.003071143551739571,4.7217950702952235e-06,1.7494210572492407e-06,0.002174186625806417,0.021764044805944644,0.2698139753009223,0.28778467908902694,0,0,7,1,1
323,33,29,62,141,86,227,5,0.3269496339017416,0.3545685279187805,0.0006228114408566776,1.495427843868795e-06,1.995877359341622e-07,0.0008002781194355416,0.012466473039377647,0.36217948717948717,0.39867109634551495,0,0,7,1,1
324,50,50,100,282,350,632,4,0.3683022517526078,0.39780033840947443,0.005103526587733712,5.570950613837456e-06,6.840681534280451e-05,0.001420950929722324,0.03493312698960128,0.2612502545306455,0.2825136612021858,0,0,7,0,0
325,7,4,11,10,5,15,5,0.2970076318386915,0.3121319796954313,4.972015146063082e-05,6.123825824375927e-08,8.589469525370951e-08,0.0002803005870911387,0.005015253936560802,0.2358490566037736,0.19444444444444445,0,0,3,2,0
326,24,18,42,86,49,135,5,0.3440450395959503,0.36768189509306193,0.0036453504883268845,2.1088008134212967e-06,5.470855401273713e-05,0.0006099411829398389,0.025656979739117052,0.32567726737338043,0.31494252873563217,0,0,2,0,0
327,26,26,52,306,290,596,5,0.3280467803242307,0.3526226734348555,0.0013125775343789036,1.0634672515218326e-06,7.962487417680538e-07,0.0011541608910327508,0.011836687831929255,0.4020657995409334,0.4128787878787879,0,0,5,1,0
328,2,0,2,4,0,4,0,0.28510956112257424,0.2974619289340106,0.0,-0.0,3.834425248994465e-08,0.0002023354179228766,0.0016686974354203944,0.0,0.0,0,54,1,1,0
329,65,42,107,524,202,726,4,0.3747566176102657,0.40837563451776554,0.003335747228165337,1.1349197994182177e-05,7.845330479276622e-06,0.002465233168640954,0.043615698124466314,0.20090473656200106,0.23211567732115676,0,0,10,6,0
330,2,3,5,3,5,8,5,0.2459761264400953,0.2541962774957717,8.710726019397855e-06,7.987760153697912e-08,1.993361600981976e-09,0.00020863186280552253,0.00043992054712376134,0.05,0.1,0,0,2,0,0
331,1,0,1,10,0,10,0,0.23444073959703135,0.24219966159052567,0.0,-0.0,2.444499069625867e-08,0.00020308422289591637,0.00016796814035568584,0.0,0.0,0,130,5,1,0
332,57,58,115,897,861,1758,4,0.364379970051302,0.39712351945854407,0.0032394644390493616,0.0001493414076973626,0.0004493220926834356,0.0018778562932100522,0.04464773393473241,0.3101567301782422,0.3217734855136084,0,0,1,3,0
333,37,44,81,611,556,1167,4,0.3538291539588134,0.3809644670050753,0.0012029021818079366,2.835679932840517e-06,6.4184107399727965e-06,0.0014657369343453117,0.028205739684155177,0.3151496259351621,0.34778911564625853,0,0,3,2,0
334,111,159,270,943,1890,2833,4,0.4203351251574602,0.45702199661590487,0.009501372705220704,8.126587720523991e-05,0.00024296950806126512,0.002278161036604047,0.11540510770267605,0.2377868603463036,0.2548375319459657,0,0,2,0,0
335,46,55,101,526,1316,1842,5,0.3655478545706972,0.39416243654822253,0.007472646778599922,3.7229101098020725e-06,1.976675570278805e-06,0.002434778808965278,0.03198727382443803,0.21072070273507687,0.23502824858757063,0,0,5,1,0
336,6,4,10,55,11,66,5,0.2947052470957559,0.3083756345177669,4.584316194544065e-06,3.382005086950421e-08,1.8766895098337967e-07,0.0003399748689814815,0.003767669955533528,0.5952380952380952,0.8095238095238095,0,0,6,9,0
337,61,71,132,376,411,787,4,0.3671167294830178,0.40059221658206323,0.005277872653187684,6.183722456226193e-06,2.167681330065274e-05,0.002132199266853392,0.03363196073801986,0.19340940847694457,0.22917437985931136,0,0,7,1,1
338,40,46,86,567,185,752,4,0.3641860477681454,0.39077834179356935,0.0010073309139877187,3.132080806807335e-05,9.713869178583886e-05,0.0012866107065338166,0.0341178357960473,0.32841379310344826,0.3422077922077922,0,0,10,6,0
339,2,0,2,142,0,142,0,0.27760971431036574,0.28849407783418035,0.0,-0.0,2.364591252078921e-06,0.0002893237841477912,0.0024693018171647015,1.0,1.0,0,42,3,2,0
340,7,0,7,15,0,15,0,0.313659626913998,0.33103214890016863,0.0,-0.0,8.627994967089563e-07,0.00021504749848251867,0.010002226166674507,0.7857142857142857,0.8095238095238095,0,34,1,3,0
341,8,7,15,53,56,109,4,0.31491283191732405,0.33214890016920423,3.3593566937971214e-05,3.31593592380571e-06,1.3646229062978525e-06,0.00027486514636739217,0.006787325502556322,0.355,0.37777777777777777,0,0,12,4,0
343,61,57,118,721,696,1417,4,0.37516753495413663,0.4072758037225031,0.004362829748093429,7.210144776818161e-06,4.42864429523746e-06,0.003656740325505849,0.04554523184305217,0.24930707512764405,0.28322981366459626,0,0,7,1,0
344,21,14,35,888,424,1312,5,0.31798586605778123,0.3416074450084596,0.00011830334362254852,6.5857369574184745e-06,1.0504611472762936e-05,0.001275231827327118,0.01357528346017804,0.6194158075601375,0.6493506493506493,0,0,12,4,0
345,1,1,2,3,2,5,6,0.25167546294826965,0.25901861252115266,0.0,6.443531471773316e-08,7.559901189957985e-10,0.00024212890669053633,0.000386555870659133,0.0,0.0,0,0,3,2,0
346,7,10,17,29,21,50,5,0.2754853396764675,0.2891878172588842,2.1976122853766556e-05,1.2530195820959268e-08,3.572135643565522e-08,0.00039477316385243505,0.00187730393217772,0.6576923076923077,0.6727272727272727,0,0,7,1,1
347,30,31,61,366,352,718,5,0.3463084938038184,0.37140439932318053,0.0010503590237838944,7.478974210919751e-06,5.132504264371468e-06,0.0014505992148608747,0.01885964401228373,0.31530782029950083,0.3511586452762923,0,0,6,9,0
348,1,2,3,2,2,4,5,0.24439485134155184,0.251607445008462,8.301113427557694e-07,3.756182724250018e-07,5.058558389790918e-09,0.0001999183716028946,0.0003582144797715589,0.0,0.0,0,0,2,0,0
349,27,17,44,273,214,487,5,0.318429773734921,0.3435532994923849,0.0002748405027118523,1.6098190070698894e-06,4.628071293311719e-06,0.0013040738631291172,0.015144458622246986,0.45586652314316467,0.5299145299145299,0,0,12,4,0
350,1,1,2,1,2,3,5,0.26431270133501167,0.2741285956006783,0.0,9.445069980143155e-08,1.549723027147095e-07,0.0001936650763961617,0.0009271015854399516,0.0,0.0,0,0,10,6,0
351,9,24,33,116,89,205,5,0.2963644797558879,0.31417935702199673,1.717794311241161e-05,1.1885176700495985e-06,3.762973319469295e-06,0.00036082183137169083,0.007652424886465743,0.7528846153846154,0.7666666666666667,0,0,12,4,0
352,1,0,1,4,0,4,0,0.24586867529065007,0.2544670050761439,0.0,-0.0,6.087799589793697e-07,0.00019427686583139932,0.00046492950139657323,0.0,0.0,0,77,2,0,0
353,20,18,38,493,308,801,4,0.32632598176268246,0.3493231810490686,0.0003211912761323814,8.077411143533106e-06,9.26457301756553e-06,0.0008265971039994086,0.01346829089739104,0.3570391872278665,0.35144927536231885,0,0,8,7,0
355,13,10,23,111,24,135,5,0.30145620429794945,0.3187817258883246,5.081155342133638e-05,3.582186521650579e-08,9.811530492144718e-07,0.00050435430347722,0.0069160703128913975,0.8122448979591836,0.819047619047619,0,0,6,9,0
356,103,113,216,2723,4905,7628,4,0.3950956026306843,0.43730964467005,0.00783034184272737,0.0005774641483417011,0.0008120101649126521,0.005220605211466842,0.09530873417573126,0.2759545120422018,0.2932160469145675,0,0,1,3,0
357,0,1,1,0,1,1,1,0.0,0.0,0.0,4.542158430645624e-14,-0.0,0.00018716917629273057,2.4109404053634617e-34,0.0,0.0,0,175,5,11,0
358,1,0,1,1,0,1,0,0.235891885853134,0.24436548223350385,0.0,-0.0,3.936858758787881e-10,0.0001905519843593795,0.00019197631379313867,0.0,0.0,0,134,5,1,0
359,5,0,5,14,0,14,0,0.30788761403093073,0.3232656514382395,0.0,-0.0,1.7854978047409915e-07,0.00022383134438527818,0.004773046428781131,0.45,0.5,0,66,3,2,0
360,31,21,52,654,58,712,4,0.3456088806850228,0.3719120135363779,0.000333345766947118,1.2599478678172823e-06,2.5637041989916883e-05,0.0010962593858004424,0.024196533134974114,0.39533995416348355,0.4235294117647059,0,0,8,7,0
361,9,8,17,335,9,344,5,0.3218746866210466,0.3399323181049067,2.5960587757561607e-05,3.693429081492007e-07,8.731951048421308e-05,0.00030736982592696705,0.00756359501058838,0.29545454545454547,0.3974358974358974,0,0,10,6,0
362,60,171,231,313,712,1025,4,0.3772357132063645,0.4086294416243645,0.011218770230281028,4.263816240088055e-05,3.051812693211167e-05,0.0014395557605720501,0.04951788390249612,0.10448098974049487,0.11089951120421507,0,0,2,0,0
364,50,0,50,413,0,413,0,0.3597134787943963,0.3906091370558367,0.0,-0.0,4.7572726293672087e-05,0.0011307106116817836,0.032681717438547385,0.21836734693877552,0.2653061224489796,0,19,10,6,0
365,21,23,44,103,107,210,4,0.33742878883448973,0.35981387478849314,0.0001366183618404773,5.311397962038734e-07,7.818395508473608e-07,0.0005093989010534864,0.017124200552384384,0.42895586652314316,0.4444444444444444,0,0,3,2,0
366,6,1,7,24,7,31,6,0.27317588173905993,0.28636209813874897,8.776580527847314e-06,2.2598974208994246e-09,3.257386309797267e-08,0.00038955188498243935,0.0022182082594868484,0.5,0.6666666666666666,0,0,9,8,0
367,52,87,139,182,421,603,4,0.3861769660024521,0.41294416243654763,0.0016298521027950693,1.2348590156601801e-05,1.2465774266488533e-05,0.0005583554951129356,0.05295986191020065,0.24112472510210492,0.2712628865979381,0,0,2,0,0
368,15,15,30,69,49,118,5,0.27794702833320273,0.2955499153976319,2.1283210224691787e-05,4.4142542587569006e-07,8.261925185960371e-08,0.0005097365383023018,0.003685381486535077,0.6108490566037735,0.6491228070175439,0,0,7,1,1
369,35,38,73,468,403,871,5,0.3560382849928955,0.3821489001692041,0.002517196744673804,5.370076338955368e-06,7.834287071587818e-06,0.001786141076795041,0.021089957618147987,0.22652040030792917,0.25249169435215946,0,0,4,5,0
370,1,0,1,4,0,4,0,0.23420061593066357,0.2415228426395951,0.0,-0.0,4.94934897840754e-09,0.00019443612823822015,0.00014083331422603575,0.0,0.0,0,157,0,10,0
371,36,22,58,464,74,538,4,0.36399233178529,0.3896785109983072,0.001221922641791622,1.976479449555639e-06,8.678737551197437e-06,0.0014897964453994762,0.037852922094911104,0.3345565749235474,0.3730769230769231,0,0,2,0,0
372,18,16,34,170,473,643,5,0.342666792066272,0.3642978003384084,0.00017302628766783636,1.1847005443156651e-05,1.5365934721222763e-06,0.0010837747677852267,0.015718653197922306,0.37751371115173676,0.43157894736842106,0,0,3,2,0
373,13,1,14,579,1,580,5,0.29419844529507533,0.31421319796954317,2.6946240534923457e-05,1.523075439774926e-08,2.1862134041733354e-06,0.0009129625652518435,0.006820611144432304,0.3516483516483517,0.43956043956043955,0,0,8,7,0
374,20,18,38,247,157,404,4,0.31798586605778123,0.34027072758037175,0.00046831297327948627,1.991692526868916e-06,3.516317721492971e-05,0.0012346554867934696,0.010248440030588602,0.24781976744186046,0.31620553359683795,0,0,2,0,0
375,1,0,1,1,0,1,0,0.2442056262231804,0.2526057529610846,0.0,-0.0,1.3311675760595891e-08,0.00019061944274596218,0.00030655394357376973,0.0,0.0,0,138,10,6,0
376,16,18,34,41,24,65,4,0.31976896437212393,0.3408967851099821,0.0006873441460591977,1.297229203951795e-07,1.0102082124060343e-07,0.00040089285097914286,0.008795973704734632,0.20454545454545456,0.24110671936758893,0,0,7,8,0
377,52,67,119,507,794,1301,4,0.3735292487752976,0.4029610829103207,0.0035866244373286777,9.931944111489664e-06,2.0543414665253397e-05,0.0020984543025602408,0.046451065081259034,0.2791081158589045,0.31768388106416273,0,0,3,2,0
378,12,0,12,125,0,125,0,0.28956251754365286,0.306988155668359,0.0,-0.0,2.761112318740394e-07,0.0005330805965735192,0.002890356268609585,0.553030303030303,0.6212121212121212,0,37,7,1,1
379,16,7,23,164,61,225,5,0.3154935840278216,0.3361252115059216,8.168030414361432e-05,1.5409886577529667e-05,0.0011189012694270077,0.0008016433064981123,0.008062432563810352,0.3413654618473896,0.34502923976608185,0,0,2,0,0
380,8,0,8,72,0,72,0,0.3128014610400883,0.3303214890016913,0.0,-0.0,1.256037492192771e-05,0.0003534991205799119,0.0060781716864357115,0.32142857142857145,0.32142857142857145,0,31,2,0,0
381,48,38,86,831,697,1528,4,0.3577133213572113,0.38857868020304476,0.0020989034235927694,1.3443893348355292e-06,3.2644267918749612e-06,0.0032602484145896234,0.03219849092712453,0.3123964660408614,0.33962264150943394,0,0,5,1,0
382,6,0,6,9,0,9,0,0.2724279603101325,0.28532994923857974,0.0,-0.0,1.698487820507326e-08,0.0002106024448940067,0.002288337072630579,0.9333333333333333,1.0,0,52,5,1,0
383,115,86,201,762,615,1377,4,0.4107476493135325,0.45211505922165734,0.011823266090497048,1.630711746832983e-05,0.0003112410946401678,0.0022254435824620297,0.07379885182984915,0.08865088875574197,0.10392441860465117,0,0,2,0,0
384,1,0,1,1,0,1,0,0.26974974599328105,0.28018612521150715,0.0,-0.0,6.299856596543723e-08,0.00018937336429143822,0.0008814762008034763,0.0,0.0,0,56,1,3,0
385,3,0,3,7,0,7,0,0.2623226019353398,0.2724196277495785,0.0,-0.0,7.122980419759723e-09,0.0002235079403245608,0.0009007723326286926,0.5,0.6666666666666666,0,47,5,1,0
386,4,0,4,45,0,45,0,0.3011297647326224,0.3160236886632826,0.0,-0.0,1.720883013907293e-07,0.0003258262582018479,0.002907304881253048,0.5833333333333334,0.6666666666666666,0,14,9,8,0
387,9,13,22,20,17,37,5,0.291193865428232,0.3074619289340104,0.0002122745050011984,2.36895017359885e-07,1.0537246279255717e-07,0.00025898210554176076,0.004700881179595307,0.2911111111111111,0.325,0,0,8,4,0
388,61,48,109,639,270,909,4,0.3905853788563614,0.4193739424703883,0.002191418760704115,6.4460598313197936e-06,1.0637684580140871e-05,0.0031383534436842187,0.05969793015083338,0.3123182207014542,0.35030728709394204,0,0,7,0,0
389,5,3,8,6,3,9,5,0.2992153842397661,0.31402707275803704,1.530579201618007e-05,1.2504359659352675e-08,2.3905943726513338e-08,0.00023050578650814885,0.003604188573636315,0.19230769230769232,0.2,0,0,2,0,0
390,6,6,12,132,96,228,5,0.28560333211867495,0.3000169204737736,1.713318386181793e-05,1.93161371173393e-06,5.495640026002868e-07,0.0008906058399608435,0.004515141524611363,0.4666666666666667,0.5333333333333333,0,0,2,0,0
391,16,10,26,663,533,1196,5,0.31418989153183896,0.3350253807106591,0.00010137799696103414,1.3471552359076537e-06,9.425097974298586e-06,0.0005839812280946284,0.011433241023725792,0.41037735849056606,0.49122807017543857,0,0,8,7,0
392,22,17,39,498,257,755,4,0.3498494804480292,0.37225042301184363,0.00011657565148369968,2.6384685446758733e-05,3.0052722829208197e-05,0.0013042463648579394,0.023012175402152567,0.4509668508287293,0.48917748917748916,0,0,1,3,0
393,16,14,30,152,71,223,5,0.31433421394411815,0.33492385786801954,6.100245582821977e-05,1.0819683331501963e-06,8.732213094648401e-07,0.0005921379379333253,0.009732017630927644,0.4091981132075472,0.4502923976608187,0,0,3,2,0
394,5,0,5,129,0,129,0,0.27828543775290615,0.29038917089678595,0.0,-0.0,4.662010815417373e-06,0.0002359192982987684,0.002543224844827552,0.35,0.4,0,70,2,0,0
395,8,8,16,12,17,29,6,0.28644017737812694,0.3027072758037228,3.3047623385489236e-05,3.932228225918109e-08,2.353811678756721e-08,0.00024182422339302144,0.00347077657700628,0.3448275862068966,0.3787878787878788,0,0,7,1,1
396,2,2,4,13,15,28,6,0.24766760179382744,0.25749576988155826,0.0,1.5989128230490784e-08,4.900690578704102e-09,0.00025665179119190344,0.0005845652268858991,1.0,1.0,0,0,5,1,0
397,8,11,19,23,86,109,4,0.3255497544035895,0.34348561759729207,7.175893327675025e-05,8.796588502478689e-07,6.985378674512147e-07,0.0002263078378798203,0.008840285666270842,0.31626506024096385,0.3516483516483517,0,0,2,0,0
398,9,8,17,120,58,178,5,0.3285192432819708,0.34703891708967793,8.467397494518609e-06,9.42880164639674e-06,0.0001316776484855584,0.0004193096521152162,0.01394346457611464,0.6461538461538462,0.7272727272727273,0,0,2,0,0
399,34,24,58,158,97,255,5,0.32648167163947767,0.35456852791878063,0.0007747258684538227,2.379452628778192e-07,5.147081639027249e-07,0.0011149721268363323,0.009538877370421528,0.2654434250764526,0.3269230769230769,0,0,7,1,1
400,18,11,29,61,47,108,5,0.30713895141667197,0.3284263959390858,0.00013031674502208876,5.595582079083173e-07,8.97438196510373e-07,0.0004429811796965499,0.009219608170535815,0.3329113924050633,0.43137254901960786,0,0,2,0,0
401,14,11,25,1637,2924,4561,4,0.3049490123691378,0.32448392554991534,0.0001579448792527504,5.3635544635074443e-05,1.2729836206549907e-05,0.0021936796022505515,0.008111367985105752,0.42931034482758623,0.5047619047619047,0,0,12,5,0
402,26,32,58,174,120,294,5,0.29057561942944593,0.3130964467005075,0.0004961767211659493,1.9623437123182633e-07,7.341673461088158e-08,0.001058931410336413,0.006166702338895823,0.36650336803429273,0.42532005689900426,0,0,7,1,1
403,5,6,11,7,9,16,5,0.2961079981637149,0.31109983079526243,9.814867978196968e-06,1.8561616686213767e-08,2.6973168764074157e-08,0.00022891605903456485,0.0034130325136516645,0.44,0.6,0,0,3,2,0
404,21,14,35,253,127,380,5,0.3471870034278768,0.3691201353637895,0.0007591541958539268,3.5641458148577977e-06,1.7988470321194013e-06,0.0010113142741227986,0.01611155059846705,0.3210616438356164,0.391304347826087,0,0,3,2,0
405,16,4,20,104,17,121,4,0.3178381717400582,0.33945854483925514,5.2053657233649954e-05,1.0770539576833156e-06,2.0154676936412772e-06,0.0005033427979879035,0.009516461060138759,0.5134408602150538,0.49166666666666664,0,0,2,0,0
406,10,8,18,38,33,71,5,0.307414907347864,0.324957698815566,4.119144449635696e-05,6.829280256233944e-08,1.1486708001397019e-07,0.0003318650342120777,0.0058865853752288885,0.5445205479452054,0.4909090909090909,0,0,0,10,0
407,24,20,44,159,119,278,5,0.342666792066272,0.36641285956006686,0.0002835478458890113,6.191345324702367e-07,5.586284969105357e-07,0.0007019483696350397,0.016441145793279596,0.3606027987082885,0.37037037037037035,0,0,3,2,0
408,12,3,15,43,3,46,5,0.3003975345725835,0.3197292724196275,5.688057565595327e-06,3.137744887006167e-08,8.950756453454709e-07,0.000260481453562815,0.009645006702339098,0.7233009708737864,0.8333333333333334,0,0,8,4,0
409,27,19,46,439,41,480,4,0.33267164985724124,0.3576480541455149,0.0001978378622822741,2.0760584910676183e-07,4.730658386197368e-06,0.0007856860851288423,0.015300644991955818,0.4189453125,0.4722689075630252,0,0,3,2,0
410,54,72,126,314,951,1265,4,0.37009496146908877,0.4008460236886623,0.003488310680033,9.278352369228041e-06,2.1286914241154365e-06,0.0011100444826173611,0.03473628755764769,0.20365401814232784,0.21578421578421578,0,0,3,1,0
411,3,0,3,14,0,14,0,0.2568227645304806,0.2661590524534706,0.0,-0.0,5.1718514581773335e-08,0.00021532899684340097,0.0004666173352624184,0.3333333333333333,0.3333333333333333,0,24,5,1,0
412,1,0,1,1,0,1,0,0.20057707721079346,0.2054822335025376,0.0,-0.0,1.7358587971169208e-09,0.00018979366583000225,2.1336223711495147e-05,0.0,0.0,0,82,4,3,0
413,19,22,41,293,164,457,5,0.3456088806850228,0.3669204737732649,0.0002423982478988191,3.505945106592792e-06,6.7730634321971816e-06,0.0006079317062887531,0.024505264039745834,0.4040841584158416,0.4187192118226601,0,0,2,0,0
414,20,29,49,320,314,634,4,0.34543441885731707,0.3670896785109975,0.00030692897198550693,9.499324127982953e-06,1.5743182088217017e-05,0.000913815983482995,0.0252669062984844,0.3452278589853826,0.42063492063492064,0,0,8,7,0
415,108,124,232,1461,1228,2689,4,0.416751269035533,0.45338409475465263,0.008793719851552348,5.087944162590427e-05,0.00011130274658270916,0.002710025013406457,0.10904955306993339,0.23512228006441707,0.2731859167024474,0,0,12,5,0
416,102,114,216,2302,2100,4402,4,0.3978520835792705,0.4386632825719111,0.007625078319357644,0.00026150883315561365,0.0010675412431971156,0.004030842530888004,0.08867271901263213,0.2781909373919059,0.2942564909520063,0,0,1,3,0
418,17,23,40,1859,2070,3929,4,0.32524029646214125,0.34681895093062526,0.0017322343468659678,6.603347659256363e-06,0.00019097153243657086,0.003882618087649348,0.010356420468617815,0.18455497382198952,0.2210144927536232,0,0,5,1,0
419,2,3,5,3,5,8,5,0.2681448212211384,0.27888324873096587,3.2824991138147186e-06,5.474678207919835e-09,2.0810505665909706e-08,0.00020174348940354863,0.0008957586253204418,0.25,0.3333333333333333,0,0,5,1,0
420,8,12,20,130,250,380,6,0.28323906612431504,0.2978510998307957,0.0010355339839788458,2.8765421885319626e-08,2.2586364980152485e-08,0.003383364901934145,0.002517105966857336,0.42349726775956287,0.48717948717948717,0,0,7,1,1
421,32,18,50,851,239,1090,4,0.34771625190871197,0.374196277495769,0.00024347167828460132,7.384547585367933e-07,3.461378382348923e-06,0.002174564178788499,0.023032089274596587,0.3758278145695364,0.48295454545454547,0,0,8,4,0
422,34,39,73,658,553,1211,4,0.3512862339611628,0.37791878172588733,0.001419351538728783,7.0848890980543285e-06,3.4372315075967546e-06,0.0024315955089152324,0.021762177902403007,0.1651923076923077,0.20404040404040405,0,0,0,10,0
423,62,63,125,924,1391,2315,4,0.3831498229318842,0.4141285956006761,0.005365248908622525,5.415254585069694e-06,6.891065158935119e-06,0.0026768598843392617,0.037493912663655565,0.1861190538081622,0.2041773231031543,0,0,3,2,0
424,28,40,68,746,927,1673,5,0.32994483305513267,0.3556683587140431,0.0015991682202089593,3.2523195784041375e-06,2.22027921937703e-06,0.0024165994742528086,0.018841518331135287,0.3762749445676275,0.39595959595959596,0,0,8,4,0
425,57,65,122,1414,1236,2650,4,0.36283434981778645,0.3957698815566827,0.0019266107583686021,0.00010228747813158464,0.0001419439585128601,0.0026786322926694354,0.0553118591896937,0.38078024826081025,0.38810641627543035,0,0,1,3,0
426,8,3,11,16,3,19,5,0.3070011591549328,0.3246869712351941,1.9364007023211934e-05,4.7609131450643966e-08,1.7062657074735833e-07,0.00022662789970148177,0.006388549498848685,0.16363636363636364,0.2,0,0,3,2,0
427,19,20,39,196,85,281,4,0.3233958335332444,0.3459729272419617,0.00035761624428764496,6.868025916628995e-06,1.5512709901895182e-05,0.0005769946129808536,0.009695900488458723,0.19421487603305784,0.2318840579710145,0,0,10,6,0
428,73,71,144,1727,2157,3884,4,0.38400986742780313,0.418527918781725,0.0047917093446687665,7.552328836044386e-05,6.574380491182698e-05,0.00444716147532046,0.05883963626177363,0.2667285337501221,0.2971988795518207,0,0,12,4,0
429,12,9,21,1426,1225,2651,4,0.2972656749593159,0.3149238578680205,0.0002275843564217919,1.1666547870513522e-05,2.05054884680101e-05,0.0014769782573840593,0.00621603845239066,0.4158415841584158,0.47435897435897434,0,0,12,5,0
430,2,0,2,2,0,2,0,0.26754040720004435,0.277884940778343,0.0,-0.0,5.20784142604331e-07,0.0001915407472512272,0.0013979339729359866,0.0,0.0,0,44,2,0,0
431,4,2,6,14,8,22,5,0.2862005787354016,0.3003384094754658,8.484334459655071e-07,1.7066769417378776e-08,1.1855251711218656e-07,0.00023857493575990738,0.004247366137278295,0.6153846153846154,0.6666666666666666,0,0,8,4,0
432,11,19,30,303,77,380,5,0.3017220386932739,0.32023688663282557,0.00015501601757881745,2.80617442476785e-06,7.185946734676359e-05,0.0004268998411874293,0.005626601738752512,0.2716627634660422,0.2813852813852814,0,0,10,6,0
433,45,41,86,691,287,978,4,0.3667232496014712,0.39500846023688574,0.0023670584744789488,2.6856610860958647e-05,0.00012107520459799272,0.0010577690828652846,0.036486452755396095,0.26428374275462324,0.30118798043326345,0,0,10,6,0
434,6,1,7,12,1,13,5,0.25842355882037205,0.27071065989847864,0.0,3.0151214500202224e-09,1.0902621056835256e-08,0.00022012792365023006,0.0014660393446443197,0.9285714285714286,0.9523809523809523,0,0,9,8,0
435,45,49,94,826,820,1646,4,0.36149264857704444,0.39052453468697046,0.0009229119451532226,0.0001877031174378651,0.0006914711301501728,0.0014421533622651823,0.0477933505147976,0.37335640138408305,0.3895946763460375,0,0,1,3,0
436,1,1,2,1,1,2,5,0.24544676605320848,0.25409475465313197,4.144987671346249e-07,6.484355727282247e-09,3.428290717155307e-09,0.0001912358116885786,0.0004693770973691549,0.0,0.0,0,0,3,2,0
437,14,1,15,79,1,80,6,0.2940720170848067,0.3127072758037221,2.1992271752800348e-07,2.7356570298133813e-09,3.7797146736426945e-07,0.00036345966430411855,0.006204398311835571,0.8461538461538461,0.9120879120879121,0,0,5,1,0
438,3,1,4,83,1,84,5,0.24309256971806226,0.2518443316412875,1.2016554659454962e-05,5.968114779727914e-08,5.2383871237854266e-08,0.00043556574465422983,0.00030381608127791305,0.25,0.3333333333333333,0,0,2,0,0
439,24,23,47,585,500,1085,5,0.32354873936470224,0.3472081218274104,0.0001264449315490865,9.476626929804336e-05,0.00010367446387335621,0.0010735695413363138,0.01757291851685359,0.7136792452830188,0.7415384615384616,0,0,1,3,0
440,13,16,29,136,204,340,5,0.3278895945166963,0.34780033840947466,0.00013161072072700306,3.1920644078391805e-07,5.203852162953165e-07,0.000728784089768484,0.010055796290517127,0.3493670886075949,0.33986928104575165,0,0,5,1,0
441,9,11,20,51,75,126,5,0.30052946146523724,0.31632825719120117,0.00027243472996711995,8.589643497333059e-08,5.042363983993857e-08,0.0007333749484680015,0.004002410908017452,0.28415300546448086,0.28205128205128205,0,0,2,0,0
442,11,0,11,28,0,28,0,0.2978608788801188,0.3159560067681893,0.0,-0.0,1.2653355330806062e-07,0.0002716766750817007,0.005757427702946412,0.5636363636363636,0.6,0,50,5,1,0
443,60,57,117,820,1017,1837,4,0.3747566176102657,0.4065989847715728,0.0029682172989711096,9.284170278782651e-05,0.0001987235057545063,0.003333405013329238,0.05903096434874217,0.28498293515358364,0.336231884057971,0,0,2,0,0
444,26,19,45,235,199,434,4,0.3341335858185279,0.3588832487309636,0.00035970866280980566,2.6164888290202562e-06,2.1772620228011585e-06,0.0008188059742522142,0.019211737507320067,0.40113285272914523,0.4553846153846154,0,0,4,5,0
445,17,9,26,432,42,474,5,0.3088021587348128,0.33049069373942425,4.0351070855067074e-05,1.0007091710547816e-06,8.918374870173382e-06,0.000528961560696057,0.011909030547710737,0.45,0.47619047619047616,0,0,8,7,0
446,3,1,4,8,1,9,6,0.27122694560299054,0.28263959390863064,1.6470662304736623e-06,3.890148442852182e-08,2.0808642735723904e-08,0.00020674307122174664,0.001091752526607047,0.5,0.5,0,0,5,2,0
447,31,25,56,632,256,888,5,0.3302633126237187,0.3567174280879857,7.113258441714002e-05,4.653960099226031e-05,0.001028789071491246,0.001073941641023596,0.02533922578068513,0.7210144927536232,0.7076648841354723,0,0,1,3,0
448,9,3,12,19,3,22,5,0.3232430721569887,0.3419627749576984,0.00099925545987501,1.0957525353319279e-07,1.0250278946828793e-06,0.00039041719083649336,0.008896442382719805,0.3492063492063492,0.3055555555555556,0,0,10,6,0
449,9,2,11,18,2,20,5,0.31404570158620704,0.33197969543147127,3.4805373504385777e-06,5.6009405525973297e-08,7.042883093692688e-06,0.00021888480219061873,0.01046573608981637,0.49056603773584906,0.5277777777777778,0,0,12,5,0
450,84,76,160,1182,1136,2318,4,0.39260217082980214,0.4285109983079518,0.004768326137363876,0.015396577536180156,0.0008101147652052605,0.0033513467528438912,0.08545518350648566,0.30195164348925413,0.3350877192982456,0,0,2,0,0
451,5,0,5,15,0,15,0,0.27637937311076294,0.28945854483925665,0.0,-0.0,3.5367106525563253e-08,0.0002100601237980594,0.002751019840769964,0.6,0.6,0,74,8,4,0
452,3,1,4,4,1,5,6,0.28837150600773076,0.30057529610829126,0.0008460236886632825,1.9232768869765884e-26,5.078518517182022e-08,0.00020211125443681105,0.0031008630306507945,0.16666666666666666,0.3333333333333333,0,0,3,2,0
453,2,1,3,6,8,14,5,0.29319005302328416,0.30612521150592226,0.0,5.166268211436983e-07,8.129584166281169e-08,0.00020885335250221465,0.002682083180660012,1.0,1.0,0,0,3,2,0
454,47,129,176,1855,2168,4023,4,0.3661346087513886,0.39509306260575217,0.008421947175916692,3.006089669056973e-05,3.209712639068879e-05,0.002477170469119478,0.0386881590589733,0.13729321349485477,0.13559928443649374,0,0,12,5,0
455,2,0,2,2,0,2,0,0.28641904136155055,0.2982402707275809,0.0,-0.0,1.4776080537397297e-08,0.00019356844427054006,0.0025765420020326555,1.0,1.0,0,129,3,2,0
456,8,9,17,37,43,80,5,0.28800740057085233,0.3021489001692051,8.542121563372768e-05,1.1317428090837279e-07,1.9869821859964956e-07,0.0003640402671513358,0.0025650527610834584,0.4140625,0.4722222222222222,0,0,2,0,0
457,14,18,32,96,64,160,5,0.30400070357900716,0.32311336717428024,4.104304686578684e-05,1.0114667422062305e-06,4.4391766823013904e-07,0.0004570660176569573,0.009639838803454903,0.5373443983402489,0.5882352941176471,0,0,3,2,0
458,29,29,58,427,607,1034,5,0.33610293897659393,0.36167512690355225,0.0007596344977384501,3.1865627839934683e-06,1.5057001398821478e-06,0.0015465669283580286,0.016779670442259833,0.49661954517516904,0.5403225806451613,0,0,9,8,0
459,6,6,12,32,23,55,4,0.3120408498660945,0.3288494077834175,5.578265808227275e-05,2.8187500706781074e-06,2.178185375253978e-06,0.0002529599517301411,0.007078204775328145,0.75,0.7142857142857143,0,0,1,3,0
460,12,3,15,32,4,36,5,0.31917238048336993,0.3386632825719113,3.902267481153177e-06,8.068085078878906e-08,6.104594083745767e-07,0.0003023800347363892,0.00875264228886819,0.529126213592233,0.5641025641025641,0,0,7,0,0
461,9,0,9,19,0,19,0,0.3167006482275686,0.33580372250422935,0.0,-0.0,3.5285107541149144e-06,0.00024489007281849147,0.006327356098592961,0.08333333333333333,0.08333333333333333,0,43,5,6,0
462,39,44,83,151,470,621,4,0.36341241835175,0.39001692047377234,0.0005402358142272835,2.3617238967712783e-05,6.380714811621181e-05,0.000552026496173007,0.04734928825179501,0.3854012437074326,0.4166666666666667,0,0,2,0,0
464,19,14,33,212,108,320,4,0.33926900533284343,0.3613367174280871,0.0001247017298288746,1.8746837953444824e-06,3.657486485320868e-06,0.0006297517211135114,0.018056092684921334,0.5097087378640777,0.5263157894736842,0,0,5,5,0
465,11,12,23,86,30,116,4,0.3240083256422089,0.34314720812182675,5.34422373108923e-05,4.5703287928619403e-07,1.0254769578854193e-06,0.0004092071324710801,0.010119038784788092,0.37755102040816324,0.4,0,0,1,3,0
466,17,11,28,105,41,146,4,0.3196196094144536,0.341116751269035,0.00014762086832951363,0.0009786707003402535,0.0001080640680488787,0.000523410464240274,0.012097326015846128,0.547683923705722,0.6176470588235294,0,0,2,0,0
467,1,0,1,3,0,3,0,0.2427365902551004,0.2514720812182756,0.0,-0.0,1.119174172748566e-09,0.00019571404189950447,0.00027863858378769765,0.0,0.0,0,51,5,1,0
468,23,12,35,138,39,177,5,0.34011211916319345,0.36319796954314626,0.00027827757606931167,4.191999729981071e-07,7.078866087394549e-07,0.0005314876276260388,0.014478099966748982,0.3441780821917808,0.322463768115942,0,0,5,1,0
469,47,45,92,677,1375,2052,4,0.3651577287920732,0.394585448392554,0.0013266094936125142,5.003866604945206e-06,4.6237834655883586e-06,0.0018903941271802302,0.03737255315184883,0.33481927710843373,0.3935064935064935,0,0,8,4,0
470,22,27,49,616,306,922,4,0.33859751793980464,0.3614213197969534,0.00014316695767745515,5.522924506617819e-06,6.00749213666499e-06,0.0011214960897466448,0.01786072632340628,0.5125,0.5473484848484849,0,0,3,2,0
471,39,49,88,120,96,216,4,0.36244999139636924,0.38950930626057456,0.0019626333446559345,2.481592496638375e-06,9.16378485892935e-06,0.0006061576553077604,0.03221890296400269,0.21828947368421053,0.26101694915254237,0,0,2,0,0
472,61,55,116,2717,1550,4267,5,0.366330612289264,0.4000846023688653,0.0015854541706847144,0.00028403544482231687,0.0004874187799418898,0.004067164885839914,0.05474926443021368,0.3831345311792239,0.38491048593350385,0,0,1,3,0
473,11,0,11,25,0,25,0,0.2839294718795172,0.3017428087986467,0.0,-0.0,3.483011451657918e-08,0.0002874070278018845,0.002992989921279796,0.4090909090909091,0.4727272727272727,0,36,5,1,0
474,18,10,28,69,21,90,5,0.3163687396007144,0.33798646362098067,0.00012760660927319998,1.0911411312962316e-06,2.728273241301874e-07,0.0005127559699988622,0.009160220397100365,0.5094594594594595,0.5526315789473685,0,0,7,0,1
475,1,0,1,1,0,1,0,0.2614228674012628,0.2717597292724212,0.0,-0.0,9.345768326107955e-08,0.00018860725372634238,0.0009542956647038934,0.0,0.0,0,108,1,3,0
476,5,0,5,25,0,25,0,0.30858011878583613,0.32428087986463594,0.0,-0.0,6.088284075174865e-07,0.00024546973426629545,0.00834020584640872,1.0,1.0,0,79,2,0,0
477,17,17,34,121,94,215,5,0.30440639846812506,0.3250423011844328,0.00014722901334170442,2.4348428238707558e-06,1.1578303565894741e-07,0.000784175471235991,0.0058505796193163,0.5127272727272727,0.5731225296442688,0,0,7,1,1
478,6,7,13,189,55,244,4,0.2838264553116322,0.30011844331641313,8.011655870253887e-05,1.8251020460940686e-05,1.866278305330675e-05,0.0006051245052676827,0.0041713984312842884,0.636986301369863,0.7142857142857143,0,0,1,3,0
479,25,17,42,104,40,144,5,0.36035049170950245,0.3824873096446694,0.002159144098426319,6.807210039661985e-07,9.471011394703495e-05,0.0008618422816984695,0.023833907963258794,0.3349112426035503,0.38769230769230767,0,0,3,2,0
480,13,9,22,211,23,234,5,0.3045418708305942,0.32529610829103145,0.0001000015436921475,1.383020238979441e-06,4.8968912636176046e-05,0.00032614585339465823,0.005803648111835853,0.28603603603603606,0.3333333333333333,0,0,10,6,0
481,4,3,7,20,25,45,5,0.2782861259684202,0.2898307952622682,1.2715365846539306e-05,5.0935206295179486e-08,2.6623105354117228e-08,0.00028916897244208564,0.0017900340886237434,0.4444444444444444,0.5,0,0,9,8,0
482,34,27,61,833,192,1025,4,0.34491208858686756,0.3718274111675118,0.0018347949983340203,8.575178780653954e-06,9.453772605678814e-05,0.001473441194123093,0.019161911600491868,0.2320044296788483,0.26576576576576577,0,0,10,6,0
483,43,35,78,141,61,202,5,0.36379882177370826,0.39196277495769793,0.0008914609726649334,2.154700852470351e-06,1.2905516613545865e-05,0.0005485437448780014,0.03808335069463119,0.2007054081289889,0.21945701357466063,0,0,2,0,0
484,23,13,36,720,99,819,4,0.33527956088012995,0.3587140439932309,0.000328561407659408,1.0523223037931654e-06,1.213006724083402e-05,0.0006974542970827123,0.01863406912355863,0.4087237479806139,0.43333333333333335,0,0,8,7,0
485,27,22,49,511,225,736,4,0.342666792066272,0.36717428087986403,0.001640087857503407,3.113653198271358e-06,4.9345670493221e-06,0.001678016694288883,0.02186809868980337,0.4257981018119068,0.4274193548387097,0,0,4,5,0
486,5,9,14,22,17,39,4,0.2961079981637149,0.31093062605752986,7.036055084017175e-05,9.718295216279625e-08,1.431802958533058e-07,0.00023842076243286796,0.0038653051948017323,0.3218390804597701,0.4,0,0,8,7,0
487,14,1,15,57,1,58,5,0.3211194668026021,0.3415397631133665,8.300222957575224e-05,1.3998504115676373e-07,2.7222336069332235e-07,0.00043711753607434106,0.006890707379795527,0.4567307692307692,0.5494505494505495,0,0,7,1,1
488,8,1,9,77,1,78,5,0.28312187991574067,0.29807106598984834,3.2381508041461457e-07,2.523616135141901e-07,0.0004852121146377615,0.00048664190931751246,0.00395233345262482,0.7,0.8214285714285714,0,0,2,0,0
489,4,0,4,14,0,14,0,0.2740605689416355,0.28692047377326674,0.0,-0.0,4.286884122948273e-08,0.00025266249913774835,0.001636336045440944,0.16666666666666666,0.16666666666666666,0,89,7,0,0
490,6,1,7,13,1,14,5,0.31118944236304924,0.32803722504230054,1.0209828252209533e-06,6.988278939632397e-09,2.06985695745557e-05,0.00023754305034912813,0.007009138324338214,0.4523809523809524,0.5238095238095238,0,0,1,3,0
491,35,31,66,161,149,310,4,0.35146665832375207,0.37854483925549837,0.0011562463951835065,8.072284242416527e-07,5.59352653690962e-07,0.0007659907726002796,0.02196414012941907,0.2345737164390014,0.2653276955602537,0,0,5,1,0
492,1,0,1,2,0,2,0,0.25866274662930383,0.26730964467005247,0.0,-0.0,1.6424322788499674e-08,0.00019131933942439047,0.0009502738793609691,0.0,0.0,0,140,2,0,0
493,30,32,62,1115,355,1470,4,0.3464838398766305,0.37208121827411056,0.00032783433089406,7.995688438901461e-06,3.239930219804275e-05,0.001613874489784208,0.025903962226594666,0.471313672922252,0.5380952380952381,0,0,8,7,0
495,4,4,8,56,55,111,4,0.29521379799669767,0.30930626057529603,5.261402161119017e-06,7.748665963862811e-06,0.0004979024415420044,0.0004093855261608606,0.0036990046748698324,0.14,0.3,0,0,2,0,0
496,2,1,3,2,1,3,5,0.2693056213130048,0.2809813874788506,0.0,4.554414400119088e-09,3.473810984917013e-08,0.00018910767257450715,0.0014632117426472322,0.5,0.6666666666666666,0,0,3,7,0
497,6,7,13,107,136,243,5,0.291070005851274,0.3069035532994926,3.400590695083345e-05,4.2861920380235546e-07,1.8164713405909206e-06,0.00032638083901409076,0.003970532422993222,0.3150684931506849,0.35714285714285715,0,0,5,1,0
498,1,0,1,1,0,1,0,0.23524472018549852,0.24412859560067793,0.0,-0.0,1.2299850485573836e-10,0.00019154268114550388,0.0001779654576402208,0.0,0.0,0,148,7,1,1
499,68,63,131,742,593,1335,4,0.3774437858556785,0.4117597292724188,0.006055294990977588,1.4840653298898098e-05,8.863540043111643e-06,0.0029359589575296712,0.05826353449099746,0.2742145050791401,0.32339656729900634,0,0,9,8,0
500,51,57,108,844,1512,2356,4,0.37312191044511733,0.4021150592216573,0.0015349455680438073,0.00020934036807212703,0.0005588102240279484,0.0017266749880210112,0.058824538063587936,0.3775955330657826,0.40491803278688526,0,0,1,3,0
501,6,0,6,11,0,11,0,0.3004702602106499,0.3158883248730964,0.0,-0.0,9.13868149876692e-08,0.0002233907102671545,0.004888134636655545,0.3333333333333333,0.4,0,69,7,0,0
502,131,109,240,2026,1616,3642,4,0.42529868474601934,0.4669204737732652,0.010433170551776767,2.9537529300489023e-05,5.99902631713397e-05,0.005215794808134098,0.12007934599336953,0.23037363560033586,0.26204351204351206,0,0,3,2,0
503,10,11,21,71,71,142,5,0.27058346530500005,0.28541455160744594,1.1918179560608886e-05,4.2132444871516453e-08,7.423650278654839e-08,0.00041464790826522993,0.002606905664435295,0.7935323383084577,0.7575757575757576,0,0,9,8,0
504,1,0,1,1,0,1,0,0.27839837827147473,0.288020304568529,0.0,-0.0,1.8835105182528175e-08,0.00018904581495354827,0.0017686455151209371,0.0,0.0,0,137,12,5,0
505,14,11,25,129,120,249,5,0.3187264013769656,0.33883248730964405,0.00020170420395110387,1.0831975100815093e-06,7.718250371547665e-07,0.0007654307719268325,0.008298660802969456,0.2857142857142857,0.3333333333333333,0,0,7,1,1
506,87,130,217,1725,2465,4190,4,0.38293541340590104,0.4222504230118435,0.016852588728145892,1.7277900284037316e-05,1.1990146990544176e-05,0.006388524686177888,0.05033243231621072,0.13891505394759376,0.14544869042507513,0,0,5,1,0
507,12,0,12,28,0,28,0,0.3028581033381517,0.32214890016920433,0.0,-0.0,1.0989066921319204e-06,0.0002583789462656386,0.00988843142543644,0.7045454545454546,0.803030303030303,0,35,8,7,0
508,5,0,5,25,0,25,0,0.27604571591988475,0.29074450084602427,0.0,-0.0,1.570478217463225e-07,0.0002328154919013907,0.0026145525933520264,1.0,1.0,0,46,5,1,0
509,35,43,78,177,236,413,5,0.3463084938038184,0.37360406091370474,0.003511032398560667,8.567079501980521e-07,1.2227587215948298e-06,0.0015183478138315687,0.015140177655413051,0.27133736559139787,0.30823529411764705,0,0,7,1,1
510,39,47,86,238,131,369,5,0.32930971306850104,0.3588832487309635,0.0012531363988653181,4.695310306461714e-07,4.850463178612229e-07,0.00120197829418914,0.01480081111364374,0.29279403644395363,0.31059506531204645,0,0,7,1,1
511,13,9,22,86,19,105,5,0.32142112905417813,0.3423688663282568,3.423906006112793e-05,4.646031750349464e-07,1.740124316477175e-05,0.00027508825421840505,0.011417605603216507,0.3488888888888889,0.35833333333333334,0,0,10,6,0
512,21,13,34,181,128,309,4,0.31813369770169464,0.3409475465313023,0.00023412195579008329,6.669976547533426e-07,8.212164153836812e-07,0.0006399309563166298,0.01420755803586428,0.36156648451730417,0.48917748917748916,0,0,8,4,0
513,19,16,35,328,78,406,5,0.3096405356363553,0.33213197969543057,0.0002341846224322659,4.73202124411902e-07,2.3846305607058134e-06,0.0009960174497824184,0.010927100830253746,0.5215146299483648,0.5428571428571428,0,0,4,5,0
514,22,28,50,382,597,979,5,0.31754319431848965,0.3408967851099824,0.00046443874898207413,1.0208163224772198e-06,2.6903727868660203e-06,0.0015363798796603292,0.007491728928092855,0.3706467661691542,0.3913978494623656,0,0,7,1,1
515,19,0,19,116,0,116,0,0.3199503750284112,0.34213197969543085,0.0,-0.0,1.4149863273254383e-05,0.0003334055342610955,0.016635655389368755,0.40350877192982454,0.4444444444444444,0,33,4,5,0
516,33,51,84,656,705,1361,5,0.35020756589372837,0.3760575296108286,0.0024752396569064647,4.395257405072121e-06,8.041999644096639e-06,0.002667599693874506,0.0210430890321709,0.36522872032426174,0.3951734539969834,0,0,5,1,0
517,82,86,168,903,916,1819,4,0.3923770549061612,0.4278341793570212,0.0044922628055237826,0.00012269340412118332,0.000209686035181418,0.0022386955695503597,0.08579343295562275,0.3071413222548528,0.33584158415841586,0,0,1,3,0
518,33,39,72,202,350,552,5,0.3511059947441484,0.37749576988155603,0.0010389806358180448,5.444652580778817e-06,2.501759498549031e-06,0.0009249179824727848,0.029659386789001776,0.35241679873217113,0.391025641025641,0,0,4,5,0
519,5,3,8,58,6,64,5,0.29778310868422336,0.3129610829103212,3.208131091465428e-06,1.5348307813329116e-07,8.992770963440117e-07,0.00024783864023936934,0.004281883074148433,0.6296296296296297,0.8095238095238095,0,0,3,2,0
520,1,3,4,1,6,7,5,0.23960279543289395,0.2473096446700522,0.0,2.230316724917869e-08,1.9688364439161032e-09,0.00019078961199875782,0.0002025756277494036,1.0,1.0,0,0,0,10,0
521,20,2,22,112,3,115,5,0.30992100713602594,0.33174280879864565,4.0794235774240295e-06,4.970630200111486e-07,2.326833772860214e-05,0.00039225817645818187,0.013195856513075942,0.5829694323144105,0.6210526315789474,0,0,1,3,0
522,32,31,63,166,132,298,4,0.3473632404854544,0.3734348561759721,0.002362077766376406,9.260873020329596e-06,6.1565165020610094e-06,0.0006311062278244283,0.028940423739641605,0.28482651475919213,0.3,0,0,3,2,0
523,9,14,23,44,40,84,5,0.3218746866210466,0.34001692047377274,0.00018427290078881366,1.1154104906310697e-06,9.770042530910465e-07,0.00030645050720147087,0.009145742298372712,0.3353658536585366,0.325,0,0,2,0,0
524,13,0,13,26,0,26,0,0.31166451797406347,0.33079526226734274,0.0,-0.0,8.356934826847923e-08,0.000328391472387601,0.00580761321429611,0.391025641025641,0.46153846153846156,0,39,7,1,1
525,3,0,3,3,0,3,0,0.2844003333585878,0.2969373942470394,0.0,-0.0,8.827214239961111e-08,0.000205588812627106,0.002972764879490173,1.0,1.0,0,71,2,0,0
526,36,29,65,651,236,887,4,0.35622362506837335,0.3828257191201343,0.000465705321503509,1.1467752369471356e-05,2.767756681060564e-05,0.0011393584349215845,0.03370389757430662,0.4210910862152947,0.45519203413940257,0,0,8,7,0
527,16,15,31,155,112,267,5,0.31491283191732405,0.33553299492385685,0.0011452589231986015,6.918416384086717e-07,6.512910059123706e-07,0.0010528977792869335,0.008060284412883001,0.27704194260485654,0.2573099415204678,0,0,3,2,0
528,109,106,215,288,303,591,4,0.41223227937129225,0.4509306260575288,0.009801648317256148,8.478080563782797e-06,2.7360534433307558e-05,0.0012360697451048197,0.08760340527887817,0.1622470341939986,0.17327832434147888,0,0,2,0,0
530,95,104,199,2136,2073,4209,4,0.3999448180925454,0.4378172588832479,0.0041084238578396395,9.997836728963818e-05,0.00015453128290509037,0.0037281939955050533,0.10099330056644867,0.2908914827463173,0.31108163866784555,0,0,8,7,0
531,31,46,77,540,423,963,4,0.35529884930235994,0.3802030456852783,0.0011436385315635722,1.2958175063935598e-05,0.0001188396597400153,0.0007356242486857597,0.031819387895941305,0.31614349775784756,0.3657142857142857,0,0,10,6,0
532,53,69,122,700,646,1346,5,0.35511447003442925,0.3877326565143814,0.0034127635283588867,2.3320372752246277e-06,2.6343016985852883e-06,0.002634218611173278,0.025466348090193214,0.24972737186477645,0.26144907723855093,0,0,5,1,0
533,2,2,4,3,2,5,5,0.2557195753947478,0.2659560067681911,0.0,1.0549404121673627e-07,1.6670630796151058e-08,0.0002000532703512835,0.0011332526541556064,1.0,1.0,0,0,2,0,0
534,91,82,173,959,774,1733,4,0.39532384965704515,0.432994923857867,0.012267639734009732,8.036508394316011e-06,2.703548788549765e-05,0.004209645435440863,0.07598362396107176,0.22449186305624957,0.25,0,0,7,0,0
535,47,34,81,680,368,1048,4,0.36731378623529,0.39610829103214823,0.0007451015726641862,6.981038367000529e-06,3.6627452051770264e-05,0.0022115878488824163,0.04971344188335786,0.3956061078217513,0.4514285714285714,0,0,4,5,0
536,0,1,1,0,1,1,1,0.0,0.0,0.0,7.92730958616155e-11,-0.0,0.00018716917629273057,2.4109404053634617e-34,0.0,0.0,0,176,3,2,0
537,23,25,48,444,308,752,5,0.33977437127921806,0.3630287648054136,0.0005288244774241781,1.1474110065717702e-06,1.3168236976943128e-06,0.0013890910192740306,0.01325965333082446,0.2788808664259928,0.32275132275132273,0,0,5,1,0
538,32,23,55,552,103,655,4,0.3560382849928955,0.38104906937394156,0.0004125658349474693,2.2133254106263386e-06,6.772493480713917e-06,0.0010404563160133988,0.022499440119827126,0.3822525597269625,0.42521008403361343,0,0,3,2,0
539,1,1,2,5,3,8,5,0.2536343898281487,0.26360406091370747,0.0,4.585393667862973e-07,2.76424134404418e-07,0.00019643364793525643,0.0007241291624636335,0.0,0.0,0,0,1,3,0
540,75,81,156,1854,1776,3630,4,0.3810164720246911,0.41666666666666574,0.005620646083146423,5.242107622690634e-05,0.0032100097733781642,0.004696696428396269,0.05194571477239283,0.1955093555093555,0.22808302808302808,0,0,10,6,0
541,42,32,74,751,406,1157,5,0.3554834201331663,0.3840947546531295,0.0007224926131910244,4.728935681644839e-06,4.746123176504296e-05,0.0023684074530905715,0.023891201770566885,0.3940978707508405,0.403265306122449,0,0,5,1,0
542,76,63,139,1023,729,1752,4,0.39125533662455414,0.42495769881556605,0.002397123833720695,2.3438329403577228e-05,0.00014998504324509104,0.002575481818585705,0.08183844502826461,0.36582424496644295,0.4067699368904188,0,0,4,5,0
543,26,19,45,344,85,429,4,0.32899306911362747,0.35406091370558296,0.0003092809872128794,5.200286796543136e-06,7.76770173828673e-06,0.0008218533994532445,0.016305048483008268,0.44141829393627957,0.4470899470899471,0,0,12,4,0
544,18,17,35,107,230,337,5,0.3309021198048091,0.3530456852791872,0.00016768840129678555,7.205277334265791e-07,2.7469806673849434e-06,0.0004967289499668567,0.021392017541895063,0.36153846153846153,0.43333333333333335,0,0,2,2,0
545,4,3,7,23,5,28,5,0.26919967889706736,0.2821658206429793,0.0,1.195121143479012e-07,3.9896965606597444e-07,0.00023794310186666791,0.0027921409951965235,1.0,1.0,0,0,1,3,0
546,89,112,201,397,377,774,4,0.40276961963292834,0.43747884940778275,0.005717853724459648,2.0239231933367023e-05,1.408166878539106e-05,0.0016484937040118987,0.08606990045556177,0.21117268234236933,0.23039555863983344,0,0,2,0,0
547,50,44,94,697,438,1135,4,0.35309885642742267,0.38494077834179236,0.0018908914985722438,3.254577202671896e-06,6.4783095037972e-06,0.0018592731928353315,0.033969784716382394,0.3397879207007838,0.36885245901639346,0,0,8,4,0
548,16,14,30,61,42,103,5,0.2848899182998939,0.3030626057529615,5.000097105379518e-05,2.3726042403424634e-08,4.277060435358356e-08,0.0004968936913053427,0.00403785848236706,0.43911007025761123,0.45021645021645024,0,0,7,1,1
549,10,7,17,69,46,115,4,0.32142112905417813,0.3398477157360401,2.50859822754944e-05,1.8891236426319116e-06,1.3814874612351323e-06,0.00033466639207714024,0.010929447566913069,0.2862595419847328,0.45454545454545453,0,0,2,0,0
550,68,47,115,411,257,668,4,0.38293541340590104,0.4158206429780025,0.0011771358425954185,5.458008617259296e-06,1.5541366041990104e-05,0.001298951453614743,0.06632329457187704,0.2687288916180534,0.28470936690114773,0,0,2,0,0
551,22,25,47,217,92,309,5,0.3372624858335856,0.3602368866328251,0.00035645751213120324,1.0912563616898537e-06,2.5539803864480442e-06,0.0007786042398208324,0.01824086019320433,0.41815616180620885,0.47044334975369456,0,0,4,5,0
552,21,31,52,237,187,424,4,0.31739591083318425,0.34052453468697075,0.00024961711498622274,6.9718335949141014e-06,1.3740237990806277e-06,0.000701345033103687,0.012690768616688568,0.42857142857142855,0.43025210084033616,0,0,8,4,0
553,22,19,41,246,202,448,5,0.3325100018252406,0.3557529610829095,0.00012050769410367813,1.0199142257573669e-06,7.037776156906828e-07,0.0010472015974659179,0.013939810366369949,0.4515527950310559,0.4553846153846154,0,0,5,1,0
554,3,4,7,5,7,12,4,0.3057665700430497,0.3206429780033839,1.5467278083218518e-06,3.24917301708315e-07,1.8287447769729905e-07,0.00020809796525393743,0.004380768634345996,0.16666666666666666,0.3333333333333333,0,0,2,0,0
556,13,7,20,89,33,122,5,0.2981723676498236,0.3164805414551604,9.478992521752267e-06,8.606468992793996e-06,1.4778844237040358e-05,0.0003368438008381683,0.009021061403790356,0.5842391304347826,0.5824175824175825,0,0,1,3,0
557,25,0,25,176,0,176,0,0.3333205073182282,0.35786802030456766,0.0,-0.0,5.6876525273211445e-05,0.0004339013683351846,0.022441838362304574,0.4683333333333333,0.5133333333333333,0,32,1,3,0
558,32,35,67,523,619,1142,4,0.3396057487624542,0.366243654822334,0.001122952003101294,2.7079862721170226e-06,1.9595061727858848e-06,0.0017435563574792125,0.020006072873878535,0.38570774163994503,0.38866396761133604,0,0,9,8,0
559,11,12,23,393,340,733,5,0.28680032848128467,0.30313028764805455,0.00013782593864717746,1.959854628469635e-08,3.0870921762303855e-08,0.002056081699394817,0.0024823340098037547,0.336734693877551,0.45714285714285713,0,0,7,1,1
560,1,0,1,1,0,1,0,0.21139402282308586,0.2179357021996616,0.0,-0.0,1.2930093709784226e-08,0.00018830711660182772,0.00012366674107695184,0.0,0.0,0,90,1,3,0
561,34,22,56,1400,310,1710,4,0.3428384688158042,0.3699661590524525,0.0002464314215151261,5.9685824201317146e-06,3.158245502546907e-05,0.0019891782131958337,0.02521604070638579,0.4631578947368421,0.5333333333333333,0,0,8,7,0
562,8,0,8,22,0,22,0,0.28834535689824026,0.30404399323181097,0.0,-0.0,8.05619000036382e-08,0.0003192728225942499,0.003706687624830563,0.32142857142857145,0.39285714285714285,0,38,7,0,1
563,16,11,27,83,28,111,5,0.31651507111764343,0.33725888324873,9.72801699507848e-05,2.3313245810069752e-07,4.3540233045828435e-07,0.0004650363464168355,0.010093775640301844,0.26099706744868034,0.3382352941176471,0,0,0,10,0
564,2,0,2,5,0,5,0,0.26743610294772463,0.27790186125211624,0.0,-0.0,9.397038475763118e-08,0.00021936457562040973,0.0015062598625620268,1.0,1.0,0,83,1,3,0
565,44,36,80,526,327,853,4,0.35640915820642977,0.38578680203045584,0.0022617997263549602,4.248670995576095e-06,5.722835585807214e-06,0.002171474572536427,0.030862929823515545,0.3311501597444089,0.3526530612244898,0,0,9,8,0
566,19,19,38,265,107,372,4,0.33742878883448973,0.35964467005076045,0.00013713036258560803,3.574257785404753e-06,1.0071978686898708e-05,0.000604066508359192,0.018624154905115174,0.33069164265129686,0.37438423645320196,0,0,2,0,0
567,1,0,1,1,0,1,0,0.275823724994336,0.2870050761421329,0.0,-0.0,3.436096307572177e-06,0.0001882070158606093,0.0017342388636824135,0.0,0.0,0,123,1,3,0
568,36,36,72,335,485,820,4,0.3478930268207144,0.3752961082910311,0.0025977784907912148,0.026897857811716077,0.0007418663903944189,0.0021953754277012237,0.02387486023938972,0.2635643564356436,0.31585365853658537,0,0,2,0,0
569,65,73,138,559,1975,2534,4,0.3863950218838765,0.4175126903553291,0.0031481797520890326,2.0531554321727697e-05,1.3137876288000092e-05,0.0016754160201024018,0.06273177345583009,0.2696724797958316,0.30771195097037796,0,0,3,2,0
570,8,3,11,16,5,21,5,0.32309045503132444,0.3415397631133667,2.907744104014847e-06,3.322943690587114e-07,3.4039402276982534e-07,0.00023245581857902624,0.009097032391878316,0.4056603773584906,0.5,0,0,2,0,0
571,5,22,27,5,1518,1523,5,0.28812866684477695,0.30179357021996644,6.99453586147993e-05,0.00010933844013813463,5.993084782696283e-08,0.00019812717563115983,0.0037333765777883693,0.20545977011494254,0.2391304347826087,0,0,2,0,0
572,44,40,84,305,198,503,4,0.36457409896448867,0.39272419627749466,0.0009025367197021928,2.667826371529049e-05,0.0006714429563946862,0.0010578216265965837,0.039548412896177124,0.27542741234424806,0.3120748299319728,0,0,2,0,0
573,35,25,60,414,154,568,5,0.34249528716533795,0.3699661590524526,0.00011250178719469956,2.5273474304092485e-05,0.0006237969439459708,0.0007904329075774189,0.032328891415596854,0.5653912050256996,0.5585365853658537,0,0,1,3,0
574,6,0,6,23,0,23,0,0.28125199018487645,0.2965143824027077,0.0,-0.0,4.055607111777091e-06,0.00021306267084937705,0.006014737818963371,1.0,1.0,0,84,1,3,0
575,18,17,35,544,239,783,5,0.30305827447136635,0.32438240270727564,9.306267089448704e-05,4.774420621678591e-05,7.464560098114162e-05,0.0012379088056069275,0.01047238603058628,0.5516351118760757,0.5904761904761905,0,0,1,3,0
576,23,8,31,171,30,201,5,0.3156391068986832,0.3390693739424697,2.4255642355639597e-05,2.459507436413233e-07,1.32150129048373e-06,0.0006226823373106616,0.011891850201970828,0.6419213973799127,0.7246376811594203,0,0,5,1,0
577,35,37,72,441,378,819,4,0.35566818282554324,0.3818950930626048,0.002508237286096847,8.763970734878425e-06,4.222018233881731e-06,0.002074014686249223,0.022931563266639345,0.2671422909235038,0.3117408906882591,0,0,6,9,0
578,3,0,3,10,0,10,0,0.29889917388275106,0.31328257191201336,0.0,-0.0,3.8679004741610626e-07,0.00020935344888560746,0.004714073917439192,0.3333333333333333,0.3333333333333333,0,78,2,0,0
579,1,0,1,1,0,1,0,0.22021624528440245,0.22627749576988204,0.0,-0.0,2.678178913905626e-10,0.0001925614094666902,5.493190697649132e-05,0.0,0.0,0,143,3,2,0
580,26,25,51,100,116,216,4,0.3464838398766305,0.3708121827411158,0.0004455117212654198,3.2915916778495975e-06,4.2474138752154506e-07,0.0006301564743216079,0.017682186542698847,0.1814194577352472,0.2482758620689655,0,0,2,2,0
581,63,53,116,1360,404,1764,4,0.37848760163514666,0.4105752961082901,0.0036994611922325994,3.0313980868601252e-05,3.255929608643856e-05,0.003079181003469297,0.05042341193008915,0.2505282221551464,0.28482003129890454,0,0,2,0,0
582,31,40,71,493,308,801,4,0.3466593636050381,0.3724534686971225,0.0015978836116674747,1.7606072505814494e-05,0.00010386605677067151,0.0010436087573773229,0.01777326092180284,0.25264657980456023,0.2764227642276423,0,0,10,6,0
583,2,0,2,2,0,2,0,0.25035532994923854,0.2601522842639613,0.0,-0.0,1.3247239178298461e-08,0.00019378013255438105,0.00036922139971369143,0.5,1.0,0,91,7,1,0
584,7,6,13,125,31,156,5,0.30265616265207657,0.318866328257191,8.849390889913705e-06,3.776185521837201e-07,3.3972215518116643e-07,0.0006355403059132258,0.004389482484298783,0.75,0.7619047619047619,0,0,0,10,0
585,29,83,112,69,266,335,4,0.35074607060807034,0.37571912013536274,0.0026474195335904334,1.0005104958142873e-05,1.84369965892417e-05,0.000422224423487055,0.01929309099352605,0.11821266968325791,0.1285140562248996,0,0,8,0,0
586,117,144,261,2810,5106,7916,4,0.4109943445984055,0.4529610829103206,0.014225278405234139,0.00928195833301999,0.00023868458218766182,0.006239508579283469,0.1069281689420203,0.213077673634724,0.2177588009759498,0,0,1,3,0
587,40,34,74,218,253,471,4,0.36379882177370826,0.39086294416243567,0.0010507694097842883,0.00033493067484752036,9.433616397702138e-06,0.000740816732944487,0.035189167473653284,0.20141738157403954,0.2348008385744235,0,0,2,0,0
588,8,0,8,46,0,46,0,0.28451829284981905,0.29945854483925594,0.0,-0.0,6.937083017165076e-06,0.00023440964391954118,0.0038923402536189065,0.25,0.39285714285714285,0,97,10,6,0
589,11,12,23,95,72,167,5,0.31976896437212393,0.3391708967851095,7.34335526069209e-05,2.6815418845303514e-06,7.920467768661127e-07,0.00041955736310713906,0.008713148195880663,0.24696356275303644,0.27205882352941174,0,0,2,0,0
590,22,18,40,198,91,289,5,0.33977437127921806,0.3625211505922158,0.00025582622931114035,9.909036103037861e-07,1.7235268376524728e-06,0.0009136304521233877,0.022030907944161227,0.5058670143415906,0.5014245014245015,0,0,6,9,0
591,89,1,90,1036,1,1037,7,0.4037201084108231,0.4383248730964461,0.0005382113139384995,7.683231891366945e-12,5.290356120439765e-05,0.0028379338900188815,0.08380512229408171,0.2390761548064919,0.28414481897627963,0,0,2,0,0
592,27,31,58,830,1626,2456,4,0.34877960436103217,0.37326565143823975,0.0008030108857236898,1.390855401262965e-05,2.068089813029349e-05,0.0011403756711294692,0.025355922741548104,0.28291488058787506,0.29871977240398295,0,0,12,5,0
593,0,5,5,0,17,17,5,0.0,0.0,0.0,9.140673986100549e-07,-0.0,0.00018716917629273057,2.4109404053634617e-34,0.45,0.8,0,177,3,2,0
594,5,2,7,19,8,27,5,0.28668017752674707,0.3011167512690359,3.1049074034841565e-05,3.217816772001718e-07,3.274249353491872e-07,0.00023646713654324798,0.003595048111552102,0.21052631578947367,0.1,0,0,2,0,0
595,66,65,131,827,726,1553,4,0.3894738666797639,0.42030456852791825,0.007373291259319457,3.2731621262040614e-05,0.00018984071589064577,0.003539709305936549,0.06592639797289941,0.2607206142941524,0.28858024691358025,0,0,3,2,0
596,15,14,29,72,65,137,5,0.3178381717400582,0.3381556683587134,0.00010838710248326633,0.0003407607150856168,0.0001977191692321991,0.0004214597073933353,0.00984189249347629,0.4696969696969697,0.4327485380116959,0,0,2,0,0
597,8,1,9,33,1,34,5,0.30427104657907744,0.3214043993231808,2.438214189874754e-06,3.509237192477357e-09,2.438930476255478e-07,0.00025258733224668424,0.004525714465472894,0.20833333333333334,0.25,0,0,5,1,0
598,2,10,12,6,23,29,4,0.2598957781072333,0.27160744500846173,3.4726661160163496e-06,1.6652479666511774e-06,7.508788004966574e-07,0.00019809055460226653,0.001367827701002679,0.5076923076923077,0.5636363636363636,0,0,1,3,0
599,36,33,69,620,229,849,4,0.34701094510970854,0.37436548223350175,0.0006458375976476526,1.6136751384670075e-06,5.284170672325931e-06,0.0016775595042923881,0.019640777831551933,0.34346701164294957,0.38443670150987225,0,0,3,2,0
600,5,0,5,25,0,25,0,0.2661907660306223,0.27781725888325015,0.0,-0.0,2.777345061020661e-08,0.0002620857050364976,0.0015222399291952183,0.55,0.6,0,48,9,8,0
601,17,14,31,69,32,101,5,0.3118986252307863,0.3326057529610823,0.00036848585618075286,2.0641759832691166e-07,1.058838959855592e-07,0.0004917863157445736,0.0077683417733771356,0.32857142857142857,0.40476190476190477,0,0,7,8,1
602,40,34,74,824,455,1279,5,0.35038688364380194,0.37876480541455076,0.00034980902762823837,4.7018098645523786e-05,0.00024906228969465247,0.0017974128348892443,0.03673047716975822,0.5368775739423437,0.547568710359408,0,0,1,3,0
603,15,22,37,40,131,171,5,0.3060400642917465,0.32571912013536325,0.00019293317267371515,7.323206038614178e-07,5.3445482905147204e-08,0.000492774741498177,0.005046684708692499,0.37883435582822084,0.5098814229249012,0,0,7,1,1
604,2,0,2,2,0,2,0,0.26192195649519423,0.27203045685279337,0.0,-0.0,1.1271995940853685e-08,0.00019563884242571945,0.0012591318474110486,1.0,1.0,0,102,4,5,0
605,36,39,75,895,1467,2362,4,0.3525531085813216,0.3794416243654813,0.001566235795152855,1.1913253240610256e-05,6.927065425400793e-06,0.0025644692282827094,0.023615114168696653,0.35943190094683175,0.40193236714975844,0,0,3,2,0
606,5,2,7,18,15,33,5,0.3057665700430497,0.32182741116751257,1.0844548679892837e-05,3.863206416810692e-07,5.342100671438724e-07,0.000271752796491523,0.0035219956501320536,0.18421052631578946,0.3,0,0,10,6,0
607,150,156,306,1026,1557,2583,4,0.4366978836990078,0.48045685279187783,0.01535100874759506,7.529598379640983e-05,8.882256920808061e-05,0.0025410672329287017,0.1359320922745619,0.1845859653646169,0.20110490602293882,0,0,2,0,0
609,85,118,203,638,802,1440,4,0.40041286352038924,0.43443316412859495,0.005913923422669195,3.296038526432633e-05,3.14595919518086e-05,0.0013248753229570657,0.08269727441189431,0.23667987670629678,0.2537795850276301,0,0,2,0,0
610,3,3,6,244,10,254,5,0.2741608909280229,0.28582064297800447,1.9659518806406214e-06,1.0005938867669902e-07,3.3472362604903306e-06,0.0002690379235424274,0.0019897719302716236,0.8928571428571429,1.0,0,0,8,7,0
611,7,5,12,55,39,94,5,0.27537448038484713,0.289763113367175,0.0,6.213158465214185e-08,8.331965004738831e-08,0.0003127898357622873,0.00311292470006467,1.0,1.0,0,0,5,1,0
612,44,30,74,124,60,184,4,0.36206644643192865,0.39086294416243544,0.0013774040499944708,8.308961763091873e-07,3.3424712594032027e-06,0.0006285980027154308,0.03667295271671212,0.31897837434750187,0.3367003367003367,0,0,7,0,1
613,19,0,19,65,0,65,0,0.3523233713718098,0.3734348561759721,0.0,-0.0,9.024740695796175e-06,0.0003423588361770621,0.021441500281209402,0.3304093567251462,0.4327485380116959,0,67,2,0,0
614,38,42,80,403,215,618,4,0.34753965655477154,0.37588832487309565,0.0004556473024799587,5.289704751973755e-06,2.962954622854764e-06,0.0010855433707922467,0.03458657599779288,0.38235294117647056,0.4122340425531915,0,0,8,4,0
615,3,0,3,6,0,6,0,0.263633206787438,0.27329949238578843,0.0,-0.0,8.86681390614167e-09,0.00020354652218886778,0.001182917041242573,1.0,1.0,0,62,3,2,0
616,2,1,3,3,1,4,5,0.2550523979710567,0.2650592216582081,1.4085252720800392e-06,7.097442929974564e-09,9.826521134855313e-07,0.00019386893310875217,0.0005768524669675657,0.16666666666666666,0.3333333333333333,0,0,5,1,0
617,65,39,104,458,137,595,4,0.38144123955203185,0.41353637901861157,0.0010627242359377443,6.5542850306669565e-06,0.00012651583769201106,0.0014104258571783848,0.06823193819453942,0.34820589892917525,0.3790744466800805,0,0,2,0,0
618,15,15,30,66,73,139,5,0.3015890629159741,0.32113367174280866,7.801167099321127e-05,2.0138881431218346e-07,9.275803949308366e-08,0.00047398411937195275,0.006013124978772905,0.6376470588235295,0.6105263157894737,0,0,9,8,0
619,1,0,1,6,0,6,0,0.2235898318321101,0.22976311336717511,0.0,-0.0,4.610936496747593e-09,0.00021206172358439435,0.00011547383758046272,0.0,0.0,0,158,2,0,0
621,0,1,1,0,1,1,5,0.0,0.0,0.0,4.625363757914827e-08,-0.0,0.00018716917629273057,2.4109404053634617e-34,0.0,0.0,0,178,3,2,0
622,18,23,41,209,912,1121,5,0.28740259712572247,0.3067512690355331,0.0003437549233322593,1.6493623805366073e-07,7.926436709897091e-08,0.001614398487467267,0.004501587048819459,0.4392812887236679,0.5052910052910053,0,0,7,1,1
623,1,1,2,4,6,10,5,0.2887365332305254,0.30033840947546575,0.0,3.787101925895038e-07,1.9227631704433644e-07,0.00019464069220829697,0.002327239273806824,0.0,0.0,0,0,2,0,0
624,29,30,59,251,248,499,5,0.3511059947441484,0.37563451776649653,0.0005789136661376933,4.724439245420906e-05,7.229238362592446e-06,0.0013938629421210125,0.022128520114005668,0.30136175251628183,0.32882882882882886,0,0,10,6,0
625,2,0,2,5,0,5,0,0.30460639611941104,0.3189509306260574,0.0,-0.0,6.433564930443617e-07,0.0001965805367119305,0.004163119800191429,1.0,1.0,0,68,2,0,0
626,8,10,18,27,26,53,5,0.28800740057085233,0.30407783417935746,4.229085691708581e-05,2.71445111309811e-07,1.6694121694157697e-07,0.00026375116538796315,0.004374964857989356,0.2986577181208054,0.32967032967032966,0,0,2,0,0
627,2,2,4,2,8,10,5,0.28668017752674707,0.29825719120135424,0.00010908150523664063,3.180012040708534e-08,9.090723494477588e-09,0.00019589722651130244,0.002765477678649015,0.0,0.0,0,0,2,0,0
628,28,27,55,452,389,841,4,0.3616837123447913,0.3847715736040602,0.003987558629796546,1.2583769860348505e-05,1.0242263476700665e-05,0.001650162273196052,0.026094912238469523,0.2891854893908282,0.33548387096774196,0,0,2,0,0
629,100,111,211,2843,6585,9428,4,0.40443592420587776,0.4426395939086289,0.00689271670900775,0.00014865955870455968,8.499304486087296e-05,0.0051001952217027925,0.1003716642425356,0.26548271644090066,0.2915455426356589,0,0,8,7,0
630,75,78,153,1467,1266,2733,4,0.38293541340590104,0.41827411167512607,0.003908133207179548,4.235377996197342e-05,3.994741751067158e-05,0.003801977804754876,0.06023705448365481,0.24993510426581292,0.2956940680517916,0,0,8,7,0
631,26,16,42,512,54,566,4,0.3354439136060516,0.36065989847715635,4.0179640360839275e-05,8.243282561702224e-07,2.1309786030322298e-05,0.000770347635619446,0.023428616737183453,0.5851063829787234,0.6723646723646723,0,0,8,7,0
632,1,0,1,1,0,1,0,0.2442056262231804,0.2526057529610846,0.0,-0.0,1.3311675760595891e-08,0.00019061944274596218,0.00030655394357376973,0.0,0.0,0,139,10,6,0
633,85,78,163,579,274,853,4,0.3987794777134879,0.43333333333333246,0.005211392870538418,1.678254802203484e-05,1.375015923366273e-05,0.0018597623500276467,0.0718753766447415,0.20800365185636033,0.24141150112023899,0,0,2,0,0
634,31,26,57,255,150,405,5,0.3344602071145382,0.36108291032148787,0.0011481628225381306,2.381477336246501e-07,3.2268260285102966e-07,0.0015989111850037922,0.013695000066537264,0.40628970775095297,0.45546218487394957,0,0,7,1,1
635,2,0,2,2,0,2,0,0.25201087584897636,0.26079526226734545,0.0,-0.0,2.1805278246015552e-09,0.0001951172875962476,0.0007062180015868393,1.0,1.0,0,63,3,2,0
636,1,0,1,1,0,1,0,0.2547246951581558,0.2637055837563469,0.0,-0.0,1.1774103848475e-08,0.00018892344877405816,0.0007102460714275793,0.0,0.0,0,133,12,4,0
637,6,0,6,9,0,9,0,0.311240292223645,0.3282064297800335,0.0,-0.0,1.5683312519449315e-07,0.00021065617149279976,0.007770301858413097,0.4,0.4666666666666667,0,85,2,0,0
638,67,66,133,587,507,1094,5,0.38080444282489995,0.4137901861252105,0.007228291529007322,7.129819398141986e-06,4.328907761625243e-06,0.0032401275470612463,0.03698583136318077,0.2412330964932386,0.2595679012345679,0,0,7,1,1
639,4,3,7,6,8,14,6,0.2672024926811188,0.2792216582064311,8.50899648363002e-05,8.80552301766252e-09,6.736263278143259e-09,0.0002062170261814702,0.0010893677991019434,0.2894736842105263,0.4,0,0,5,1,0
640,4,8,12,6,11,17,5,0.29623618344430525,0.3100169204737735,2.3804172134771075e-05,1.146833023318345e-07,9.184931607521589e-08,0.00023263514569392963,0.0050772663089117265,0.3387096774193548,0.35714285714285715,0,0,2,0,0
641,19,18,37,439,119,558,4,0.3065885231883267,0.32820642978003334,7.044180733306149e-05,8.204343349217776e-05,8.746006112711828e-05,0.0005804689762946571,0.00962901371781718,0.4433384379785605,0.4384057971014493,0,0,10,6,0
642,1,0,1,1,0,1,0,0.2867782625672716,0.29820642978003437,0.0,-0.0,3.44516889956301e-08,0.00018869664981810468,0.0022045058903268143,0.0,0.0,0,162,2,0,0
643,20,21,41,272,293,565,5,0.30066150428661914,0.32370558375634456,0.00026777511907611116,2.08206750094231e-06,7.297507871864692e-07,0.0009141272106605384,0.008430103941305136,0.2916666666666667,0.3333333333333333,0,0,8,7,0
644,36,52,88,616,862,1478,4,0.3478930268207144,0.3756345177664966,0.0031365873387277,4.595466743287262e-06,4.071638637405397e-06,0.0017587356543483194,0.01825447344251425,0.33636363636363636,0.35622895622895623,0,0,5,1,0
645,4,0,4,6,0,6,0,0.280332490421297,0.2930964467005085,0.0,-0.0,2.9918676660969925e-08,0.00023071687466737385,0.002375401562948494,0.5,0.6666666666666666,0,92,8,4,0
646,33,32,65,514,615,1129,4,0.35585313767880666,0.38155668358713973,0.001061922474413952,7.301341822580873e-06,6.223005002811512e-06,0.0016334857043643085,0.030642238879230618,0.3946855192588981,0.4523809523809524,0,0,4,5,0
647,46,31,77,635,213,848,4,0.3516472681173408,0.38231810490693624,0.0003821964468961352,6.477798418536335e-06,1.56240996757617e-05,0.001395775910486964,0.03432436647750498,0.43596824301001036,0.48847517730496454,0,0,12,4,0
648,53,59,112,873,755,1628,4,0.35146665832375207,0.3843485617597284,0.0019529885620086795,0.0001171363298412868,0.00014838436734574485,0.0020908364398628376,0.03862016889856305,0.42162425028367645,0.4153846153846154,0,0,1,3,0
649,16,16,32,75,46,121,5,0.33042278307887263,0.35186125211505825,9.471058893749063e-05,6.20126972077485e-07,8.459382595900234e-07,0.0005193824953445672,0.011957973529116334,0.6594202898550725,0.6900584795321637,0,0,7,1,1
650,32,31,63,344,310,654,5,0.3414698521738249,0.36768189509306165,0.001464005010932267,1.0077451376066391e-06,2.0914590625627947e-06,0.0010388049114425368,0.017180029102997926,0.3805699481865285,0.4025641025641026,0,0,5,1,0
651,5,1,6,6,1,7,5,0.32477721108511876,0.3419627749576982,2.1226236860296134e-07,1.523075439774926e-08,4.4826371604464234e-07,0.0001978133105345296,0.009925344468750067,0.6785714285714286,0.7,0,0,2,0,0
652,8,0,8,62,0,62,0,0.29403069183922576,0.31059221658206443,0.0,-0.0,2.2609874899137353e-07,0.000347167615742468,0.00450450877604304,0.3392857142857143,0.35714285714285715,0,64,5,5,0
653,4,0,4,20,0,20,0,0.27538081254954383,0.28939086294416316,0.0,-0.0,1.3521533554706865e-07,0.00022220609387270504,0.00220082809592298,1.0,1.0,0,117,5,1,0
654,22,36,58,575,376,951,4,0.3056300061439684,0.32861252115059175,0.0005780520401804187,1.2304552099324596e-06,5.222922299195418e-06,0.0014682945398353988,0.008616862698622644,0.3619951040391677,0.3967611336032389,0,0,5,1,0
655,1,0,1,1,0,1,0,0.275823724994336,0.2870050761421329,0.0,-0.0,3.436096307572177e-06,0.0001882070158606093,0.0017342388636824135,0.0,0.0,0,124,1,3,0
656,42,30,72,504,137,641,4,0.36092066653815674,0.3890862944162429,0.000782202951669614,8.198545470717724e-06,6.27381939146654e-06,0.001122188194173241,0.03733399222295521,0.4214060031595577,0.4601063829787234,0,0,8,7,0
657,31,22,53,229,139,368,4,0.3440450395959503,0.3697123519458535,0.0003791563898295843,8.364582172211205e-07,2.9669825602792735e-06,0.0008942746001278496,0.01857196147262518,0.3964757709251101,0.46996996996997,0,0,5,1,0
658,39,48,87,586,157,743,4,0.3452601330758553,0.3741962774957687,0.0008293120755936456,3.2890727492798878e-06,2.318733592332086e-05,0.0010235989972010942,0.029297653381926844,0.3403825431034483,0.38052026618269813,0,0,8,7,0
659,29,20,49,239,133,372,5,0.34318233889485716,0.36844331641285855,0.00016866660204069924,5.6237287730311955e-06,5.9058774347549695e-06,0.0009208215587509408,0.02417390387855891,0.4096802074330164,0.46436781609195404,0,0,2,0,0
660,29,26,55,99,86,185,4,0.35640915820642977,0.3804568527918773,0.0002496679943476706,6.858194072506922e-06,6.727769779534002e-05,0.0004923953567558808,0.031077115284922796,0.33060109289617484,0.4028520499108734,0,0,2,0,0
661,8,0,8,14,0,14,0,0.3183172176616769,0.3355329949238575,0.0,-0.0,1.9501548292499336e-07,0.00023553966599873668,0.009324948445798066,0.48214285714285715,0.6428571428571429,0,93,2,0,0
662,52,57,109,679,742,1421,4,0.37455149630889173,0.404060913705583,0.003814518261689002,0.0013846730633664019,0.0007865168602021153,0.0025541141375855212,0.048286778998474444,0.26780212256076685,0.29134615384615387,0,0,2,0,0
663,45,49,94,463,539,1002,4,0.36225811739351255,0.3909475465313017,0.004704713008954118,1.2914804738756334e-05,4.3106199259278315e-06,0.002084324108365255,0.031383414803034616,0.28444495730440805,0.3025974025974026,0,0,7,1,1
664,17,17,34,140,140,280,5,0.3323485108092983,0.3534686971235187,0.00031807982130715,3.3209553224559774e-07,6.535014885188271e-07,0.0004919743933680383,0.009773598587659001,0.3970856102003643,0.36363636363636365,0,0,5,1,0
665,1,2,3,22,2,24,5,0.27101211237875056,0.2801184433164139,0.0,2.6782044875328684e-08,1.1994890540081654e-06,0.00020535200842514232,0.0013539437585864396,1.0,1.0,0,0,2,0,0
666,5,4,9,5,4,9,5,0.2644148314359912,0.277241962774959,1.5599482649396912e-06,4.936954713737589e-09,2.435616727257355e-09,0.00021518683357273625,0.0013682033259354918,0.7575757575757576,0.7333333333333333,0,0,5,1,0
667,3,0,3,4,0,4,0,0.2583704723393272,0.2694077834179372,0.0,-0.0,5.775172930083224e-09,0.00020888875483328101,0.0009542494185195104,0.6666666666666666,1.0,0,106,8,4,0
668,13,16,29,544,85,629,4,0.32663751014622683,0.3469543147208117,0.00027806260495518293,1.1956457546446683e-06,2.1027383575787425e-05,0.0009412499107931038,0.011613569522867675,0.36432160804020103,0.3952380952380952,0,0,2,0,0
669,24,20,44,137,58,195,4,0.3516472681173408,0.3747884940778333,0.00033419588845143777,6.810143683633526e-07,9.577357009402155e-07,0.0005685748241958981,0.024461065379254597,0.3394199785177229,0.3866995073891626,0,0,2,2,0
670,42,47,89,479,247,726,5,0.3601608335559711,0.38824027072757966,0.0012600236447899307,2.5290285899316872e-06,7.973733551946347e-06,0.001700520881864916,0.03408394193183179,0.28711088242860816,0.3271186440677966,0,0,5,1,0
671,44,45,89,156,119,275,4,0.367906227825992,0.3956852791878165,0.0011416016253807265,7.642474235443639e-06,2.2912646193974557e-05,0.0006079603892211828,0.052093458257262804,0.3839331619537275,0.3937532002048131,0,0,2,0,0
672,15,23,38,110,123,233,4,0.29008290960421584,0.3085448392554992,0.00016104533143829685,7.629428131795777e-07,2.6050254165477403e-07,0.0005723986815262711,0.006495179066352413,0.5878084179970973,0.5688405797101449,0,0,9,8,0
673,4,4,8,5,4,9,5,0.2762638610239585,0.2877495769881566,1.617136772373557e-05,3.4962689907094527e-07,1.6936081245770418e-08,0.00020586883352290646,0.0013557394435798884,0.057692307692307696,0.13333333333333333,0,0,2,0,0
674,29,19,48,407,254,661,4,0.34491208858686756,0.3702538071065983,0.0016964152175504667,2.0887198137955138e-05,3.183840916192958e-05,0.0014448086877245294,0.027088852418348245,0.38253825382538253,0.4236559139784946,0,0,1,3,0
675,1,1,2,1,1,2,5,0.26088661218312814,0.26878172588832666,0.0,5.503803313008199e-09,4.916845084801379e-09,0.00019075041112085546,0.0008515660211160033,0.0,0.0,0,0,2,0,0
676,21,12,33,300,40,340,5,0.29008290960421584,0.3116751269035535,0.0002814221816588801,4.7832613791423925e-08,1.0230702729835187e-07,0.000982540048679573,0.005073576133782665,0.3651252408477842,0.4528985507246377,0,0,7,1,1
677,3,1,4,6,2,8,5,0.2847713623621911,0.2992385786802034,1.9517767724712474e-07,1.3520004465693866e-07,3.8404152071341593e-07,0.00020219455017316887,0.003093694368484953,0.6,0.6666666666666666,0,0,2,0,0
678,4,7,11,31,31,62,5,0.28102898716893027,0.29367174280879915,8.421311366579327e-06,2.0109753016931397e-06,6.359471785315078e-05,0.00025849974997069615,0.0033038559683295455,0.38235294117647056,0.3333333333333333,0,0,2,0,0
679,23,8,31,112,51,163,5,0.3280467803242307,0.3521150592216572,0.00011400702197834557,3.390013592387336e-07,4.5579933075445166e-07,0.0005967028555553061,0.014209521154038752,0.5109409190371991,0.4743083003952569,0,0,9,8,0
680,20,20,40,691,532,1223,5,0.33610293897659393,0.35837563451776566,0.0017201185243819338,5.318435864778307e-06,3.5879179795481e-06,0.002265462547528749,0.012490224679155646,0.23787680209698558,0.28063241106719367,0,0,0,10,0
681,8,4,12,17,6,23,5,0.3120408498660945,0.32918781725888274,0.0010653323674652384,4.048514098577809e-07,2.350973497764506e-07,0.0005953359296424679,0.005756303416347355,0.3359375,0.28888888888888886,0,0,3,2,0
682,20,14,34,279,330,609,5,0.3269496339017416,0.34923857868020225,7.468813687100204e-05,1.262659326423292e-06,1.5779068487019991e-06,0.0009252748374996022,0.011833839895925059,0.6885245901639344,0.7922077922077922,0,0,5,1,0
683,13,3,16,49,8,57,5,0.3159305557508519,0.33649746192893354,4.669678891622573e-05,1.0043082867955538e-07,9.573249238107264e-07,0.00025093306817622807,0.009027034111416251,0.27350427350427353,0.3333333333333333,0,0,12,5,0
684,67,48,115,929,1012,1941,4,0.37682025537243674,0.4107445008460227,0.0022561904620479363,1.348719214684853e-05,0.00010847060475801939,0.002635381626913136,0.06322391390614678,0.34810320995238825,0.3907444668008048,0,0,9,8,0
685,29,28,57,900,594,1494,4,0.3523715673307648,0.37698815566835786,0.0004956157690195238,9.567742261955494e-06,2.544882162934564e-05,0.0018319248105502512,0.026736615766955008,0.3312142403051494,0.36541889483065954,0,0,8,7,0
686,24,20,44,197,111,308,4,0.32309045503132444,0.34698815566835794,0.000534244840566717,3.4324286490997203e-06,2.0138445335437204e-06,0.0007607845219011784,0.01192684000919506,0.29440258342303555,0.3162393162393162,0,0,6,9,0
687,117,51,168,1054,137,1191,4,0.41397796960456457,0.4547377326565136,0.0029495969256152846,6.617165670408547e-06,0.00031385130561914097,0.002494973117772341,0.11673839292003724,0.28726674769428756,0.2967129108861392,0,0,2,0,0
688,19,17,36,143,83,226,5,0.3107654785451159,0.33272419627749533,0.0010512030703191766,1.0891703112535373e-07,2.8722654736958497e-07,0.00066231408725796,0.007359035420159189,0.37682333873581847,0.34782608695652173,0,0,5,1,0
689,1,0,1,1,0,1,0,0.2420513775797155,0.2515059221658223,0.0,-0.0,3.816140243590978e-08,0.00018871990752546554,0.0004884120952009957,0.0,0.0,0,160,1,3,0
690,13,2,15,19,3,22,5,0.3202178679252902,0.34037225042301095,1.4224572845190741e-05,9.788034379056896e-08,3.5455684192029634e-06,0.00024219048007529287,0.011065492551300788,0.30288461538461536,0.34065934065934067,0,0,3,1,0
691,0,1,1,0,27,27,5,0.0,0.0,0.0,4.532214102766926e-08,-0.0,0.00018716917629273057,2.4109404053634617e-34,0.0,0.0,0,179,4,5,0
692,127,101,228,1683,1180,2863,4,0.4164976164067834,0.46006768189509256,0.009694081621301576,6.532644298619076e-05,0.00017544442308169711,0.004930433173749129,0.10863302221120125,0.2232842186894145,0.25107913669064746,0,0,2,0,0
693,42,50,92,789,396,1185,4,0.3690968628675001,0.39576988155668275,0.0010504853615099054,5.885765512286823e-06,8.818718804294018e-06,0.0018485400075712944,0.03969385002569763,0.36225596529284165,0.39461279461279464,0,0,3,2,0
694,0,1,1,0,4,4,6,0.0,0.0,0.0,1.8618651832252984e-11,-0.0,0.00018716917629273057,2.4109404053634617e-34,0.0,0.0,0,180,1,3,0
695,23,21,44,217,160,377,4,0.3484244316478336,0.3711505922165812,0.0005102672865300226,0.0006743944914140706,0.0006601492050053368,0.0008451311242827606,0.019550668481612472,0.3729817007534984,0.4131054131054131,0,0,2,0,0
696,71,90,161,426,705,1131,4,0.3923770549061612,0.42394247038917005,0.004637599680614133,2.7838340489842166e-05,4.652656850029744e-05,0.0013800668070766205,0.06994623188221996,0.22058823529411764,0.24304267161410018,0,0,2,0,0
697,18,17,35,358,830,1188,5,0.30796830952130744,0.3294585448392549,0.0002084555938412428,0.00013228087847544687,5.758375100989439e-06,0.0012895588206088924,0.009322850927644958,0.28141135972461273,0.319047619047619,0,0,10,6,0
698,9,8,17,273,946,1219,5,0.2914419010887331,0.30754653130287646,1.717080361346265e-05,0.0002029244541701519,6.482350304786279e-05,0.0003456635745777494,0.004697730323332565,0.6515151515151515,0.6538461538461539,0,0,10,6,0
699,15,14,29,77,35,112,5,0.2957241070684292,0.31458544839255476,3.862942364685302e-05,4.617031497900861e-06,1.2964208590707932e-05,0.00031563808601586026,0.011352252199145959,0.7291139240506329,0.6862745098039216,0,0,1,3,0
700,135,112,247,797,534,1331,4,0.4295703601734747,0.47081218274111614,0.01939272453212176,3.315251601070804e-05,5.00713222044312e-05,0.0029829489582494048,0.09403864417645683,0.1226321694937628,0.13159395494724835,0,0,1,3,0
701,3,13,16,9,21,30,5,0.3054935641769398,0.32013536379018587,0.0018653210403501244,5.387020823093592e-07,6.456278540096896e-07,0.00020150279168120719,0.0035011156183286027,0.1864406779661017,0.1978021978021978,0,0,2,0,0
702,39,41,80,543,333,876,4,0.3512862339611628,0.37944162436548123,0.0016820478814069293,1.2758431565586676e-06,2.6287008453969666e-06,0.0015563228976942188,0.02279963200422299,0.3444693094629156,0.37145390070921985,0,0,5,1,0
703,38,39,77,305,278,583,4,0.36073040788420935,0.38714043993231706,0.0005904618236701132,1.3062966815377209e-05,1.0976057112036423e-05,0.0010936748721014759,0.04283982585355436,0.3994818652849741,0.4115942028985507,0,0,2,0,0
704,38,40,78,393,416,809,4,0.34613332511701833,0.37470389170896684,0.0019023003833892578,7.2858700112674445e-06,5.4395363460361595e-06,0.0013781391992029038,0.02671158941508423,0.3167283742847526,0.33816425120772947,0,0,9,8,0
705,4,6,10,7,18,25,5,0.3109066714022468,0.3265651438240268,3.54706356986673e-05,1.5060693376606794e-07,1.7416045267580062e-07,0.00019919509723351957,0.004791215697615902,0.11363636363636363,0.2222222222222222,0,0,3,2,0
706,18,12,30,104,34,138,4,0.31447866900567334,0.33604060913705536,0.0001406302582390053,3.8920062654954824e-06,8.240519983827329e-07,0.0005572644572290922,0.008517978266516978,0.49058823529411766,0.5526315789473685,0,0,2,1,1
707,21,22,43,780,599,1379,4,0.3452601330758553,0.3677664974619282,0.00026426025667531,3.735854832141421e-05,7.1982557493694746e-06,0.0010391628735381014,0.022943686024771304,0.38020247469066365,0.41625615763546797,0,0,12,5,0
708,9,4,13,44,5,49,5,0.29778310868422336,0.3143993231810489,2.0026472461868366e-05,9.453181434845394e-08,1.016258140475527e-06,0.00030983161240643594,0.007067906826053683,0.46710526315789475,0.5454545454545454,0,0,3,2,0
709,4,0,4,12,0,12,0,0.2809064717694159,0.29387478849407855,0.0,-0.0,2.407660479681693e-08,0.00022533899155223106,0.0030155545581295783,0.6666666666666666,0.6666666666666666,0,105,8,4,0
710,33,21,54,675,200,875,4,0.3419818009776837,0.36886632825719,0.0005103498805778147,6.447892353094985e-07,5.545383116996258e-06,0.0018069497217606855,0.018188762555913066,0.369950389794472,0.43493761140819964,0,0,3,2,0
711,22,7,29,96,42,138,5,0.33527956088012995,0.3579526226734339,4.701117772583244e-05,1.6256880581783924e-06,1.492559371392408e-06,0.00044739445461974316,0.018131601388841324,0.46375,0.49407114624505927,0,0,3,2,0
712,31,50,81,256,547,803,4,0.34771625190871197,0.3735194585448385,0.0036985772037921288,0.0004111257155955714,0.0004476990532514423,0.0011426381447773716,0.028666205353929743,0.25326492537313433,0.2387218045112782,0,0,2,0,0
713,16,12,28,786,152,938,4,0.32679349749586684,0.3483079526226726,6.072430172650436e-05,8.731445774495048e-07,5.591132470997647e-06,0.0008805685025886593,0.014588082471904688,0.48641304347826086,0.5751633986928104,0,0,12,5,0
714,5,7,12,50,85,135,5,0.3131833335269314,0.32969543147208086,1.7398006501035958e-05,2.0170443340300553e-06,2.1460317560497686e-06,0.0003385303030980391,0.007266360326701162,0.6048387096774194,0.5714285714285714,0,0,2,0,0
715,19,23,42,244,125,369,5,0.3313828492766805,0.35355329949238523,0.0006474409772032032,6.209290982947068e-07,1.2927154154235387e-06,0.0009762194333911904,0.013007518395117296,0.45685579196217496,0.47863247863247865,0,0,6,9,0
716,62,60,122,619,321,940,4,0.38080444282489995,0.41218274111675063,0.002845901679626167,4.877790286749979e-06,1.0860838187555636e-05,0.0024011421411402607,0.04889794192459456,0.25102263430597216,0.27855855855855854,0,0,3,2,0
717,4,0,4,5,0,5,0,0.29265085497479254,0.30766497461928927,0.0,-0.0,2.5447157208842533e-07,0.00020214156969249042,0.0037204759909190755,0.4166666666666667,0.5,0,80,0,10,0
718,138,135,273,2231,2602,4833,4,0.42715704354328665,0.4704737732656509,0.016176220166047868,0.00011122909115950242,0.00013597162688740267,0.007268949214045047,0.11526755688389445,0.19265472620687793,0.2200751476113795,0,0,3,2,0
719,28,43,71,325,280,605,4,0.33495133810883265,0.36040609137055757,0.000637751859482577,2.0320925472276238e-06,1.6402769262365754e-06,0.0009051478352621527,0.014399011306382565,0.4180561203741358,0.4414141414141414,0,0,5,1,0
720,62,66,128,1149,1174,2323,4,0.3837944945352469,0.41438240270727517,0.003880910463385351,2.7275825611669233e-05,4.1896888902826177e-05,0.0030292273194987337,0.05920666439763641,0.2678505135503032,0.31790123456790126,0,0,2,0,0
721,26,20,46,352,319,671,5,0.33478746759116695,0.3591370558375626,0.0001090104926514317,2.739180516014221e-05,2.0504924017915682e-05,0.0008985149436180486,0.024158263752764704,0.6148184494602551,0.5816091954022988,0,0,1,3,0
722,18,20,38,201,92,293,4,0.31710175336253255,0.3386125211505917,0.00015077232151833718,1.6145335550977735e-06,2.29472114597325e-06,0.000565499479113727,0.01329901199853121,0.47677793904209,0.47101449275362317,0,0,4,5,0
723,22,19,41,321,278,599,5,0.2928136858178627,0.3145516074450084,0.0005882292818697729,5.444767225131224e-07,1.880956095673424e-07,0.0013184232847473902,0.006373605781788821,0.5330012453300125,0.5652173913043478,0,0,9,8,0
724,69,73,142,790,747,1537,4,0.3868318732370521,0.41928934010152225,0.0030664574146119163,1.8037796523003408e-05,1.0183464519122627e-05,0.002597504093771422,0.06156800064531757,0.2586605080831409,0.282896379525593,0,0,3,2,0
725,3,0,3,3,0,3,0,0.2724279603101325,0.28492385786802155,0.0,-0.0,5.758985216474804e-08,0.0001912740068588302,0.002064523608085413,0.3333333333333333,0.3333333333333333,0,75,11,12,0
726,1,1,2,2,1,3,6,0.25419969678913273,0.26307952622673625,0.0,6.72408189356618e-10,2.7563747267098075e-09,0.00019031530684919686,0.0005187932230169293,0.0,0.0,0,0,5,1,0
727,3,3,6,55,5,60,5,0.28512732656514383,0.29783417935702255,0.0012384266755289639,4.677500423379912e-07,4.941449335821422e-08,0.0005973832703179885,0.0016396659470422602,0.038461538461538464,0.16666666666666666,0,0,5,11,0
728,1,1,2,2,2,4,5,0.2238487352817616,0.2297292724196285,1.3683098277193178e-06,4.71277693748358e-09,3.988451939759892e-10,0.00020348250314414153,5.678368141324977e-05,0.0,0.0,0,0,2,2,0
729,5,24,29,80,45,125,4,0.28102898716893027,0.2944670050761429,0.00016518161435973719,2.682996189431327e-07,2.7789383500728903e-07,0.00044755386345412315,0.003708599328363307,0.385286783042394,0.427536231884058,0,0,3,2,0
730,25,27,52,464,314,778,5,0.3220261570618095,0.3464805414551599,0.00045593205436402336,5.249233994899569e-05,8.374415698659959e-05,0.0008579831848385407,0.020357291407614813,0.5663343558282209,0.5770114942528736,0,0,1,3,0
731,91,71,162,1176,984,2160,4,0.39947786559039417,0.43595600676818863,0.0074792102543402685,8.019944936814587e-06,2.826411337786034e-05,0.004332484964122491,0.08518626008164669,0.2381007393715342,0.2600732600732601,0,0,0,10,0
732,21,17,38,136,103,239,5,0.3380956441483919,0.36091370558375524,0.00018239135898013293,9.184124297782979e-07,9.900890560216815e-07,0.0005618250313392502,0.01536495925882898,0.36700581395348836,0.42292490118577075,0,0,3,2,0
733,6,15,21,6,16,22,4,0.3078297722700608,0.3240609137055834,0.0001231297268888869,4.811595723699717e-07,2.3611314980685365e-07,0.0002161359478529924,0.003566599005949682,0.2,0.24285714285714285,0,0,10,6,0
734,1,1,2,1,1,2,5,0.28656012720114954,0.2979526226734355,1.1825731830170332e-07,2.6687558351978917e-09,3.44516889956301e-08,0.00018869664981810468,0.0022045058903268143,0.0,0.0,0,0,2,6,0
735,22,19,41,70,50,120,5,0.3244692194197938,0.34763113367174187,0.0004372066009052494,7.4837998897414e-07,2.4163356755048225e-05,0.0006736200173445461,0.01043893586135492,0.31722428748451054,0.3968253968253968,0,0,7,1,1
736,13,17,30,57,73,130,4,0.3438721526413795,0.363620981387478,0.0001287398706902413,2.1173528619365392e-05,3.0395573793066994e-06,0.00037998689995506193,0.01549047686888461,0.4541176470588235,0.4842105263157895,0,0,10,6,0
737,13,15,28,297,134,431,5,0.28922467614384834,0.3089170896785109,0.0001086708978170165,5.270887164889628e-07,5.338605342757855e-07,0.0009223950022186635,0.004469990238777874,0.4128065395095368,0.4411764705882353,0,0,5,2,0
738,54,77,131,812,2666,3478,5,0.3647684348381371,0.3961928934010142,0.0052037645247764025,2.251320075706141e-05,9.25550140325123e-06,0.003925412228391146,0.03885471868346467,0.22812094012046769,0.22450778724654716,0,0,5,1,0
739,45,32,77,213,79,292,4,0.35940419314934097,0.38891708967851,0.0007919920835674114,1.5345712083347051e-06,4.588450692934404e-06,0.0006830671631191837,0.04915999404010883,0.35810344827586205,0.41411764705882353,0,0,2,0,0
740,27,16,43,263,78,341,5,0.3331575383429139,0.35908629441624257,0.000561842281958919,1.2885332307578796e-06,1.0229868712356879e-06,0.0012339103350240941,0.015969016377436945,0.3350225225225225,0.34656084656084657,0,0,7,1,1
741,5,5,10,17,8,25,5,0.30305827447136635,0.318697123519458,4.861866381485338e-06,5.187492921136917e-08,5.2589215235120273e-08,0.00023320375402364834,0.005185859356401658,0.5581395348837209,0.6071428571428571,0,0,2,2,0
742,91,88,179,1453,1861,3314,4,0.40539430317319025,0.44001692047377244,0.0055678980141642,0.00015349301999796557,0.0002615512840127943,0.004457720874616038,0.09506659758030793,0.2902351383723129,0.30925470925470927,0,0,2,0,0
743,64,58,122,815,806,1621,5,0.37009496146908877,0.404399323181048,0.002981228861396546,8.646133006013642e-05,7.166363699401444e-05,0.0020879562403918845,0.05748870059610896,0.2996589358799454,0.3356136820925553,0,0,1,3,0
744,9,93,102,111,263,374,4,0.282420793956395,0.2985956006768194,0.003345585693080323,3.492818021188679e-05,1.849610488938274e-05,0.00035249024679102296,0.007624942022099367,0.05734836702954899,0.05442329227323628,0,0,1,3,0
745,18,10,28,181,36,217,5,0.2988233990202381,0.3199830795262265,4.5350059223986946e-05,1.625587106773004e-07,8.693503561784526e-07,0.0005891826417453002,0.006956160338117661,0.6395663956639567,0.6783625730994152,0,0,5,1,0
746,82,109,191,1472,4153,5625,4,0.40135224853744583,0.4342639593908621,0.008601698666244991,0.00014728139704353542,2.8659744229823596e-05,0.004033169055721229,0.08348024758949778,0.25044257579110424,0.26825633383010433,0,0,2,0,0
747,5,0,5,21,0,21,0,0.28079148754028393,0.2954822335025386,0.0,-0.0,1.3821150217140325e-07,0.0002236075604360026,0.0030692127559535016,1.0,1.0,0,96,5,1,0
748,9,7,16,122,41,163,5,0.29713659737574694,0.31235194585448417,2.0413087382102963e-05,8.137459227635005e-08,5.776299100174999e-07,0.0005676294703849291,0.004239939279995421,0.7894736842105263,0.8444444444444444,0,0,6,9,0
749,49,66,115,315,245,560,4,0.3770278698382067,0.40465313028764727,0.0011330850766180494,1.8008797575376604e-05,2.076332349227319e-05,0.0009243935320305118,0.05157167512567791,0.3012436665131276,0.3314307458143075,0,0,3,2,0
750,17,16,33,133,85,218,4,0.3150578194089987,0.3362098138747879,6.658631156569401e-05,7.146780135909286e-07,4.08491893479484e-06,0.00038635413201875107,0.01472261530364416,0.5067829457364341,0.5476190476190477,0,0,8,7,0
751,10,6,16,69,19,88,4,0.30052946146523724,0.319458544839255,5.440759716548619e-05,3.98217952933823e-06,1.4413100784819923e-05,0.00035232025798293757,0.008704294861979907,0.6391304347826087,0.6,0,0,1,3,0
752,72,75,147,304,194,498,4,0.397159363758761,0.42758037225042234,0.007433379028206615,6.344139265574747e-06,1.7920700975678925e-05,0.0010445649974981173,0.06280825858694253,0.20907048581859028,0.22139764996907854,0,0,2,0,0
753,2,0,2,2,0,2,0,0.2223577322725814,0.23116751269035582,0.0,-0.0,6.495987537998417e-10,0.0001925167868405746,0.00022079852137882216,1.0,1.0,0,49,9,8,0
754,22,22,44,209,168,377,5,0.33348225329256587,0.35668358714043896,0.00017058369135403698,1.2281484285616292e-05,0.00010100728289275046,0.0008374018057162078,0.022118819500466926,0.43870967741935485,0.48148148148148145,0,0,3,2,0
756,1,0,1,1,0,1,0,0.2589556829222022,0.27000000000000157,0.0,-0.0,2.7604930015384865e-07,0.00018837124824681357,0.0008814172783927885,0.0,0.0,0,146,1,3,0
757,2,3,5,3,10,13,5,0.26647413697676997,0.27702199661590654,2.9888104666789314e-06,3.532456024561314e-08,2.1202864821430064e-08,0.0001983831886189197,0.0011999615247261868,0.75,0.6666666666666666,0,0,2,0,0
758,19,23,42,164,499,663,5,0.2990846082851159,0.31989847715736025,0.0006848846829053515,1.2102903231167176e-06,2.1443970123337114e-07,0.0007719048385944788,0.007240195905742501,0.5816568047337278,0.5784615384615385,0,0,9,8,0
759,23,25,48,151,97,248,4,0.3038657121475778,0.32734348561759696,3.0950972152957656e-05,2.1659978816626974e-05,7.042111582764712e-05,0.00044059270980683555,0.016194914380535236,0.7443541102077688,0.8091168091168092,0,0,1,3,0
760,0,1,1,0,4,4,6,0.0,0.0,0.0,1.2593821735288593e-08,-0.0,0.00018716917629273057,2.4109404053634617e-34,0.0,0.0,0,181,5,1,0
761,33,28,61,371,245,616,5,0.34078963334479345,0.3675972927241953,0.0016837653879757735,9.60867772857947e-07,3.341290318638999e-06,0.0015596432191536962,0.015463613145353381,0.3889196675900277,0.46984126984126984,0,0,5,1,0
762,51,8,59,641,13,654,5,0.3588387958869141,0.39018612521150486,8.673098308949668e-05,1.573243168872654e-06,0.0007191326502230295,0.0013479396777895411,0.046232059743428124,0.41456253669994125,0.4172549019607843,0,0,1,3,0
763,13,16,29,32,38,70,5,0.33495133810883265,0.3550761421319791,0.00010478480741917203,1.7648936117111774e-06,1.8152686785543275e-06,0.0002586028023873338,0.016195012605355698,0.3211586901763224,0.3473684210526316,0,0,2,0,0
764,37,23,60,878,311,1189,5,0.34753965655477154,0.3752961082910311,0.0022400008396636258,9.418818896219804e-06,0.00011435853271063911,0.0016705831553831413,0.01974247240314978,0.2227920227920228,0.2313131313131313,0,0,10,6,0
765,76,66,142,1472,1436,2908,5,0.3791166669010223,0.4157360406091359,0.004519117410909717,8.825206749059965e-05,0.000298148609985079,0.0034752879910645326,0.07111061684677107,0.3334505627009646,0.3535116074052307,0,0,1,3,0
767,24,18,42,424,103,527,4,0.3288349753754662,0.35262267343485515,0.0002561706468526208,2.4254331564297674e-07,4.5473309349278546e-06,0.0009371948403628771,0.012266149931191779,0.4297520661157025,0.4973544973544973,0,0,3,2,0
768,4,7,11,9,19,28,5,0.3150578194089987,0.33096446700507576,2.5273672948610423e-06,5.256508024513889e-07,2.10725933679526e-07,0.00020791195280260973,0.005792609593235194,0.7156862745098039,0.7619047619047619,0,0,2,0,0
769,60,37,97,282,95,377,5,0.3706964159026789,0.40329949238578583,0.003635214415512438,3.7792701376114324e-06,0.00034256055143635497,0.001419665354178625,0.04121258124974458,0.23764299589898555,0.23731951129211404,0,0,2,0,0
770,11,0,11,97,0,97,0,0.298768991315729,0.3166497461928932,0.0,-0.0,2.0680586628220284e-06,0.00029008039879971977,0.008338475847508011,0.43636363636363634,0.4727272727272727,0,81,4,5,0
771,40,59,99,407,839,1246,4,0.35456247863023066,0.3825719120135352,0.003484443470114307,2.9108302939593587e-05,8.37425925598337e-05,0.002050391891102059,0.03274653980456759,0.25685500623182383,0.28820729772607084,0,0,2,0,0
772,120,226,346,1078,1723,2801,4,0.42163005776731066,0.4608291032148895,0.018940031277222283,7.037683378915314e-05,5.5922906327475944e-05,0.002693691659958596,0.11210321843353041,0.1596860835991271,0.1660831921701487,0,0,2,0,0
773,8,5,13,475,11,486,5,0.2862005787354016,0.3027411167512692,4.514398366583322e-05,1.3703299770254167e-06,1.631531523329147e-05,0.0006616644535118796,0.0034820200616837316,0.43243243243243246,0.3611111111111111,0,0,8,7,0
774,8,7,15,2195,2833,5028,5,0.32601504704923545,0.3445008460236881,3.9238010080139136e-05,0.9093653399405446,5.3958220429783314e-05,0.003138064781883281,0.007050771323415904,0.29292929292929293,0.4722222222222222,0,0,11,12,0
775,33,23,56,183,80,263,5,0.36225811739351255,0.3868866328257183,0.00030600061688284684,3.3536829957191035e-06,5.508840283963255e-06,0.000735010444836916,0.03937592147511768,0.38131147540983606,0.45121951219512196,0,0,2,0,0
776,40,42,82,321,259,580,4,0.3675110546489502,0.39382402707275715,0.00032846054429353666,1.940051894205193e-05,8.004574551888345e-05,0.0006630124761283798,0.057053634597029064,0.537678517168034,0.581447963800905,0,0,2,0,0
777,16,7,23,86,13,99,5,0.3131833335269314,0.33394247038917013,1.8140450525196108e-05,2.328828742469943e-07,9.57599960668732e-07,0.0004114689165102014,0.010378304011648605,0.4576612903225806,0.43137254901960786,0,0,3,2,0
778,1,0,1,2,0,2,0,0.2455166800504344,0.2543654822335041,0.0,-0.0,1.264473523328711e-09,0.00019629591703002123,0.0003337647609268816,0.0,0.0,0,55,5,1,0
779,25,26,51,157,113,270,5,0.3516472681173408,0.37495769881556595,0.0004236929398877006,1.1740487651563996e-06,1.0352421824198708e-06,0.0006697408318039434,0.018381276467861255,0.3361244019138756,0.36551724137931035,0,0,3,2,0
780,22,22,44,359,53,412,5,0.2973948647354825,0.3196954314720808,0.00021761417194096508,6.409418356042731e-08,2.249035328793281e-06,0.0011170662508387238,0.005428979563305834,0.4666666666666667,0.47883597883597884,0,0,7,1,1
781,1,0,1,2,0,2,0,0.25576942731577695,0.26397631133671934,0.0,-0.0,3.3361241807239355e-09,0.0001910344275503523,0.0004766990396557339,0.0,0.0,0,145,3,2,0
782,73,94,167,1472,1641,3113,4,0.37974782672383195,0.4150592216582055,0.008822671228254555,0.0002524580932199707,0.0010342600771484287,0.0027795011882356573,0.058839131374264886,0.2221336425568923,0.2083644510828977,0,0,1,3,0
783,69,20,89,1072,48,1120,5,0.3780693832907985,0.41235194585448304,0.0007367848964784609,3.880796913946353e-07,8.294344613171865e-06,0.0030278255730576903,0.05749896420773129,0.2955361723961006,0.3235412474849095,0,0,5,1,0
784,46,39,85,483,440,923,4,0.35640915820642977,0.3863790186125202,0.004139242282560015,7.96211213053179e-06,4.8569112174875266e-05,0.0027909058232306744,0.03712652985327859,0.2519785189372527,0.2931785195936139,0,0,2,0,0
785,1,0,1,1,0,1,0,0.2290396006881181,0.23656514382402777,0.0,-0.0,2.5611346376024195e-10,0.0001951680453607669,0.0001307276245054151,0.0,0.0,0,120,3,2,0
786,2,5,7,2,6,8,5,0.2823042837278652,0.29394247038917154,2.070885464156938e-06,5.877202380081027e-08,1.9887727066278493e-08,0.00018952492130122457,0.0020599757423601143,0.55,0.4666666666666667,0,0,3,2,0
787,8,6,14,24,34,58,4,0.3329954178862993,0.3512690355329944,1.1078993221735928e-05,2.635002967274375e-06,9.160006392421004e-07,0.00025120111661686313,0.01347332402827152,0.5411764705882353,0.5714285714285714,0,0,2,0,0
788,19,31,50,106,277,383,5,0.29094625159708554,0.31072758037225057,0.00018522190862329307,4.355652646215564e-07,5.488294726628815e-08,0.0009371256630248773,0.005626697531109953,0.4490472245236123,0.46975806451612906,0,0,7,1,1
789,42,53,95,624,376,1000,4,0.36341241835175,0.3909475465313018,0.0016085779204592038,9.849686503927971e-06,9.345028271859225e-05,0.001113390561496202,0.033360560193386624,0.25,0.26433566433566436,0,0,10,6,0
790,92,108,200,1825,1899,3724,4,0.3976209086323912,0.43510998307952536,0.013126549643994258,0.00017017860152579223,0.0001064108260336448,0.004925639728358771,0.05434928619697237,0.14720133245848685,0.15518331226295828,0,0,1,3,0
791,15,15,30,182,82,264,4,0.33826277002290916,0.3588832487309635,7.970504849266839e-05,1.0566521551294624e-06,1.909741439743631e-06,0.0007413357687453422,0.015651062172725206,0.41725768321513,0.43790849673202614,0,0,3,2,0
792,4,0,4,4,0,4,0,0.2844003333585878,0.29752961082910356,0.0,-0.0,2.7907213813741543e-08,0.00020415909120204096,0.0029160456516765867,0.25,0.3333333333333333,0,104,0,0,0
793,0,1,1,0,1,1,5,0.0,0.0,0.0,1.4534389448280276e-09,-0.0,0.00018716917629273057,2.4109404053634617e-34,0.0,0.0,0,182,3,2,0
794,2,32,34,2,63,65,4,0.2633970684204562,0.2739593908629456,0.0008837172044093703,4.689091219981083e-06,3.360171212027184e-08,0.00019451890717555866,0.0013155303512881683,0.16279069767441862,0.20161290322580644,0,0,4,3,0
795,29,22,51,790,566,1356,5,0.3078297722700608,0.33328257191201294,0.00012349661268357405,1.0444534045710851e-06,2.2155421189286775e-06,0.0019302721731209503,0.01634771056623637,0.47533810660302306,0.5208333333333334,0,0,8,4,0
796,18,2,20,258,2,260,5,0.32994483305513267,0.35240270727580303,1.1400384709991204e-05,2.136096725566862e-09,2.9806181619097578e-05,0.0006140386526269499,0.014355732543090614,0.32978723404255317,0.41830065359477125,0,0,10,6,0
797,3,0,3,5,0,5,0,0.28171400577450256,0.2938747884940783,0.0,-0.0,1.9464336403182163e-08,0.0002083982089445264,0.0029127802551456496,0.6666666666666666,1.0,0,112,0,10,0
798,20,18,38,37,52,89,4,0.34215279187817255,0.3642131979695421,8.404993653898525e-05,3.493323198327605e-06,1.4229492653392323e-06,0.00032748324263679883,0.022441645571187357,0.45500725689404936,0.5144927536231884,0,0,2,0,0
799,8,11,19,90,55,145,5,0.27471119380021886,0.2877834179357031,4.244585443636109e-06,8.258461986422495e-08,1.3685231181650075e-07,0.0005543453425151766,0.0034996897174070793,0.7975460122699386,0.8363636363636363,0,0,4,5,0
800,3,13,16,15,147,162,4,0.2649266681209234,0.27604060913705714,1.2741457652294215e-05,2.9675109712419135e-06,1.9868280585003773e-07,0.0002304318430314999,0.0019246530867983408,0.4067796610169492,0.4175824175824176,0,0,4,5,0
801,13,1,14,20,2,22,6,0.318429773734921,0.3384940778341787,8.59638711492966e-06,6.533173549381837e-09,2.143663470273527e-06,0.00026834146365571225,0.009209612380891453,0.1111111111111111,0.16666666666666666,0,0,5,6,0
802,26,34,60,280,193,473,4,0.3463084938038184,0.3704737732656505,0.0008083306325079992,0.0006848279542501327,0.0009128309349089234,0.0009521785964066972,0.024429891049593293,0.36542857142857144,0.3769230769230769,0,0,2,0,0
803,27,21,48,267,201,468,4,0.34062000186975866,0.36565143824026974,0.0003746251645293707,2.5370699343639313e-05,2.6569428371882314e-05,0.000853031079053504,0.025700414088052195,0.3854824165915239,0.3866995073891626,0,0,1,3,0
804,11,11,22,167,146,313,5,0.30252236240333563,0.32045685279187797,0.0005437726759733229,4.859805137809551e-07,2.25109598411185e-07,0.0008123311740001172,0.005245871905782755,0.5,0.5256410256410257,0,0,5,1,0
805,1,0,1,3,0,3,0,0.28056180125190744,0.29071065989847794,0.0,-0.0,7.815858573549955e-08,0.0001911582788457397,0.0018181722211427507,0.0,0.0,0,126,2,0,0
806,10,24,34,77,197,274,4,0.2953412100804252,0.31341793570219983,2.7992798946667297e-05,7.440326033014772e-06,2.244941829261376e-06,0.0003464288487467043,0.007558391981545726,0.6893115942028986,0.7666666666666667,0,0,12,4,0
807,22,35,57,56,74,130,4,0.34613332511701833,0.3686971235194577,0.0005731553851550957,3.7395948503731823e-06,1.0375364455246943e-06,0.00037320421755160225,0.023876950663713644,0.3561470215462611,0.39271255060728744,0,0,2,0,0
808,20,18,38,186,92,278,5,0.32757567436876267,0.3502538071065981,0.0002024393318253914,2.2303609233085348e-07,5.645519227262403e-07,0.0009067211757467216,0.011592400833203731,0.37771345875542695,0.39384615384615385,0,0,5,1,0
809,24,23,47,414,99,513,4,0.34895746239487263,0.37250423011844236,0.0002374479744313021,2.4526857086619453e-06,9.704800517423361e-05,0.00045291864799448074,0.02292871548030734,0.3568075117370892,0.4236559139784946,0,0,10,6,0
810,21,22,43,242,259,501,5,0.3404505391822613,0.36311336717428,0.0010747578261925132,1.7372953041581493e-06,7.02928919191579e-07,0.0011604429610154398,0.012762509619117535,0.2979683972911964,0.32,0,0,5,1,0
811,7,3,10,43,12,55,5,0.3064512242527296,0.3228426395939082,1.7800177516747253e-07,4.5001947334921103e-07,6.945511816281363e-07,0.0003199454909402977,0.00929563664684605,0.8571428571428571,0.8571428571428571,0,0,12,5,0
812,26,31,57,438,604,1042,5,0.35182806362794095,0.3752115059221651,0.0005435391681893866,1.5063706316022523e-05,2.7325121629215346e-05,0.0013697331125720133,0.02941350100575802,0.3808767471410419,0.4336134453781513,0,0,1,3,0
813,20,27,47,562,361,923,4,0.34129954302062104,0.36336717428087895,0.000364399105662327,1.147685673924259e-05,2.3404315002786962e-05,0.000860241688825516,0.020464656920929872,0.36701127819548873,0.40229885057471265,0,0,2,0,0
814,6,0,6,273,0,273,0,0.30033870580600425,0.31634517766497433,0.0,-0.0,2.4149516412024944e-05,0.0004710067109225789,0.00608636348395237,0.5666666666666667,0.6,0,122,1,3,0
815,4,4,8,10,8,18,5,0.27862605201805585,0.29213197969543225,0.0003051590286369383,1.3267902791157716e-07,5.221190596258639e-08,0.00021865216931919273,0.0019505873684721544,0.28,0.3,0,0,10,1,0
816,2,0,2,2,0,2,0,0.29116027337050665,0.3033164128595604,0.0,-0.0,2.892362921832641e-08,0.00019079908106055547,0.0026621079186507856,1.0,1.0,0,121,2,2,0
817,22,25,47,422,137,559,4,0.3127539231061907,0.3357698815566831,0.00015114114868295783,1.2825391123571924e-05,8.432109452822761e-06,0.001047451202415171,0.014479524237072345,0.5790216368767639,0.6379310344827587,0,0,8,4,0
818,7,8,15,13,164,177,5,0.2782861259684202,0.290829103214891,0.00018215888016203034,1.3995806746128528e-06,5.8552868566921076e-08,0.0003108880230923081,0.0017594308169017682,0.034653465346534656,0.05454545454545454,0,0,2,0,0
819,16,23,39,56,126,182,5,0.3357731029226424,0.35634517766497387,0.0009493678337913507,2.9401284722532823e-06,1.7544042585014897e-06,0.0005188635938019944,0.014207507286150415,0.26584022038567495,0.2717391304347826,0,0,10,6,0
820,1,0,1,3,0,3,0,0.2495356871811254,0.2597292724196294,0.0,-0.0,2.5898967813318332e-09,0.0001975679452687699,0.00041303220369965396,0.0,0.0,0,119,5,1,0
821,3,0,3,16,0,16,0,0.26974974599328105,0.28093062605753066,0.0,-0.0,1.29722928969974e-07,0.00021365978867349947,0.002192626830541186,1.0,1.0,0,95,4,5,0
822,15,3,18,52,5,57,5,0.30852370773505194,0.3288324873096441,5.213366717780881e-06,3.5328302949996354e-08,1.206550886663001e-07,0.0004092336385524976,0.007755242695980397,0.46688741721854304,0.5166666666666667,0,0,7,1,1
823,33,42,75,346,471,817,4,0.3532811480414792,0.3794416243654814,0.0013767346601084236,9.055428560406976e-06,4.506729250197015e-06,0.001223428000714946,0.02994037774322699,0.3448526736995271,0.35714285714285715,0,0,4,5,0
824,5,1,6,16,1,17,5,0.2782861259684202,0.2913705583756353,3.375575487980715e-07,7.025940804870906e-10,2.4594567833316636e-08,0.0002585044198467791,0.003567069853899835,0.7857142857142857,0.9,0,0,8,4,0
825,3,0,3,5,0,5,0,0.28346016696731974,0.29610829103214936,0.0,-0.0,1.047123258788013e-05,0.0001932144418580251,0.0034636817667519117,1.0,1.0,0,109,1,3,0
826,1,0,1,1,0,1,0,0.24595683186120965,0.25507614213198126,0.0,-0.0,1.7011998698831542e-09,0.00018890195419438561,0.00029606470137902687,0.0,0.0,0,118,5,1,0
827,1,1,2,3,3,6,5,0.24544676605320848,0.2539593908629459,0.0,4.568830327543543e-07,4.565849692345369e-07,0.00019249994344673214,0.00046492950139657323,0.0,0.0,0,0,2,0,0
828,27,43,70,167,174,341,5,0.30936057131842004,0.33512690355329866,0.0006799906323751359,6.230938416390235e-07,6.088575633807623e-07,0.0007004865597334315,0.00940458868791699,0.41610878661087863,0.45555555555555555,0,0,5,1,0
829,1,0,1,12,0,12,0,0.18676112280449597,0.1920908871162668,0.0,-0.0,4.0567147987365136e-11,0.00019987675514579408,8.47514947509272e-06,0.0,0.0,0,114,5,11,0
830,26,34,60,106,106,212,4,0.3560382849928955,0.3792724196277487,0.00023564895312436983,8.22519815059739e-06,3.573850955952384e-06,0.0005845467997483995,0.03104758738364455,0.3512278697886922,0.4146341463414634,0,0,2,0,0
831,1,0,1,1,0,1,0,0.2537823174476188,0.2634010152284282,0.0,-0.0,2.678640781481996e-08,0.000189658427420279,0.0006459387062232836,0.0,0.0,0,147,12,4,0
832,61,84,145,523,640,1163,5,0.3799586805976375,0.4112521150592208,0.008665910696943998,6.372847106854419e-06,2.020080842425075e-06,0.0023840689148172194,0.02935032400438439,0.17522396686253733,0.2021887824897401,0,0,7,2,1
833,37,35,72,269,291,560,4,0.3733254684977333,0.3977157360406086,0.00047421939555833376,7.97118178927686e-06,7.311623522622362e-06,0.0008126761138413706,0.0419374055434744,0.4120662460567823,0.48868778280542985,0,0,2,0,0
834,19,7,26,67,11,78,5,0.3325100018252406,0.35439932318104844,9.554094684701762e-06,4.005207857880328e-07,2.462091263123128e-06,0.00029696840167829793,0.024620923275054395,0.49056603773584906,0.5497076023391813,0,0,2,0,0
835,25,11,36,108,29,137,5,0.32232952602748244,0.34695431472081134,7.8100963894225e-05,2.3833246620297004e-06,1.4683886983373243e-05,0.0004959733081003236,0.021033400542770368,0.3701923076923077,0.3816091954022989,0,0,2,0,0
836,18,0,18,40,0,40,0,0.3225075712557187,0.3445854483925545,0.0,-0.0,6.954897849948205e-07,0.00027433746269804176,0.012993171954033841,0.24836601307189543,0.3333333333333333,0,76,10,6,0
837,33,29,62,306,165,471,5,0.34421810048105894,0.3704737732656506,0.0007167095003222519,5.182695541788244e-07,4.962716566198333e-05,0.0009274881671754593,0.018493088430895387,0.39850427350427353,0.3864894795127353,0,0,5,1,0
838,50,52,102,528,223,751,4,0.3433545327427723,0.3759729272419616,0.001315866462684567,8.304043147473486e-06,1.9809257389500487e-05,0.0018673870569305443,0.032062923458864,0.3344746624926629,0.3532522474881015,0,0,12,4,0
839,1,1,2,1,1,2,6,0.2626892835916872,0.273925549915399,4.016303744551089e-07,6.72408189356618e-10,6.396121081235464e-09,0.00018937102370794126,0.0008163288172340953,0.0,0.0,0,0,5,1,0
840,28,40,68,735,384,1119,5,0.3404505391822613,0.3648900169204728,0.0007811683818722342,0.00011193432618489027,0.00010689538963120519,0.0010497983521117167,0.015104215623744715,0.2859361135758651,0.3118393234672304,0,0,10,6,0
841,20,25,45,86,98,184,5,0.34613332511701833,0.3680203045685272,0.0024589398356882337,4.307281730873649e-06,3.3531616850775062e-06,0.0005936820175671325,0.023623105493891242,0.34953940634595704,0.3649193548387097,0,0,8,0,0
842,5,5,10,59,52,111,5,0.28740259712572247,0.30145516074450124,1.5927742528353408e-05,7.288671372467754e-07,1.6649396164857274e-08,0.0007879519148479996,0.002282690354602638,0.14634146341463414,0.26666666666666666,0,0,7,1,0
843,31,40,71,290,455,745,5,0.34949212653541634,0.3747884940778334,0.002536118360394373,4.543871578408435e-06,4.825377680581625e-06,0.0014076093859286087,0.030382762386149998,0.2639058059277304,0.2619047619047619,0,0,3,2,0
844,37,37,74,648,489,1137,5,0.34701094510970854,0.37512690355329853,0.0016293511918042867,4.6759158377705105e-06,1.0489791486621646e-05,0.002086669848378917,0.03016312404451598,0.3668163112607557,0.3710144927536232,0,0,9,8,0
845,2,9,11,5,32,37,5,0.24883839409321645,0.2587478849407802,0.0009946549753783419,5.4507732576163734e-06,1.3683293426109043e-08,0.000348437939096734,0.0005900744837643458,0.7,0.7636363636363637,0,0,1,3,0
846,25,31,56,1344,573,1917,5,0.3249314262850642,0.3499492385786792,0.00028455446273528473,4.151586954084864e-06,2.7951799406414322e-05,0.0017692670375976081,0.01920975373475687,0.4061063690085358,0.4358974358974359,0,0,8,7,0
847,14,34,48,77,162,239,4,0.291070005851274,0.3108967851099831,0.0010773092520629558,1.6198829010629867e-06,5.236800916978649e-07,0.0004366311849809879,0.006302486406793705,0.35125448028673834,0.42698412698412697,0,0,8,4,0
848,4,2,6,15,10,25,5,0.2557195753947478,0.2650084602368885,0.000996540945822501,1.922887303629154e-08,2.0433968586085508e-08,0.0006336246717303647,0.0005584699868614198,0.5384615384615384,0.8333333333333334,0,0,2,0,0
849,40,43,83,823,695,1518,4,0.3456088806850228,0.3747884940778333,0.0028573023572259887,5.755636913002614e-06,9.193619230814965e-05,0.0020639446075090724,0.017902498839810838,0.20314353499406881,0.2187028657616893,0,0,5,2,0
850,65,74,139,558,1010,1568,4,0.37619878161426346,0.40956006768189435,0.004858621657970179,8.093572262632528e-06,2.012341806639291e-05,0.0016656759542901592,0.05354205967802782,0.2778477029578351,0.3020174646190906,0,0,5,1,0
851,95,77,172,1085,898,1983,4,0.4008820057154922,0.4383248730964458,0.005695065063459234,1.5376015044186867e-05,5.9497938469981586e-05,0.003050111702576388,0.09620995093489884,0.30347748855639817,0.34475537787930705,0,0,8,4,0
852,2,0,2,26,0,26,0,0.290543669657312,0.30287648054145544,0.0,-0.0,1.0323073416612078e-06,0.0002320334001929036,0.0031861811242097997,1.0,1.0,0,141,2,0,0
853,15,18,33,73,60,133,5,0.33283345513440915,0.3539763113367166,0.000256524639164087,9.183436989363672e-07,1.2734256397270913e-06,0.0005268851560297537,0.012157580098697704,0.5096711798839458,0.47186147186147187,0,0,7,1,1
854,59,78,137,527,576,1103,4,0.3776520881657534,0.4088832487309636,0.004189975119721665,2.733549236911295e-05,8.915356211590319e-05,0.0014394979159823202,0.05576633698890206,0.2618225005398402,0.27358213341169557,0,0,4,5,0
855,24,24,48,507,513,1020,5,0.33348225329256587,0.3576988155668349,0.0005178936488053575,6.243297894172658e-05,1.4978421038789204e-05,0.0014371403775654283,0.01444778204675629,0.2678088367899008,0.270935960591133,0,0,10,6,0
856,1,0,1,1,0,1,0,0.26292587353810415,0.27417935702199797,0.0,-0.0,6.396121081235464e-09,0.00018937102370794126,0.0008163288172340953,0.0,0.0,0,151,5,1,0
857,49,45,94,1259,434,1693,4,0.36949545559197905,0.39881556683587044,0.0009871377119645922,1.6365751279226435e-05,3.223451440319826e-05,0.0025734377863174834,0.044976667540727974,0.35862546125461253,0.3904149620105202,0,0,12,4,0
858,26,26,52,185,78,263,4,0.34806998156477376,0.3720812182741106,0.0014450018808627053,1.523902633916422e-06,2.0654129094563554e-06,0.0007527893254918777,0.024716976479531028,0.28812260536398465,0.3225806451612903,0,0,3,2,0
859,8,9,17,46,35,81,5,0.28704093278370185,0.3028426395939087,6.420263695873154e-06,2.026548229952284e-06,4.198432911345724e-06,0.0002692370495624131,0.00792941331703792,0.6730769230769231,0.5636363636363636,0,0,1,3,0
860,4,1,5,7,1,8,6,0.25783933072959503,0.2674957698815585,4.001042696459582e-06,6.9510485306406556e-12,1.57781774418402e-09,0.00035523994485530373,0.0007470662856833987,0.4444444444444444,0.6666666666666666,0,0,2,0,0
861,3,3,6,13,29,42,5,0.26824993483196596,0.27917089678511137,4.95690899600286e-06,8.027017954582618e-09,3.6476997360407396e-08,0.00025347412786528765,0.0014396817374423047,0.5,0.6666666666666666,0,0,3,2,0
862,61,47,108,1114,570,1684,4,0.37869705797252085,0.4102368866328246,0.0031116605882699332,1.246728382942037e-05,1.1980564878555709e-05,0.002895226919887449,0.046249732704762195,0.2490848875719017,0.276797829036635,0,0,3,2,0
863,41,75,116,247,323,570,5,0.35511447003442925,0.383502538071065,0.0033151477710538957,1.577837942270026e-05,6.368899611017148e-06,0.001067031578951676,0.029229002651537942,0.16048545153022764,0.166179811749432,0,0,2,0,0
864,2,0,2,2,0,2,0,0.2679584390862944,0.27780033840947677,0.0,-0.0,1.0459384595879236e-08,0.00019734311122831575,0.001278888316038449,1.0,1.0,0,131,2,0,0
865,19,25,44,116,54,170,5,0.3418109808972753,0.363874788494077,0.00031263892576219765,2.8011530455517477e-06,5.118062515027154e-06,0.0004035684050094458,0.027231016994393294,0.4197002141327623,0.4274193548387097,0,0,2,0,0
866,40,38,78,363,406,769,5,0.3721074408680507,0.397631133671742,0.00145212918053293,1.1367340534301986e-05,5.973786627709195e-06,0.0014190791777304987,0.03930072296295843,0.3240242261103634,0.37465309898242366,0,0,3,2,0
867,20,10,30,62,17,79,5,0.3414698521738249,0.36353637901861185,0.0003997165424329049,1.7985314973719027e-07,7.851622877053196e-07,0.0004107559453900608,0.011703339465699724,0.2107728337236534,0.20346320346320346,0,0,2,1,0
868,44,56,100,703,921,1624,4,0.36264206876329896,0.39145516074450004,0.0007656290190413236,0.000132541948422293,0.0002206627515663196,0.0013692138753106477,0.0458352941836919,0.4376655123243023,0.4605493863237873,0,0,1,3,0
869,8,0,8,13,0,13,0,0.30610156361486557,0.32346869712351894,0.0,-0.0,1.7671378987225338e-05,0.00021069229273214582,0.007520636758689418,0.5178571428571429,0.5357142857142857,0,65,1,3,0
870,41,34,75,422,130,552,4,0.3671167294830178,0.3939086294416233,0.0012226833858984072,2.855488989588277e-06,8.589714072781892e-06,0.0014105558382406917,0.03378143870617846,0.2693847834000728,0.3154486586493987,0,0,2,0,0
871,3,1,4,12,4,16,5,0.2717655217459671,0.28177664974619426,4.1269448227477196e-07,1.3936494066773583e-08,7.788302061029575e-08,0.0002241379845217204,0.0015071502618491945,0.4,0.3333333333333333,0,0,2,0,0
872,13,13,26,363,34,397,4,0.3185780185085406,0.33881556683587083,0.00010908507046723763,3.224946718661811e-07,9.07718123706776e-05,0.00040796813566580995,0.007201440952374516,0.2626582278481013,0.3088235294117647,0,0,10,6,0
873,31,23,54,758,139,897,5,0.3274189395963374,0.3538071065989841,0.0004385761911503284,2.2798505372851376e-05,0.00010694398439365979,0.0010956648209019817,0.018359174357832,0.3156404812455768,0.3396825396825397,0,0,10,6,0
874,1,8,9,39,515,554,5,0.23032836881734942,0.23800338409475555,1.4128113261769126e-06,0.00010880393730819991,8.48214872518192e-08,0.0003626893199223315,0.00012824201309844974,0.7571428571428571,0.8214285714285714,0,0,10,6,0
875,5,0,5,25,0,25,0,0.30858011878583613,0.32439932318104875,0.0,-0.0,5.788135757247418e-07,0.0002402065414755342,0.0069374051745710414,0.5,0.5,0,101,2,0,0
876,10,3,13,15,5,20,5,0.31651507111764343,0.3347208121827406,6.723464710153585e-05,4.171436582177262e-08,1.0139743634316408e-07,0.00028756236855699953,0.007915954002995376,0.27631578947368424,0.2909090909090909,0,0,3,2,0
877,1,0,1,2,0,2,0,0.24719769515708603,0.2552115059221676,0.0,-0.0,4.4334979818823654e-09,0.00019199560195674002,0.0004194340273294504,0.0,0.0,0,110,6,9,0
878,7,6,13,30,15,45,5,0.29843243949251863,0.31379018612521126,1.25114167325109e-05,2.0823025087510546e-07,1.6967437569044787e-07,0.000291279265937463,0.0061513552354832525,0.7222222222222222,0.8095238095238095,0,0,3,2,0
879,28,33,61,232,298,530,5,0.3134702628292923,0.33844331641285874,0.0009074017727352382,5.303824504748639e-07,4.041593947761631e-07,0.0015080323392262429,0.012157351739139738,0.3086283185840708,0.3697705802968961,0,0,7,1,1
880,22,38,60,162,96,258,4,0.3450860230743042,0.3680203045685273,0.0007209750054490657,3.2342285311885975e-06,2.954341870032147e-06,0.0004936808118075279,0.02274527296328855,0.22120866590649943,0.2135306553911205,0,0,12,5,0
881,35,43,78,388,274,662,5,0.34701094510970854,0.37394247038916995,0.002418310355259643,1.7078669376907819e-06,3.206513038287482e-06,0.0014713028348517835,0.020578950642260497,0.3999663752521856,0.4217687074829932,0,0,5,1,0
882,1,0,1,1,0,1,0,0.2891962917626112,0.30084602368866364,0.0,-0.0,4.806907926108411e-08,0.00018903705527162216,0.002327239273806824,0.0,0.0,0,155,2,0,0
883,45,51,96,506,304,810,4,0.3715014026907411,0.39881556683587055,0.002202944879912599,1.092578125651564e-05,1.0316090045424578e-05,0.0018404169877272573,0.041417110058763765,0.329500221141088,0.3278886872353297,0,0,3,2,0
884,4,0,4,6,0,6,0,0.27987499145692113,0.29226734348561845,0.0,-0.0,1.3962165919489501e-08,0.0002034914853948841,0.0027489240983929047,0.5833333333333334,0.6666666666666666,0,113,3,2,0
885,34,35,69,638,343,981,5,0.3464838398766305,0.37301184433164036,0.001218850905930511,6.355142121277759e-05,0.0005929067517227143,0.0011477656506910798,0.027619949227877902,0.5371009490940466,0.5426829268292683,0,0,1,3,0
886,3,3,6,7,159,166,5,0.26533756640416645,0.2765820642978017,6.593949822950262e-06,1.276535552452329e-06,3.551109714844721e-08,0.00021707385309262955,0.0012681811071817805,0.07142857142857142,0.1,0,0,4,5,0
887,13,11,24,41,71,112,5,0.32385498521360395,0.34399323181049013,9.858911992235197e-05,6.7368441843989015e-06,6.247431887298061e-07,0.000319648730634554,0.011445598478950618,0.2126865671641791,0.23333333333333334,0,0,2,0,0
888,10,4,14,48,13,61,5,0.2943249822607936,0.31240270727580377,2.958989793172468e-06,2.3404065884697895e-07,1.0667274635810484e-06,0.0002730610023404078,0.006875063163121953,0.6875,0.7636363636363637,0,0,12,4,0
889,6,0,6,26,0,26,0,0.29290077030781964,0.30834179357022,0.0,-0.0,1.3131981515545581e-06,0.0002364193536397881,0.0050851988768786495,0.7333333333333333,0.8666666666666667,0,87,1,3,0
890,126,124,250,488,370,858,4,0.42345642559179775,0.46404399323181006,0.014499380032955065,1.8212715123739642e-05,2.33182867034153e-05,0.0018050752479919535,0.10770306556333582,0.17088566827697263,0.17438423645320197,0,0,2,0,0
891,86,81,167,2305,2069,4374,4,0.3896956627314039,0.42715736040609065,0.0061156626266206555,0.000149595837823744,8.83872561541588e-05,0.004907073795944859,0.077673466329901,0.22918781725888324,0.26535087719298245,0,0,8,7,0
892,2,3,5,3,5,8,5,0.27101211237875056,0.2830964467005089,0.0,1.4448425489904237e-07,8.650331066394891e-08,0.0001932161833173168,0.0019459075257449126,1.0,1.0,0,0,12,4,0
893,8,6,14,30,19,49,5,0.3045418708305942,0.32172588832487303,5.0730236479770896e-05,4.633570980519159e-07,2.347257307365588e-07,0.0003188742860520843,0.005320755490488865,0.26436781609195403,0.4,0,0,7,1,1
894,3,0,3,60,0,60,0,0.2811367229757843,0.2938747884940786,0.0,-0.0,3.0516820752217793e-06,0.00023803116696800234,0.002916428015677722,0.8333333333333334,1.0,0,94,8,7,0
895,11,11,22,129,128,257,5,0.29713659737574694,0.31319796954314705,4.739244230921904e-05,2.0924004260115012e-07,2.3510520307852645e-07,0.0007445397627856256,0.005827392782972416,0.704954954954955,0.6923076923076923,0,0,4,5,0
896,16,13,29,47,20,67,5,0.31433421394411815,0.33502538071065935,0.0025437738824691213,3.9288274902778e-08,5.3947396692597996e-08,0.000839101467010285,0.009028074505585602,0.18181818181818182,0.21637426900584794,0,0,3,2,0
897,4,0,4,20,0,20,0,0.2616222746227741,0.2736886632825734,0.0,-0.0,5.795322108941727e-09,0.00023949283278846826,0.0007642399298200168,0.25,0.3333333333333333,0,115,5,11,0
898,19,16,35,109,51,160,4,0.33364484824785234,0.3558375634517757,0.0004435459819698219,4.469683539444885e-07,1.6662615017122355e-06,0.000475564857542194,0.01184837474270181,0.4475945017182131,0.43722943722943725,0,0,5,5,0
899,8,14,22,102,92,194,5,0.28149139603305023,0.2982064297800342,0.0005070428116312356,6.687295483070621e-08,1.4458953670028196e-07,0.0005376793486075858,0.003264565019113788,0.5112107623318386,0.4725274725274725,0,0,5,1,0
900,46,29,75,801,244,1045,4,0.36379882177370826,0.392554991539762,0.00048621916526003783,2.9275777955672254e-05,0.0007631068703488052,0.0018169906372791534,0.050388984111911964,0.4185158239359767,0.44727891156462585,0,0,2,0,0
901,28,12,40,127,33,160,5,0.34232395385510017,0.367174280879864,0.00015082377094928392,1.0340751157010286e-06,2.251529815209305e-06,0.0006207260184673374,0.02000839779693005,0.33506493506493507,0.36091954022988504,0,0,2,0,0
902,10,10,20,39,72,111,5,0.29094625159708554,0.30822335025380737,7.65025356224483e-06,1.0258509798590857e-06,5.555523521216606e-07,0.00032946675664003437,0.007197872354534883,0.6333333333333333,0.7777777777777778,0,0,8,7,0
903,1,0,1,1,0,1,0,0.26292587353810415,0.27417935702199797,0.0,-0.0,6.396121081235464e-09,0.00018937102370794126,0.0008163288172340953,0.0,0.0,0,152,5,1,0
904,12,7,19,120,31,151,5,0.3323485108092983,0.35219966159052374,1.2022580808082521e-05,1.1377587409622781e-06,3.830160791039809e-06,0.0005688180671416746,0.013337576370164576,0.5748502994011976,0.5714285714285714,0,0,3,2,0
905,3,3,6,18,43,61,5,0.27361278838718317,0.285143824027074,1.8112465936799538e-06,3.0019349561017216e-07,2.5042974022639476e-08,0.0002743888893683115,0.0016485593216626119,0.38461538461538464,0.3333333333333333,0,0,3,2,0
906,8,7,15,48,45,93,6,0.279080580651038,0.29375634517766563,8.137096771169987e-06,7.252447499979299e-09,2.1958022699190206e-08,0.0005103134068733103,0.002672466667806481,0.5505050505050505,0.5833333333333334,0,0,7,1,1
907,16,31,47,71,69,140,5,0.3288349753754662,0.34974619289340025,0.0010266111897515408,1.346408146087175e-06,9.698681828763985e-07,0.0004313921387160205,0.013160583314872083,0.22778297474275022,0.23025210084033612,0,0,3,2,0
908,13,17,30,158,186,344,5,0.3057665700430497,0.32548223350253774,4.4150789431865244e-05,1.2133734897625302e-05,4.265740441214165e-06,0.0005435725132571964,0.009123008911885071,0.5722748815165877,0.6323529411764706,0,0,1,3,0
909,23,28,51,259,219,478,4,0.34062000186975866,0.36404399323180975,0.0004841472193964078,5.058466241630146e-06,1.1730673504001396e-06,0.0011147308187514286,0.017377537405487916,0.2021531100478469,0.23218390804597702,0,0,2,0,0
910,15,20,35,54,109,163,5,0.3329954178862993,0.353553299492385,6.300336695988177e-05,4.051969533850698e-06,1.9551223906619747e-06,0.0003198991033029897,0.019756515958491275,0.4571917808219178,0.4601449275362319,0,0,2,0,0
911,1,2,3,6,2,8,6,0.24527081855066138,0.2551607445008476,1.26409779301645e-07,3.781881599815461e-09,1.0498940575445924e-08,0.00021070446061302638,0.0003859365631482202,0.0,0.0,0,0,5,1,0
912,73,88,161,3223,3590,6813,4,0.3774437858556785,0.4136209813874778,0.005398064683097826,0.0006127795193650407,0.000714875953483745,0.005311013091670288,0.06358231397200803,0.3036759541091079,0.31869137497140243,0,0,1,3,0
913,13,12,25,116,132,248,5,0.29521379799669767,0.31309644670050746,9.762436067254681e-05,1.5728338693701447e-06,2.3469502653919064e-07,0.000814926360943485,0.0051925508943164115,0.45674740484429066,0.43956043956043955,0,0,4,5,0
914,2,0,2,2,0,2,0,0.28056180125190744,0.29291032148900237,0.0,-0.0,2.4081837127351038e-08,0.000201219403337885,0.0022072567101621187,1.0,1.0,0,128,2,0,0
915,108,126,234,2513,3705,6218,4,0.4078102406176074,0.4476311336717421,0.0086991902101404,9.813295469058752e-05,0.0002719463172551819,0.0056405998926725,0.10921472096311831,0.2611808444068171,0.27913669064748203,0,0,12,4,0
916,8,6,14,24,10,34,4,0.29987098324116795,0.3165651438240271,6.051378991287046e-05,8.015313728863459e-08,3.049353791371352e-07,0.00031074290138416883,0.005734442011817649,0.3465909090909091,0.38181818181818183,0,0,3,2,0
917,3,0,3,5,0,5,0,0.28606071895784557,0.29945854483925605,0.0,-0.0,1.6150240930629044e-07,0.00019432259499814743,0.004025597812221237,1.0,1.0,0,107,12,4,0
918,23,24,47,282,137,419,5,0.3092207789228853,0.33272419627749517,0.00027549249460977735,1.9424557297262404e-06,1.2256138997758291e-06,0.0008685263349900404,0.011889032583471399,0.4905926622765757,0.5024630541871922,0,0,9,8,0
919,13,7,20,36,107,143,5,0.3096405356363553,0.3291708967851094,0.00015520591829686466,2.271475368330021e-07,1.2615459883015714e-07,0.00037661947521506936,0.007244564292201668,0.3945945945945946,0.4857142857142857,0,0,7,8,0
920,70,64,134,699,320,1019,4,0.3820801696015328,0.41607445008460137,0.00210017296824422,7.57260601693797e-06,4.480255875581787e-05,0.0016627896369812497,0.07838236353135315,0.38034766903713735,0.41132189099668776,0,0,8,7,0
921,38,51,89,420,333,753,4,0.3313828492766805,0.36023688663282466,0.0011491697999363153,1.6881798008878267e-06,4.0239524421081475e-06,0.0015393212546998,0.018581292185425435,0.3525773195876289,0.4020319303338171,0,0,5,1,0
922,11,1,12,55,1,56,5,0.3200680934314056,0.33925549915397574,1.3680679975139832e-05,1.0381389228219308e-08,4.2386047260344803e-07,0.00033711765519402366,0.007147040302531592,0.27692307692307694,0.23636363636363636,0,0,2,0,0
923,119,117,236,1573,1703,3276,4,0.4164976164067834,0.45719120135363744,0.008594771144409383,6.73533110145779e-05,0.00011653622986834086,0.004873136604992406,0.11163356851425259,0.23896287182456394,0.2643371017471737,0,0,2,0,0
924,29,28,57,801,885,1686,5,0.33106220791308427,0.3565143824027065,0.0002956187023140068,2.893648752053275e-06,2.847134921170712e-06,0.0023047673215231246,0.01439256143902593,0.5754296626352642,0.6370967741935484,0,0,5,1,0
925,19,13,32,555,166,721,5,0.31813369770169464,0.33984771573604,0.0011026694302869672,5.8751040532643345e-06,6.798783298127678e-05,0.0008775759661983119,0.007907027246174361,0.39648033126293997,0.4678362573099415,0,0,10,6,0
926,28,36,64,316,501,817,5,0.35038688364380194,0.3743654822335017,0.002414008248404613,5.988124291875366e-06,3.85122611562329e-06,0.0014204305019578523,0.025861084497500283,0.32012042147516306,0.3170731707317073,0,0,6,9,0
927,44,53,97,574,1752,2326,4,0.3657432302278702,0.3938240270727573,0.0011067694150232405,3.919436540492263e-05,1.9569974965253335e-05,0.0010048458544594187,0.049484320052684896,0.36513086740211986,0.3740079365079365,0,0,4,5,0
928,6,7,13,10,15,25,5,0.27122694560299054,0.28489001692047483,3.210229294087435e-05,7.970601462927558e-08,2.721949146558343e-08,0.00023309768851347186,0.0017836479838152354,0.3194444444444444,0.3333333333333333,0,0,5,1,0
929,18,22,40,172,157,329,4,0.3159305557508519,0.33663282571911934,0.00014695983703865413,3.2960457532933743e-07,1.471817270394992e-06,0.0005970273126017403,0.00905507853816888,0.5724543080939948,0.6461538461538462,0,0,3,2,0
930,1,0,1,6,0,6,0,0.24403187622231012,0.2521319796954332,0.0,-0.0,4.683952951575295e-09,0.00025066072807813705,0.0004161236306744854,0.0,0.0,0,135,2,0,0
931,16,11,27,103,19,122,5,0.32309045503132444,0.34399323181049,6.238721483027556e-05,4.7152123215223236e-07,9.48454089382517e-07,0.0004890611359955863,0.012621958693526057,0.6505847953216374,0.6339869281045751,0,0,6,9,0
932,3,4,7,14,27,41,5,0.28323906612431504,0.2958206429780041,2.3013303987970678e-05,1.3188941891164158e-06,1.1577672280308367e-07,0.0003344038513838826,0.002599155766689358,0.6842105263157895,0.6,0,0,2,0,0
933,20,23,43,333,234,567,5,0.32081837025613935,0.34289340101522786,0.00037067570710269725,2.3066334822603303e-06,2.1691233582639295e-06,0.0013566103489907543,0.010228294132817069,0.4739524348810872,0.5573122529644269,0,0,6,9,0
934,11,19,30,94,165,259,4,0.3288349753754662,0.3478849407783408,0.0004900500703953647,7.966525349954299e-06,6.95485004011588e-07,0.00043925897534433133,0.00981757110071374,0.33962264150943394,0.38011695906432746,0,0,3,2,0
935,39,69,108,1517,1324,2841,4,0.36379882177370826,0.39035532994923766,0.002275799048075633,2.212589669139045e-05,8.232348981523284e-05,0.002243041593515524,0.03790577847641867,0.252350278551532,0.28285820066641987,0,0,2,0,0
936,37,38,75,342,517,859,4,0.36264206876329896,0.3887478849407775,0.002735103556567549,1.3480755745804309e-05,5.470914903553962e-06,0.0014354836651706202,0.023562734668480897,0.1712253829321663,0.18234610917537747,0,0,2,0,0
937,3,1,4,12,6,18,5,0.26709819818748837,0.27651438240270887,3.560908923299787e-07,2.0904741100160373e-08,4.620600864273717e-08,0.00024412433238047725,0.001063249797050952,0.5,0.6666666666666666,0,0,2,0,0
938,1,0,1,3,0,3,0,0.24403187622231012,0.2521319796954332,0.0,-0.0,2.3419764757876475e-09,0.0002189149521854338,0.0004161236306744854,0.0,0.0,0,136,2,0,0
939,35,32,67,167,116,283,5,0.34439133555930806,0.37148900169204624,0.0012016082673873467,2.9220751964148265e-06,7.145121248466745e-07,0.0010125706011951082,0.017112213606087858,0.36665141811527907,0.37282229965156793,0,0,7,0,1
940,23,46,69,181,278,459,4,0.35146665832375207,0.37402707275803654,0.00035585354885382973,1.6032038184873857e-05,1.2306821630602268e-05,0.0005558263892318159,0.03335422565310754,0.5371404036066981,0.555052790346908,0,0,2,0,0
941,4,0,4,4,0,4,0,0.31816957516739963,0.3341793570219962,0.0,-0.0,1.7331069251827657e-07,0.0001972840044427445,0.005878836860331486,0.5,0.6666666666666666,0,111,2,0,0
942,12,13,25,312,452,764,5,0.3188749225332457,0.3389170896785103,9.189394049249264e-05,2.1171655386892425e-05,7.02843367607629e-06,0.0007129901632289663,0.008844612072991007,0.3888888888888889,0.38461538461538464,0,0,2,0,0
943,19,19,38,95,80,175,5,0.28149139603305023,0.3019796954314725,0.0002277091540714537,1.230530353475746e-06,1.133998756373301e-07,0.0006395660577811234,0.004689971161278532,0.47238372093023256,0.466403162055336,0,0,7,1,1
944,6,6,12,45,45,90,4,0.32248142495586485,0.3399323181049062,2.6887925984447673e-06,1.676366593329708e-05,6.433694339666174e-06,0.0002852319085990081,0.010180531971128783,0.4596774193548387,0.5714285714285714,0,0,1,3,0
945,16,0,16,63,0,63,0,0.3122319545111123,0.33226734348561676,0.0,-0.0,3.937537822525372e-07,0.00031131525694484674,0.009272572416839335,0.5666666666666667,0.6166666666666667,0,99,5,1,0
946,43,54,97,524,514,1038,4,0.3538291539588134,0.3832487309644661,0.00277415528369898,3.696273100896574e-05,3.507911785221856e-05,0.001314825917920947,0.03638230238201386,0.29064732626109546,0.29774011299435027,0,0,1,3,0
947,19,25,44,3042,2243,5285,4,0.32994483305513267,0.3521996615905239,0.0006147363803237274,5.058050841317524e-05,0.9492978385089563,0.0035379502191346447,0.013786007926227216,0.2719017094017094,0.28520499108734404,0,0,11,12,0
948,81,112,193,886,1472,2358,4,0.3818669552211748,0.4197123519458538,0.004649408880842202,0.0005123848680509117,0.00021204448862591012,0.0016338228500375543,0.07597797881764476,0.2785574943101767,0.2767412049565589,0,0,1,3,0
949,21,22,43,616,750,1366,5,0.31754319431848965,0.3401861252115053,9.120446033181843e-05,0.0001583085020284085,0.0001268079928648509,0.001067605872110662,0.016158737371138054,0.603954802259887,0.62,0,0,1,3,0
950,30,35,65,644,395,1039,5,0.3160764821045474,0.34225042301184344,0.0006603134312073201,9.536053868562269e-07,3.851981771674016e-06,0.002335736169816784,0.009507399403687835,0.3803606237816764,0.4219219219219219,0,0,7,1,1
951,153,201,354,1029,1372,2401,4,0.43119444471099255,0.4779187817258878,0.038891700406489066,4.433935720213802e-05,0.0006875068840896134,0.004107382100912849,0.09944303261496097,0.10422180517459859,0.12058570198105081,0,0,2,0,0
952,31,35,66,574,520,1094,4,0.35056638512107846,0.37622673434856085,0.0006189651938280543,1.1058648576004179e-05,1.2712604719837955e-05,0.0012985334276069231,0.0231825804088311,0.43319169027384324,0.48582995951417,0,0,12,4,0
953,38,27,65,493,150,643,4,0.34877960436103217,0.37698815566835764,0.0004792346286181951,3.5826443205813167e-06,1.1220327874802759e-05,0.0011229049818867703,0.027796881087493442,0.3999028182701652,0.4440753045404208,0,0,12,4,0
954,23,18,41,374,69,443,4,0.31917238048336993,0.342724196277495,0.00014733884678692864,5.41850721213113e-07,2.0428507273344603e-06,0.0008257165195781716,0.015713105596391816,0.5830235439900867,0.5793650793650794,0,0,8,4,0
955,24,28,52,648,958,1606,4,0.320367782657465,0.3447038917089671,0.0006268756644778346,0.0002520617450739732,9.656625248029242e-05,0.0014898673396479736,0.010415266086832242,0.33077513430544897,0.3694581280788177,0,0,10,6,0
956,32,30,62,551,509,1060,5,0.3438721526413795,0.3698815566835863,0.001262118422244712,3.4633002838405394e-06,2.6849819926984393e-06,0.0017041640618763864,0.019615201087670266,0.4073875802997859,0.3940620782726046,0,0,9,8,0
957,27,14,41,270,48,318,4,0.32632598176268246,0.3519458544839246,0.00021819359660845146,1.6580434304019165e-06,1.3290443716439695e-06,0.0007245582291358664,0.016375999653909352,0.5142679900744417,0.5698005698005698,0,0,8,4,0
958,1,0,1,55,0,55,0,0.18676112280449597,0.1920908871162668,0.0,-0.0,1.8593276145383301e-10,0.0002454122460359383,8.47514947509272e-06,0.0,0.0,0,116,5,11,0
960,0,1,1,0,3,3,6,0.0,0.0,0.0,5.517393671187135e-10,-0.0,0.00018716917629273057,2.4109404053634617e-34,0.0,0.0,0,183,2,0,0
961,1,1,2,1,2,3,5,0.2773836983203669,0.2885279187817266,0.0,3.965631709889554e-08,1.8699820746270296e-08,0.0001907818516593296,0.0012989159788447235,0.0,0.0,0,0,1,3,0
962,45,9,54,88,36,124,4,0.37682025537243674,0.4033840947546525,0.0003943732047525633,3.078958387185051e-06,1.4083599971335333e-05,0.00048206481926193177,0.033516044010640324,0.17721518987341772,0.19494949494949496,0,0,2,0,0
963,23,35,58,443,818,1261,4,0.34249528716533795,0.3659052453468689,0.0003744903209903146,2.9352770117351325e-06,4.191119993432666e-06,0.0006874701800572169,0.02823907819745271,0.33384239462431275,0.38443670150987225,0,0,12,4,0
964,3,3,6,4,4,8,5,0.2625884818711992,0.27360406091370715,0.0,1.098434036111558e-08,3.802567574929914e-09,0.00021346094930147663,0.001580262156768725,1.0,1.0,0,0,8,4,0
965,2,1,3,4,4,8,5,0.2694116471481674,0.2799153976311349,0.0,1.1023109925234692e-06,1.902776315285615e-05,0.00020097326864843544,0.0017385554640717122,1.0,1.0,0,0,2,0,0
966,15,20,35,225,316,541,5,0.30305827447136635,0.32248730964466965,0.0011599961149691821,2.1400689757106353e-05,2.2743344248427082e-05,0.0007195769818426966,0.008340493519882827,0.3657487091222031,0.40476190476190477,0,0,6,9,0
967,1,0,1,1,0,1,0,0.25974009998520015,0.2696785109983096,0.0,-0.0,2.996166624434289e-09,0.00018857064285602814,0.0008683846600305219,0.0,0.0,0,100,5,1,0
968,2,0,2,2,0,2,0,0.2637345651906627,0.2738240270727594,0.0,-0.0,1.2822240070708728e-08,0.00019155415407315124,0.0014014372852318776,1.0,1.0,0,103,4,5,0
969,27,31,58,164,89,253,4,0.35456247863023066,0.37808798646362,0.0006123394745918284,9.00532742825255e-07,2.392933976150073e-06,0.0004805593856485416,0.0228504276908359,0.2941896024464832,0.30256410256410254,0,0,5,1,0
970,3,0,3,4,0,4,0,0.2946622010570935,0.3089001692047379,0.0,-0.0,5.992262660851577e-08,0.00019599317312295623,0.0032190898249861303,0.8333333333333334,1.0,0,127,2,0,0
971,24,25,49,399,167,566,4,0.33042278307887263,0.35448392554991465,0.00013767863556606255,7.040189904414696e-06,9.073128707960037e-06,0.0008743912651517797,0.016031534942376052,0.5630397236614854,0.589247311827957,0,0,12,4,0
972,12,3,15,109,5,114,5,0.28910248574412556,0.305769881556684,0.001047310224889354,1.0673647042132031e-08,9.490587273658074e-07,0.0007931846227175622,0.004570877229252519,0.4854368932038835,0.5641025641025641,0,0,6,9,0
973,1,0,1,1,0,1,0,0.27538081254954383,0.2860406091370569,0.0,-0.0,2.2682785795800076e-08,0.00018850676224641325,0.0015388408075502876,0.0,0.0,0,156,2,0,0
974,17,21,38,96,72,168,5,0.30950049016569203,0.3297292724196271,4.8433506177828624e-05,1.0679520084871524e-05,0.0001132504070698282,0.0003764024704043087,0.012262678884536533,0.7129360465116279,0.7233201581027668,0,0,1,3,0
975,7,0,7,52,0,52,0,0.2809064717694159,0.29514382402707323,0.0,-0.0,9.824291016191125e-08,0.0003068225641615534,0.0034775850615451076,0.21428571428571427,0.3333333333333333,0,98,2,0,0
976,27,14,41,529,91,620,5,0.3450860230743042,0.3696277495769869,0.00022015403422519263,1.090735917394331e-06,5.266821885431461e-06,0.0013603539734443088,0.016488389516661685,0.4246913580246914,0.46881720430107526,0,0,3,2,0
977,76,78,154,1353,3100,4453,4,0.38144123955203185,0.4175972927241954,0.007867779924795681,4.9087317360542745e-05,4.669271760504283e-06,0.0037338918728540083,0.03911828948795835,0.1481734380334585,0.17288049029622063,0,0,5,1,0
978,67,63,130,821,2970,3791,4,0.3766128694311201,0.4106598984771564,0.003072219100376846,1.3742785493232129e-05,1.4375049368597498e-05,0.003229582339928311,0.06190809464228885,0.3158147348212143,0.3427458617332035,0,0,8,4,0
979,18,8,26,121,27,148,5,0.3217233586066503,0.343485617597292,0.0001015576491994258,3.3953504879155384e-07,7.156477381419912e-07,0.0004537441299476343,0.009554105568716298,0.6065830721003135,0.7315789473684211,0,0,5,1,0
980,39,39,78,335,327,662,4,0.36535268753675665,0.39153976311336625,0.0009641160661975786,4.9996427337987295e-06,6.586845040974352e-06,0.001054646682539146,0.036909052318803356,0.3093319906008728,0.350104821802935,0,0,5,5,0
981,2,2,4,3,5,8,5,0.2694116471481674,0.2797123519458556,0.0,1.4124758267716405e-07,1.561708075542169e-08,0.00020145449146761262,0.0017148168753809386,1.0,1.0,0,0,2,0,0
982,1,0,1,1,0,1,0,0.26292587353810415,0.27417935702199797,0.0,-0.0,6.396121081235464e-09,0.00018937102370794126,0.0008163288172340953,0.0,0.0,0,153,5,1,0
983,8,15,23,14,25,39,4,0.32462314219940475,0.34272419627749534,1.7514765108173044e-05,9.930842688741208e-07,5.578215783832562e-07,0.000217729547958161,0.012901517529157363,0.45564516129032256,0.49019607843137253,0,0,2,0,0
984,38,39,77,802,693,1495,4,0.3478930268207144,0.37588832487309554,0.0008971290707404157,0.0001332083569394555,0.0011011108539961466,0.0014402859181585832,0.03109498508703738,0.5414794331144142,0.5539112050739958,0,0,1,3,0
985,4,2,6,82,4,86,5,0.2699430310675918,0.2825380710659908,0.0,2.0043606386856677e-08,1.5213036349435436e-07,0.00033834356201885556,0.0018852209247531115,0.9615384615384616,1.0,0,0,5,5,0
986,1,0,1,7,0,7,0,0.22483566177021097,0.2318950930626065,0.0,-0.0,5.037259855087549e-08,0.00019650668027638738,0.0001148016452631691,0.0,0.0,0,159,1,3,0
987,60,105,165,789,9782,10571,4,0.3686991291790653,0.401776649746192,0.004993722558230004,0.000739442721893515,2.5104240871509305e-05,0.0025860204424158805,0.047919406249723115,0.24287516698827372,0.28593272171253825,0,0,10,6,0
988,25,36,61,327,290,617,4,0.33527956088012995,0.35956006768189425,0.0012093844467334386,6.054527576532602e-06,3.413708276312397e-06,0.0008825075982796687,0.020165570639453213,0.37050359712230213,0.38549075391180654,0,0,8,4,0
989,1,0,1,2,0,2,0,0.2368693384188238,0.24568527918781843,0.0,-0.0,2.407958082399039e-09,0.00019158975238041634,0.0003055856407871299,0.0,0.0,0,125,8,4,0
990,41,44,85,714,434,1148,4,0.3312224509953268,0.36204737732656367,0.0038736261684538557,6.289326414310046e-06,1.1546287658292666e-05,0.0015737084166952667,0.02591660191328728,0.3401639344262295,0.3991291727140784,0,0,12,4,0
991,18,34,52,398,668,1066,4,0.3364334236756859,0.3577834179357013,0.0013261258203766313,3.6500513010022076e-05,1.9062033684301853e-05,0.0008983703790086582,0.01654498384097601,0.33129770992366414,0.4031746031746032,0,0,3,2,0
992,4,3,7,32,15,47,5,0.2803382153856392,0.2923011844331648,7.458104048074015e-07,5.135686904315e-07,1.2692610308305924e-06,0.00022974182318548147,0.003149322049011288,0.5555555555555556,0.6666666666666666,0,0,2,0,0
993,25,14,39,97,27,124,5,0.35092594038786934,0.3741962774957689,6.872439379884203e-05,1.0512842948731762e-06,2.8478510841306158e-06,0.00046400771244705134,0.030373807185614988,0.5027434842249657,0.5584045584045584,0,0,2,0,0
994,54,43,97,871,331,1202,4,0.3675110546489502,0.39847715736040507,0.0013832890176388433,0.00010709198934422647,9.969448227776836e-05,0.0019944849125421607,0.04604088247602155,0.28614718614718615,0.33060109289617484,0,0,10,6,0
995,26,23,49,134,110,244,5,0.34078963334479345,0.365228426395938,0.00017832423697956493,3.877101254082768e-06,3.017801783486746e-06,0.0005193607145896923,0.023735772336138328,0.309051724137931,0.3465909090909091,0,0,2,0,0
996,44,33,77,1924,1211,3135,4,0.36283434981778645,0.391201353637901,0.0017718027236180757,5.338782203784077e-05,1.2152842778590157e-05,0.003794996519338376,0.028048601732331226,0.31098825155494125,0.3838383838383838,0,0,5,1,0
997,37,42,79,185,126,311,4,0.3669198840516596,0.3923011844331631,0.001611841761017069,4.343294701556941e-06,6.95584798170519e-06,0.0008372725581205006,0.04325111216172065,0.36869679109364767,0.3717948717948718,0,0,2,0,0
998,1,1,2,1,1,2,5,0.2773836983203669,0.2885279187817266,0.0,1.982815854944777e-08,1.8699820746270296e-08,0.0001907818516593296,0.0012989159788447235,0.0,0.0,0,0,1,3,0
999,6,1,7,12,1,13,5,0.28056809502105173,0.29450084602368953,3.7642002245435134e-06,9.696894907034253e-10,3.812534099483864e-08,0.00031126206291061484,0.0030728058044416522,0.4523809523809524,0.5238095238095238,0,0,3,2,0
1000,14,15,29,114,152,266,5,0.2858419313936279,0.30395939086294427,0.00012985198850559642,8.940753779018076e-07,6.582953623653421e-07,0.0005311703426776581,0.004456749797532805,0.6348600508905853,0.6833333333333333,0,0,9,8,0
1001,54,62,116,1214,1017,2231,5,0.3649629780033841,0.3967851099830786,0.004928119257499172,4.652496337850558e-06,9.60277161690375e-06,0.0030379937663404244,0.02682176551557021,0.23939302430922543,0.27408354646206307,0,0,5,1,0
1002,5,3,8,44,29,73,6,0.3107654785451159,0.3271573604060911,2.8877097223406695e-05,2.3765175809292098e-07,1.9764511175494112e-07,0.0003452626022526843,0.004921667670825655,0.1111111111111111,0.19047619047619047,0,0,9,8,0
1003,22,10,32,93,33,126,4,0.34129954302062104,0.36421319796954243,0.0001822771394366583,6.482821221300618e-07,1.972736173260041e-06,0.00038241532789942055,0.02108692185884506,0.3593429158110883,0.4268774703557312,0,0,12,5,0
1004,48,57,105,764,416,1180,5,0.3473632404854544,0.37876480541455043,0.006233190758345402,4.726814008244187e-06,8.25462121968468e-06,0.0019193679072664633,0.02379570739777774,0.19346501753738232,0.21205711263881544,0,0,5,1,0
